dataset,representation,classifier,true_class,predicted_class,count,row_proportion
TNBC_Breast_Cancer,scgpt_embeddings,logreg,T cell,T cell,250869,0.9864886651855056
TNBC_Breast_Cancer,scgpt_embeddings,logreg,T cell,abnormal cell,20,7.864572068972298e-05
TNBC_Breast_Cancer,scgpt_embeddings,logreg,T cell,endothelial cell,3,1.1796858103458446e-05
TNBC_Breast_Cancer,scgpt_embeddings,logreg,T cell,fibroblast,13,5.111971844831993e-05
TNBC_Breast_Cancer,scgpt_embeddings,logreg,T cell,lymphocyte of B lineage,2882,0.01133284835138908
TNBC_Breast_Cancer,scgpt_embeddings,logreg,T cell,myeloid leukocyte,516,0.0020290595937948524
TNBC_Breast_Cancer,scgpt_embeddings,logreg,T cell,perivascular cell,2,7.864572068972296e-06
TNBC_Breast_Cancer,scgpt_embeddings,logreg,abnormal cell,T cell,100,0.0020294266869609334
TNBC_Breast_Cancer,scgpt_embeddings,logreg,abnormal cell,abnormal cell,49157,0.9976052765093861
TNBC_Breast_Cancer,scgpt_embeddings,logreg,abnormal cell,endothelial cell,0,0.0
TNBC_Breast_Cancer,scgpt_embeddings,logreg,abnormal cell,fibroblast,2,4.058853373921867e-05
TNBC_Breast_Cancer,scgpt_embeddings,logreg,abnormal cell,lymphocyte of B lineage,3,6.0882800608828e-05
TNBC_Breast_Cancer,scgpt_embeddings,logreg,abnormal cell,myeloid leukocyte,13,0.00026382546930492134
TNBC_Breast_Cancer,scgpt_embeddings,logreg,abnormal cell,perivascular cell,0,0.0
TNBC_Breast_Cancer,scgpt_embeddings,logreg,endothelial cell,T cell,8,0.0013497553568415724
TNBC_Breast_Cancer,scgpt_embeddings,logreg,endothelial cell,abnormal cell,0,0.0
TNBC_Breast_Cancer,scgpt_embeddings,logreg,endothelial cell,endothelial cell,5915,0.9979753669647377
TNBC_Breast_Cancer,scgpt_embeddings,logreg,endothelial cell,fibroblast,0,0.0
TNBC_Breast_Cancer,scgpt_embeddings,logreg,endothelial cell,lymphocyte of B lineage,3,0.0005061582588155897
TNBC_Breast_Cancer,scgpt_embeddings,logreg,endothelial cell,myeloid leukocyte,0,0.0
TNBC_Breast_Cancer,scgpt_embeddings,logreg,endothelial cell,perivascular cell,1,0.00016871941960519654
TNBC_Breast_Cancer,scgpt_embeddings,logreg,fibroblast,T cell,68,0.004794810322944577
TNBC_Breast_Cancer,scgpt_embeddings,logreg,fibroblast,abnormal cell,3,0.00021153574954167254
TNBC_Breast_Cancer,scgpt_embeddings,logreg,fibroblast,endothelial cell,0,0.0
TNBC_Breast_Cancer,scgpt_embeddings,logreg,fibroblast,fibroblast,14098,0.9940769990128332
TNBC_Breast_Cancer,scgpt_embeddings,logreg,fibroblast,lymphocyte of B lineage,3,0.00021153574954167254
TNBC_Breast_Cancer,scgpt_embeddings,logreg,fibroblast,myeloid leukocyte,0,0.0
TNBC_Breast_Cancer,scgpt_embeddings,logreg,fibroblast,perivascular cell,10,0.0007051191651389084
TNBC_Breast_Cancer,scgpt_embeddings,logreg,lymphocyte of B lineage,T cell,3833,0.07371437362975498
TNBC_Breast_Cancer,scgpt_embeddings,logreg,lymphocyte of B lineage,abnormal cell,11,0.00021154659794607485
TNBC_Breast_Cancer,scgpt_embeddings,logreg,lymphocyte of B lineage,endothelial cell,2,3.8463017808377244e-05
TNBC_Breast_Cancer,scgpt_embeddings,logreg,lymphocyte of B lineage,fibroblast,2,3.8463017808377244e-05
TNBC_Breast_Cancer,scgpt_embeddings,logreg,lymphocyte of B lineage,lymphocyte of B lineage,47988,0.9228816492942036
TNBC_Breast_Cancer,scgpt_embeddings,logreg,lymphocyte of B lineage,myeloid leukocyte,161,0.003096272933574368
TNBC_Breast_Cancer,scgpt_embeddings,logreg,lymphocyte of B lineage,perivascular cell,1,1.9231508904188622e-05
TNBC_Breast_Cancer,scgpt_embeddings,logreg,myeloid leukocyte,T cell,1059,0.021617980280482577
TNBC_Breast_Cancer,scgpt_embeddings,logreg,myeloid leukocyte,abnormal cell,11,0.00022454937024108437
TNBC_Breast_Cancer,scgpt_embeddings,logreg,myeloid leukocyte,endothelial cell,3,6.124073733847755e-05
TNBC_Breast_Cancer,scgpt_embeddings,logreg,myeloid leukocyte,fibroblast,5,0.00010206789556412925
TNBC_Breast_Cancer,scgpt_embeddings,logreg,myeloid leukocyte,lymphocyte of B lineage,376,0.00767550574642252
TNBC_Breast_Cancer,scgpt_embeddings,logreg,myeloid leukocyte,myeloid leukocyte,47532,0.9702982423908384
TNBC_Breast_Cancer,scgpt_embeddings,logreg,myeloid leukocyte,perivascular cell,1,2.0413579112825852e-05
TNBC_Breast_Cancer,scgpt_embeddings,logreg,perivascular cell,T cell,0,0.0
TNBC_Breast_Cancer,scgpt_embeddings,logreg,perivascular cell,abnormal cell,0,0.0
TNBC_Breast_Cancer,scgpt_embeddings,logreg,perivascular cell,endothelial cell,0,0.0
TNBC_Breast_Cancer,scgpt_embeddings,logreg,perivascular cell,fibroblast,13,0.00414144632048423
TNBC_Breast_Cancer,scgpt_embeddings,logreg,perivascular cell,lymphocyte of B lineage,0,0.0
TNBC_Breast_Cancer,scgpt_embeddings,logreg,perivascular cell,myeloid leukocyte,0,0.0
TNBC_Breast_Cancer,scgpt_embeddings,logreg,perivascular cell,perivascular cell,3126,0.9958585536795158
TNBC_Breast_Cancer,scgpt_embeddings,random_forest,T cell,T cell,251738,0.9899058217494741
TNBC_Breast_Cancer,scgpt_embeddings,random_forest,T cell,abnormal cell,28,0.00011010400896561216
TNBC_Breast_Cancer,scgpt_embeddings,random_forest,T cell,endothelial cell,0,0.0
TNBC_Breast_Cancer,scgpt_embeddings,random_forest,T cell,fibroblast,3,1.1796858103458446e-05
TNBC_Breast_Cancer,scgpt_embeddings,random_forest,T cell,lymphocyte of B lineage,2291,0.009008867305007766
TNBC_Breast_Cancer,scgpt_embeddings,random_forest,T cell,myeloid leukocyte,243,0.0009555455063801341
TNBC_Breast_Cancer,scgpt_embeddings,random_forest,T cell,perivascular cell,2,7.864572068972296e-06
TNBC_Breast_Cancer,scgpt_embeddings,random_forest,abnormal cell,T cell,422,0.00856418061897514
TNBC_Breast_Cancer,scgpt_embeddings,random_forest,abnormal cell,abnormal cell,48850,0.991374936580416
TNBC_Breast_Cancer,scgpt_embeddings,random_forest,abnormal cell,endothelial cell,0,0.0
TNBC_Breast_Cancer,scgpt_embeddings,random_forest,abnormal cell,fibroblast,1,2.0294266869609337e-05
TNBC_Breast_Cancer,scgpt_embeddings,random_forest,abnormal cell,lymphocyte of B lineage,0,0.0
TNBC_Breast_Cancer,scgpt_embeddings,random_forest,abnormal cell,myeloid leukocyte,2,4.058853373921867e-05
TNBC_Breast_Cancer,scgpt_embeddings,random_forest,abnormal cell,perivascular cell,0,0.0
TNBC_Breast_Cancer,scgpt_embeddings,random_forest,endothelial cell,T cell,145,0.0244643158427535
TNBC_Breast_Cancer,scgpt_embeddings,random_forest,endothelial cell,abnormal cell,1,0.00016871941960519654
TNBC_Breast_Cancer,scgpt_embeddings,random_forest,endothelial cell,endothelial cell,5780,0.9751982453180361
TNBC_Breast_Cancer,scgpt_embeddings,random_forest,endothelial cell,fibroblast,0,0.0
TNBC_Breast_Cancer,scgpt_embeddings,random_forest,endothelial cell,lymphocyte of B lineage,0,0.0
TNBC_Breast_Cancer,scgpt_embeddings,random_forest,endothelial cell,myeloid leukocyte,1,0.00016871941960519654
TNBC_Breast_Cancer,scgpt_embeddings,random_forest,endothelial cell,perivascular cell,0,0.0
TNBC_Breast_Cancer,scgpt_embeddings,random_forest,fibroblast,T cell,250,0.017627979128472714
TNBC_Breast_Cancer,scgpt_embeddings,random_forest,fibroblast,abnormal cell,8,0.0005640953321111268
TNBC_Breast_Cancer,scgpt_embeddings,random_forest,fibroblast,endothelial cell,0,0.0
TNBC_Breast_Cancer,scgpt_embeddings,random_forest,fibroblast,fibroblast,13918,0.9813848540403328
TNBC_Breast_Cancer,scgpt_embeddings,random_forest,fibroblast,lymphocyte of B lineage,2,0.0001410238330277817
TNBC_Breast_Cancer,scgpt_embeddings,random_forest,fibroblast,myeloid leukocyte,1,7.051191651389085e-05
TNBC_Breast_Cancer,scgpt_embeddings,random_forest,fibroblast,perivascular cell,3,0.00021153574954167254
TNBC_Breast_Cancer,scgpt_embeddings,random_forest,lymphocyte of B lineage,T cell,8259,0.15883303203969384
TNBC_Breast_Cancer,scgpt_embeddings,random_forest,lymphocyte of B lineage,abnormal cell,6,0.00011538905342513174
TNBC_Breast_Cancer,scgpt_embeddings,random_forest,lymphocyte of B lineage,endothelial cell,0,0.0
TNBC_Breast_Cancer,scgpt_embeddings,random_forest,lymphocyte of B lineage,fibroblast,0,0.0
TNBC_Breast_Cancer,scgpt_embeddings,random_forest,lymphocyte of B lineage,lymphocyte of B lineage,43634,0.8391476595253664
TNBC_Breast_Cancer,scgpt_embeddings,random_forest,lymphocyte of B lineage,myeloid leukocyte,99,0.0019039193815146736
TNBC_Breast_Cancer,scgpt_embeddings,random_forest,lymphocyte of B lineage,perivascular cell,0,0.0
TNBC_Breast_Cancer,scgpt_embeddings,random_forest,myeloid leukocyte,T cell,2975,0.06073039786065691
TNBC_Breast_Cancer,scgpt_embeddings,random_forest,myeloid leukocyte,abnormal cell,13,0.0002653765284667361
TNBC_Breast_Cancer,scgpt_embeddings,random_forest,myeloid leukocyte,endothelial cell,0,0.0
TNBC_Breast_Cancer,scgpt_embeddings,random_forest,myeloid leukocyte,fibroblast,1,2.0413579112825852e-05
TNBC_Breast_Cancer,scgpt_embeddings,random_forest,myeloid leukocyte,lymphocyte of B lineage,358,0.007308061322391655
TNBC_Breast_Cancer,scgpt_embeddings,random_forest,myeloid leukocyte,myeloid leukocyte,45640,0.9316757507093719
TNBC_Breast_Cancer,scgpt_embeddings,random_forest,myeloid leukocyte,perivascular cell,0,0.0
TNBC_Breast_Cancer,scgpt_embeddings,random_forest,perivascular cell,T cell,78,0.024848677922905384
TNBC_Breast_Cancer,scgpt_embeddings,random_forest,perivascular cell,abnormal cell,0,0.0
TNBC_Breast_Cancer,scgpt_embeddings,random_forest,perivascular cell,endothelial cell,0,0.0
TNBC_Breast_Cancer,scgpt_embeddings,random_forest,perivascular cell,fibroblast,32,0.010194329404268876
TNBC_Breast_Cancer,scgpt_embeddings,random_forest,perivascular cell,lymphocyte of B lineage,0,0.0
TNBC_Breast_Cancer,scgpt_embeddings,random_forest,perivascular cell,myeloid leukocyte,0,0.0
TNBC_Breast_Cancer,scgpt_embeddings,random_forest,perivascular cell,perivascular cell,3029,0.9649569926728258
TNBC_Breast_Cancer,scgpt_embeddings,xgboost,T cell,T cell,250929,0.9867246023475748
TNBC_Breast_Cancer,scgpt_embeddings,xgboost,T cell,abnormal cell,37,0.00014549458327598749
TNBC_Breast_Cancer,scgpt_embeddings,xgboost,T cell,endothelial cell,3,1.1796858103458446e-05
TNBC_Breast_Cancer,scgpt_embeddings,xgboost,T cell,fibroblast,22,8.651029275869527e-05
TNBC_Breast_Cancer,scgpt_embeddings,xgboost,T cell,lymphocyte of B lineage,2883,0.011336780637423566
TNBC_Breast_Cancer,scgpt_embeddings,xgboost,T cell,myeloid leukocyte,428,0.0016830184227600716
TNBC_Breast_Cancer,scgpt_embeddings,xgboost,T cell,perivascular cell,3,1.1796858103458446e-05
TNBC_Breast_Cancer,scgpt_embeddings,xgboost,abnormal cell,T cell,172,0.0034906139015728056
TNBC_Breast_Cancer,scgpt_embeddings,xgboost,abnormal cell,abnormal cell,49092,0.9962861491628615
TNBC_Breast_Cancer,scgpt_embeddings,xgboost,abnormal cell,endothelial cell,0,0.0
TNBC_Breast_Cancer,scgpt_embeddings,xgboost,abnormal cell,fibroblast,1,2.0294266869609337e-05
TNBC_Breast_Cancer,scgpt_embeddings,xgboost,abnormal cell,lymphocyte of B lineage,1,2.0294266869609337e-05
TNBC_Breast_Cancer,scgpt_embeddings,xgboost,abnormal cell,myeloid leukocyte,9,0.00018264840182648402
TNBC_Breast_Cancer,scgpt_embeddings,xgboost,abnormal cell,perivascular cell,0,0.0
TNBC_Breast_Cancer,scgpt_embeddings,xgboost,endothelial cell,T cell,36,0.006073899105787076
TNBC_Breast_Cancer,scgpt_embeddings,xgboost,endothelial cell,abnormal cell,1,0.00016871941960519654
TNBC_Breast_Cancer,scgpt_embeddings,xgboost,endothelial cell,endothelial cell,5886,0.9930825037961869
TNBC_Breast_Cancer,scgpt_embeddings,xgboost,endothelial cell,fibroblast,0,0.0
TNBC_Breast_Cancer,scgpt_embeddings,xgboost,endothelial cell,lymphocyte of B lineage,1,0.00016871941960519654
TNBC_Breast_Cancer,scgpt_embeddings,xgboost,endothelial cell,myeloid leukocyte,2,0.0003374388392103931
TNBC_Breast_Cancer,scgpt_embeddings,xgboost,endothelial cell,perivascular cell,1,0.00016871941960519654
TNBC_Breast_Cancer,scgpt_embeddings,xgboost,fibroblast,T cell,132,0.009307572979833591
TNBC_Breast_Cancer,scgpt_embeddings,xgboost,fibroblast,abnormal cell,6,0.0004230714990833451
TNBC_Breast_Cancer,scgpt_embeddings,xgboost,fibroblast,endothelial cell,1,7.051191651389085e-05
TNBC_Breast_Cancer,scgpt_embeddings,xgboost,fibroblast,fibroblast,14028,0.9891411648568608
TNBC_Breast_Cancer,scgpt_embeddings,xgboost,fibroblast,lymphocyte of B lineage,2,0.0001410238330277817
TNBC_Breast_Cancer,scgpt_embeddings,xgboost,fibroblast,myeloid leukocyte,8,0.0005640953321111268
TNBC_Breast_Cancer,scgpt_embeddings,xgboost,fibroblast,perivascular cell,5,0.0003525595825694542
TNBC_Breast_Cancer,scgpt_embeddings,xgboost,lymphocyte of B lineage,T cell,5146,0.09896534482095465
TNBC_Breast_Cancer,scgpt_embeddings,xgboost,lymphocyte of B lineage,abnormal cell,6,0.00011538905342513174
TNBC_Breast_Cancer,scgpt_embeddings,xgboost,lymphocyte of B lineage,endothelial cell,0,0.0
TNBC_Breast_Cancer,scgpt_embeddings,xgboost,lymphocyte of B lineage,fibroblast,1,1.9231508904188622e-05
TNBC_Breast_Cancer,scgpt_embeddings,xgboost,lymphocyte of B lineage,lymphocyte of B lineage,46712,0.898342243932459
TNBC_Breast_Cancer,scgpt_embeddings,xgboost,lymphocyte of B lineage,myeloid leukocyte,133,0.0025577906842570866
TNBC_Breast_Cancer,scgpt_embeddings,xgboost,lymphocyte of B lineage,perivascular cell,0,0.0
TNBC_Breast_Cancer,scgpt_embeddings,xgboost,myeloid leukocyte,T cell,1614,0.03294751668810093
TNBC_Breast_Cancer,scgpt_embeddings,xgboost,myeloid leukocyte,abnormal cell,11,0.00022454937024108437
TNBC_Breast_Cancer,scgpt_embeddings,xgboost,myeloid leukocyte,endothelial cell,1,2.0413579112825852e-05
TNBC_Breast_Cancer,scgpt_embeddings,xgboost,myeloid leukocyte,fibroblast,4,8.165431645130341e-05
TNBC_Breast_Cancer,scgpt_embeddings,xgboost,myeloid leukocyte,lymphocyte of B lineage,410,0.0083695674362586
TNBC_Breast_Cancer,scgpt_embeddings,xgboost,myeloid leukocyte,myeloid leukocyte,46945,0.9583154714516096
TNBC_Breast_Cancer,scgpt_embeddings,xgboost,myeloid leukocyte,perivascular cell,2,4.0827158225651704e-05
TNBC_Breast_Cancer,scgpt_embeddings,xgboost,perivascular cell,T cell,13,0.00414144632048423
TNBC_Breast_Cancer,scgpt_embeddings,xgboost,perivascular cell,abnormal cell,2,0.0006371455877668047
TNBC_Breast_Cancer,scgpt_embeddings,xgboost,perivascular cell,endothelial cell,0,0.0
TNBC_Breast_Cancer,scgpt_embeddings,xgboost,perivascular cell,fibroblast,27,0.008601465434851864
TNBC_Breast_Cancer,scgpt_embeddings,xgboost,perivascular cell,lymphocyte of B lineage,0,0.0
TNBC_Breast_Cancer,scgpt_embeddings,xgboost,perivascular cell,myeloid leukocyte,4,0.0012742911755336094
TNBC_Breast_Cancer,scgpt_embeddings,xgboost,perivascular cell,perivascular cell,3093,0.9853456514813634
TNBC_Breast_Cancer,matched_expression,logreg,T cell,T cell,252317,0.9921826153634415
TNBC_Breast_Cancer,matched_expression,logreg,T cell,abnormal cell,9,3.539057431037534e-05
TNBC_Breast_Cancer,matched_expression,logreg,T cell,endothelial cell,1,3.932286034486148e-06
TNBC_Breast_Cancer,matched_expression,logreg,T cell,fibroblast,2,7.864572068972296e-06
TNBC_Breast_Cancer,matched_expression,logreg,T cell,lymphocyte of B lineage,1661,0.006531527103281492
TNBC_Breast_Cancer,matched_expression,logreg,T cell,myeloid leukocyte,315,0.0012386701008631367
TNBC_Breast_Cancer,matched_expression,logreg,T cell,perivascular cell,0,0.0
TNBC_Breast_Cancer,matched_expression,logreg,abnormal cell,T cell,118,0.0023947234906139016
TNBC_Breast_Cancer,matched_expression,logreg,abnormal cell,abnormal cell,49143,0.9973211567732115
TNBC_Breast_Cancer,matched_expression,logreg,abnormal cell,endothelial cell,0,0.0
TNBC_Breast_Cancer,matched_expression,logreg,abnormal cell,fibroblast,0,0.0
TNBC_Breast_Cancer,matched_expression,logreg,abnormal cell,lymphocyte of B lineage,3,6.0882800608828e-05
TNBC_Breast_Cancer,matched_expression,logreg,abnormal cell,myeloid leukocyte,11,0.00022323693556570268
TNBC_Breast_Cancer,matched_expression,logreg,abnormal cell,perivascular cell,0,0.0
TNBC_Breast_Cancer,matched_expression,logreg,endothelial cell,T cell,13,0.002193352454867555
TNBC_Breast_Cancer,matched_expression,logreg,endothelial cell,abnormal cell,0,0.0
TNBC_Breast_Cancer,matched_expression,logreg,endothelial cell,endothelial cell,5911,0.9973004892863169
TNBC_Breast_Cancer,matched_expression,logreg,endothelial cell,fibroblast,1,0.00016871941960519654
TNBC_Breast_Cancer,matched_expression,logreg,endothelial cell,lymphocyte of B lineage,0,0.0
TNBC_Breast_Cancer,matched_expression,logreg,endothelial cell,myeloid leukocyte,2,0.0003374388392103931
TNBC_Breast_Cancer,matched_expression,logreg,endothelial cell,perivascular cell,0,0.0
TNBC_Breast_Cancer,matched_expression,logreg,fibroblast,T cell,75,0.005288393738541813
TNBC_Breast_Cancer,matched_expression,logreg,fibroblast,abnormal cell,1,7.051191651389085e-05
TNBC_Breast_Cancer,matched_expression,logreg,fibroblast,endothelial cell,0,0.0
TNBC_Breast_Cancer,matched_expression,logreg,fibroblast,fibroblast,14094,0.9937949513467776
TNBC_Breast_Cancer,matched_expression,logreg,fibroblast,lymphocyte of B lineage,5,0.0003525595825694542
TNBC_Breast_Cancer,matched_expression,logreg,fibroblast,myeloid leukocyte,5,0.0003525595825694542
TNBC_Breast_Cancer,matched_expression,logreg,fibroblast,perivascular cell,2,0.0001410238330277817
TNBC_Breast_Cancer,matched_expression,logreg,lymphocyte of B lineage,T cell,2153,0.0414054386707181
TNBC_Breast_Cancer,matched_expression,logreg,lymphocyte of B lineage,abnormal cell,14,0.0002692411246586407
TNBC_Breast_Cancer,matched_expression,logreg,lymphocyte of B lineage,endothelial cell,0,0.0
TNBC_Breast_Cancer,matched_expression,logreg,lymphocyte of B lineage,fibroblast,1,1.9231508904188622e-05
TNBC_Breast_Cancer,matched_expression,logreg,lymphocyte of B lineage,lymphocyte of B lineage,49687,0.95555598292242
TNBC_Breast_Cancer,matched_expression,logreg,lymphocyte of B lineage,myeloid leukocyte,143,0.002750105773298973
TNBC_Breast_Cancer,matched_expression,logreg,lymphocyte of B lineage,perivascular cell,0,0.0
TNBC_Breast_Cancer,matched_expression,logreg,myeloid leukocyte,T cell,523,0.01067630187600792
TNBC_Breast_Cancer,matched_expression,logreg,myeloid leukocyte,abnormal cell,4,8.165431645130341e-05
TNBC_Breast_Cancer,matched_expression,logreg,myeloid leukocyte,endothelial cell,0,0.0
TNBC_Breast_Cancer,matched_expression,logreg,myeloid leukocyte,fibroblast,1,2.0413579112825852e-05
TNBC_Breast_Cancer,matched_expression,logreg,myeloid leukocyte,lymphocyte of B lineage,247,0.005042154040867985
TNBC_Breast_Cancer,matched_expression,logreg,myeloid leukocyte,myeloid leukocyte,48212,0.98417947618756
TNBC_Breast_Cancer,matched_expression,logreg,myeloid leukocyte,perivascular cell,0,0.0
TNBC_Breast_Cancer,matched_expression,logreg,perivascular cell,T cell,0,0.0
TNBC_Breast_Cancer,matched_expression,logreg,perivascular cell,abnormal cell,0,0.0
TNBC_Breast_Cancer,matched_expression,logreg,perivascular cell,endothelial cell,0,0.0
TNBC_Breast_Cancer,matched_expression,logreg,perivascular cell,fibroblast,9,0.002867155144950621
TNBC_Breast_Cancer,matched_expression,logreg,perivascular cell,lymphocyte of B lineage,1,0.00031857279388340236
TNBC_Breast_Cancer,matched_expression,logreg,perivascular cell,myeloid leukocyte,0,0.0
TNBC_Breast_Cancer,matched_expression,logreg,perivascular cell,perivascular cell,3129,0.996814272061166
TNBC_Breast_Cancer,matched_expression,random_forest,T cell,T cell,253460,0.9966772183008592
TNBC_Breast_Cancer,matched_expression,random_forest,T cell,abnormal cell,6,2.3593716206916892e-05
TNBC_Breast_Cancer,matched_expression,random_forest,T cell,endothelial cell,0,0.0
TNBC_Breast_Cancer,matched_expression,random_forest,T cell,fibroblast,3,1.1796858103458446e-05
TNBC_Breast_Cancer,matched_expression,random_forest,T cell,lymphocyte of B lineage,788,0.003098641395175085
TNBC_Breast_Cancer,matched_expression,random_forest,T cell,myeloid leukocyte,48,0.00018874972965533514
TNBC_Breast_Cancer,matched_expression,random_forest,T cell,perivascular cell,0,0.0
TNBC_Breast_Cancer,matched_expression,random_forest,abnormal cell,T cell,295,0.005986808726534754
TNBC_Breast_Cancer,matched_expression,random_forest,abnormal cell,abnormal cell,48968,0.99376966007103
TNBC_Breast_Cancer,matched_expression,random_forest,abnormal cell,endothelial cell,0,0.0
TNBC_Breast_Cancer,matched_expression,random_forest,abnormal cell,fibroblast,8,0.0001623541349568747
TNBC_Breast_Cancer,matched_expression,random_forest,abnormal cell,lymphocyte of B lineage,0,0.0
TNBC_Breast_Cancer,matched_expression,random_forest,abnormal cell,myeloid leukocyte,4,8.117706747843735e-05
TNBC_Breast_Cancer,matched_expression,random_forest,abnormal cell,perivascular cell,0,0.0
TNBC_Breast_Cancer,matched_expression,random_forest,endothelial cell,T cell,56,0.009448287497891008
TNBC_Breast_Cancer,matched_expression,random_forest,endothelial cell,abnormal cell,0,0.0
TNBC_Breast_Cancer,matched_expression,random_forest,endothelial cell,endothelial cell,5865,0.9895393959844778
TNBC_Breast_Cancer,matched_expression,random_forest,endothelial cell,fibroblast,2,0.0003374388392103931
TNBC_Breast_Cancer,matched_expression,random_forest,endothelial cell,lymphocyte of B lineage,3,0.0005061582588155897
TNBC_Breast_Cancer,matched_expression,random_forest,endothelial cell,myeloid leukocyte,1,0.00016871941960519654
TNBC_Breast_Cancer,matched_expression,random_forest,endothelial cell,perivascular cell,0,0.0
TNBC_Breast_Cancer,matched_expression,random_forest,fibroblast,T cell,211,0.014878014384430968
TNBC_Breast_Cancer,matched_expression,random_forest,fibroblast,abnormal cell,0,0.0
TNBC_Breast_Cancer,matched_expression,random_forest,fibroblast,endothelial cell,0,0.0
TNBC_Breast_Cancer,matched_expression,random_forest,fibroblast,fibroblast,13966,0.9847694260329996
TNBC_Breast_Cancer,matched_expression,random_forest,fibroblast,lymphocyte of B lineage,2,0.0001410238330277817
TNBC_Breast_Cancer,matched_expression,random_forest,fibroblast,myeloid leukocyte,1,7.051191651389085e-05
TNBC_Breast_Cancer,matched_expression,random_forest,fibroblast,perivascular cell,2,0.0001410238330277817
TNBC_Breast_Cancer,matched_expression,random_forest,lymphocyte of B lineage,T cell,3175,0.06106004077079888
TNBC_Breast_Cancer,matched_expression,random_forest,lymphocyte of B lineage,abnormal cell,10,0.00019231508904188623
TNBC_Breast_Cancer,matched_expression,random_forest,lymphocyte of B lineage,endothelial cell,0,0.0
TNBC_Breast_Cancer,matched_expression,random_forest,lymphocyte of B lineage,fibroblast,0,0.0
TNBC_Breast_Cancer,matched_expression,random_forest,lymphocyte of B lineage,lymphocyte of B lineage,48783,0.9381706988730336
TNBC_Breast_Cancer,matched_expression,random_forest,lymphocyte of B lineage,myeloid leukocyte,30,0.0005769452671256587
TNBC_Breast_Cancer,matched_expression,random_forest,lymphocyte of B lineage,perivascular cell,0,0.0
TNBC_Breast_Cancer,matched_expression,random_forest,myeloid leukocyte,T cell,1706,0.034825565966480905
TNBC_Breast_Cancer,matched_expression,random_forest,myeloid leukocyte,abnormal cell,4,8.165431645130341e-05
TNBC_Breast_Cancer,matched_expression,random_forest,myeloid leukocyte,endothelial cell,0,0.0
TNBC_Breast_Cancer,matched_expression,random_forest,myeloid leukocyte,fibroblast,5,0.00010206789556412925
TNBC_Breast_Cancer,matched_expression,random_forest,myeloid leukocyte,lymphocyte of B lineage,250,0.005103394778206463
TNBC_Breast_Cancer,matched_expression,random_forest,myeloid leukocyte,myeloid leukocyte,47022,0.9598873170432972
TNBC_Breast_Cancer,matched_expression,random_forest,myeloid leukocyte,perivascular cell,0,0.0
TNBC_Breast_Cancer,matched_expression,random_forest,perivascular cell,T cell,24,0.007645747053201656
TNBC_Breast_Cancer,matched_expression,random_forest,perivascular cell,abnormal cell,0,0.0
TNBC_Breast_Cancer,matched_expression,random_forest,perivascular cell,endothelial cell,1,0.00031857279388340236
TNBC_Breast_Cancer,matched_expression,random_forest,perivascular cell,fibroblast,26,0.00828289264096846
TNBC_Breast_Cancer,matched_expression,random_forest,perivascular cell,lymphocyte of B lineage,1,0.00031857279388340236
TNBC_Breast_Cancer,matched_expression,random_forest,perivascular cell,myeloid leukocyte,0,0.0
TNBC_Breast_Cancer,matched_expression,random_forest,perivascular cell,perivascular cell,3087,0.983434214718063
TNBC_Breast_Cancer,matched_expression,xgboost,T cell,T cell,252933,0.994604903560685
TNBC_Breast_Cancer,matched_expression,xgboost,T cell,abnormal cell,7,2.752600224140304e-05
TNBC_Breast_Cancer,matched_expression,xgboost,T cell,endothelial cell,1,3.932286034486148e-06
TNBC_Breast_Cancer,matched_expression,xgboost,T cell,fibroblast,2,7.864572068972296e-06
TNBC_Breast_Cancer,matched_expression,xgboost,T cell,lymphocyte of B lineage,1187,0.004667623522935058
TNBC_Breast_Cancer,matched_expression,xgboost,T cell,myeloid leukocyte,173,0.0006802854839661037
TNBC_Breast_Cancer,matched_expression,xgboost,T cell,perivascular cell,2,7.864572068972296e-06
TNBC_Breast_Cancer,matched_expression,xgboost,abnormal cell,T cell,326,0.006615930999492643
TNBC_Breast_Cancer,matched_expression,xgboost,abnormal cell,abnormal cell,48897,0.9923287671232877
TNBC_Breast_Cancer,matched_expression,xgboost,abnormal cell,endothelial cell,0,0.0
TNBC_Breast_Cancer,matched_expression,xgboost,abnormal cell,fibroblast,4,8.117706747843735e-05
TNBC_Breast_Cancer,matched_expression,xgboost,abnormal cell,lymphocyte of B lineage,1,2.0294266869609337e-05
TNBC_Breast_Cancer,matched_expression,xgboost,abnormal cell,myeloid leukocyte,47,0.0009538305428716387
TNBC_Breast_Cancer,matched_expression,xgboost,abnormal cell,perivascular cell,0,0.0
TNBC_Breast_Cancer,matched_expression,xgboost,endothelial cell,T cell,18,0.003036949552893538
TNBC_Breast_Cancer,matched_expression,xgboost,endothelial cell,abnormal cell,0,0.0
TNBC_Breast_Cancer,matched_expression,xgboost,endothelial cell,endothelial cell,5908,0.9967943310275013
TNBC_Breast_Cancer,matched_expression,xgboost,endothelial cell,fibroblast,1,0.00016871941960519654
TNBC_Breast_Cancer,matched_expression,xgboost,endothelial cell,lymphocyte of B lineage,0,0.0
TNBC_Breast_Cancer,matched_expression,xgboost,endothelial cell,myeloid leukocyte,0,0.0
TNBC_Breast_Cancer,matched_expression,xgboost,endothelial cell,perivascular cell,0,0.0
TNBC_Breast_Cancer,matched_expression,xgboost,fibroblast,T cell,95,0.006698632068819631
TNBC_Breast_Cancer,matched_expression,xgboost,fibroblast,abnormal cell,0,0.0
TNBC_Breast_Cancer,matched_expression,xgboost,fibroblast,endothelial cell,0,0.0
TNBC_Breast_Cancer,matched_expression,xgboost,fibroblast,fibroblast,14070,0.9921026653504442
TNBC_Breast_Cancer,matched_expression,xgboost,fibroblast,lymphocyte of B lineage,4,0.0002820476660555634
TNBC_Breast_Cancer,matched_expression,xgboost,fibroblast,myeloid leukocyte,7,0.0004935834155972359
TNBC_Breast_Cancer,matched_expression,xgboost,fibroblast,perivascular cell,6,0.0004230714990833451
TNBC_Breast_Cancer,matched_expression,xgboost,lymphocyte of B lineage,T cell,1925,0.037020654640563096
TNBC_Breast_Cancer,matched_expression,xgboost,lymphocyte of B lineage,abnormal cell,10,0.00019231508904188623
TNBC_Breast_Cancer,matched_expression,xgboost,lymphocyte of B lineage,endothelial cell,1,1.9231508904188622e-05
TNBC_Breast_Cancer,matched_expression,xgboost,lymphocyte of B lineage,fibroblast,0,0.0
TNBC_Breast_Cancer,matched_expression,xgboost,lymphocyte of B lineage,lymphocyte of B lineage,49973,0.961056194469018
TNBC_Breast_Cancer,matched_expression,xgboost,lymphocyte of B lineage,myeloid leukocyte,87,0.00167314127466441
TNBC_Breast_Cancer,matched_expression,xgboost,lymphocyte of B lineage,perivascular cell,2,3.8463017808377244e-05
TNBC_Breast_Cancer,matched_expression,xgboost,myeloid leukocyte,T cell,754,0.015391838651070692
TNBC_Breast_Cancer,matched_expression,xgboost,myeloid leukocyte,abnormal cell,3,6.124073733847755e-05
TNBC_Breast_Cancer,matched_expression,xgboost,myeloid leukocyte,endothelial cell,4,8.165431645130341e-05
TNBC_Breast_Cancer,matched_expression,xgboost,myeloid leukocyte,fibroblast,4,8.165431645130341e-05
TNBC_Breast_Cancer,matched_expression,xgboost,myeloid leukocyte,lymphocyte of B lineage,203,0.004143956559903648
TNBC_Breast_Cancer,matched_expression,xgboost,myeloid leukocyte,myeloid leukocyte,48019,0.9802396554187846
TNBC_Breast_Cancer,matched_expression,xgboost,myeloid leukocyte,perivascular cell,0,0.0
TNBC_Breast_Cancer,matched_expression,xgboost,perivascular cell,T cell,7,0.0022300095571838167
TNBC_Breast_Cancer,matched_expression,xgboost,perivascular cell,abnormal cell,0,0.0
TNBC_Breast_Cancer,matched_expression,xgboost,perivascular cell,endothelial cell,1,0.00031857279388340236
TNBC_Breast_Cancer,matched_expression,xgboost,perivascular cell,fibroblast,19,0.006052883083784644
TNBC_Breast_Cancer,matched_expression,xgboost,perivascular cell,lymphocyte of B lineage,1,0.00031857279388340236
TNBC_Breast_Cancer,matched_expression,xgboost,perivascular cell,myeloid leukocyte,0,0.0
TNBC_Breast_Cancer,matched_expression,xgboost,perivascular cell,perivascular cell,3111,0.9910799617712648
TNBC_Breast_Cancer,svd512_expression,logreg,T cell,T cell,252062,0.9911798824246476
TNBC_Breast_Cancer,svd512_expression,logreg,T cell,abnormal cell,9,3.539057431037534e-05
TNBC_Breast_Cancer,svd512_expression,logreg,T cell,endothelial cell,1,3.932286034486148e-06
TNBC_Breast_Cancer,svd512_expression,logreg,T cell,fibroblast,2,7.864572068972296e-06
TNBC_Breast_Cancer,svd512_expression,logreg,T cell,lymphocyte of B lineage,1871,0.0073573071705235835
TNBC_Breast_Cancer,svd512_expression,logreg,T cell,myeloid leukocyte,360,0.0014156229724150134
TNBC_Breast_Cancer,svd512_expression,logreg,T cell,perivascular cell,0,0.0
TNBC_Breast_Cancer,svd512_expression,logreg,abnormal cell,T cell,136,0.0027600202942668697
TNBC_Breast_Cancer,svd512_expression,logreg,abnormal cell,abnormal cell,49126,0.9969761542364282
TNBC_Breast_Cancer,svd512_expression,logreg,abnormal cell,endothelial cell,0,0.0
TNBC_Breast_Cancer,svd512_expression,logreg,abnormal cell,fibroblast,0,0.0
TNBC_Breast_Cancer,svd512_expression,logreg,abnormal cell,lymphocyte of B lineage,2,4.058853373921867e-05
TNBC_Breast_Cancer,svd512_expression,logreg,abnormal cell,myeloid leukocyte,11,0.00022323693556570268
TNBC_Breast_Cancer,svd512_expression,logreg,abnormal cell,perivascular cell,0,0.0
TNBC_Breast_Cancer,svd512_expression,logreg,endothelial cell,T cell,11,0.0018559136156571622
TNBC_Breast_Cancer,svd512_expression,logreg,endothelial cell,abnormal cell,0,0.0
TNBC_Breast_Cancer,svd512_expression,logreg,endothelial cell,endothelial cell,5914,0.9978066475451325
TNBC_Breast_Cancer,svd512_expression,logreg,endothelial cell,fibroblast,1,0.00016871941960519654
TNBC_Breast_Cancer,svd512_expression,logreg,endothelial cell,lymphocyte of B lineage,0,0.0
TNBC_Breast_Cancer,svd512_expression,logreg,endothelial cell,myeloid leukocyte,1,0.00016871941960519654
TNBC_Breast_Cancer,svd512_expression,logreg,endothelial cell,perivascular cell,0,0.0
TNBC_Breast_Cancer,svd512_expression,logreg,fibroblast,T cell,73,0.0051473699055140315
TNBC_Breast_Cancer,svd512_expression,logreg,fibroblast,abnormal cell,1,7.051191651389085e-05
TNBC_Breast_Cancer,svd512_expression,logreg,fibroblast,endothelial cell,0,0.0
TNBC_Breast_Cancer,svd512_expression,logreg,fibroblast,fibroblast,14097,0.9940064870963192
TNBC_Breast_Cancer,svd512_expression,logreg,fibroblast,lymphocyte of B lineage,4,0.0002820476660555634
TNBC_Breast_Cancer,svd512_expression,logreg,fibroblast,myeloid leukocyte,4,0.0002820476660555634
TNBC_Breast_Cancer,svd512_expression,logreg,fibroblast,perivascular cell,3,0.00021153574954167254
TNBC_Breast_Cancer,svd512_expression,logreg,lymphocyte of B lineage,T cell,2187,0.04205930997346052
TNBC_Breast_Cancer,svd512_expression,logreg,lymphocyte of B lineage,abnormal cell,11,0.00021154659794607485
TNBC_Breast_Cancer,svd512_expression,logreg,lymphocyte of B lineage,endothelial cell,2,3.8463017808377244e-05
TNBC_Breast_Cancer,svd512_expression,logreg,lymphocyte of B lineage,fibroblast,1,1.9231508904188622e-05
TNBC_Breast_Cancer,svd512_expression,logreg,lymphocyte of B lineage,lymphocyte of B lineage,49642,0.9546905650217316
TNBC_Breast_Cancer,svd512_expression,logreg,lymphocyte of B lineage,myeloid leukocyte,155,0.0029808838801492366
TNBC_Breast_Cancer,svd512_expression,logreg,lymphocyte of B lineage,perivascular cell,0,0.0
TNBC_Breast_Cancer,svd512_expression,logreg,myeloid leukocyte,T cell,542,0.011064159879151611
TNBC_Breast_Cancer,svd512_expression,logreg,myeloid leukocyte,abnormal cell,6,0.0001224814746769551
TNBC_Breast_Cancer,svd512_expression,logreg,myeloid leukocyte,endothelial cell,0,0.0
TNBC_Breast_Cancer,svd512_expression,logreg,myeloid leukocyte,fibroblast,1,2.0413579112825852e-05
TNBC_Breast_Cancer,svd512_expression,logreg,myeloid leukocyte,lymphocyte of B lineage,247,0.005042154040867985
TNBC_Breast_Cancer,svd512_expression,logreg,myeloid leukocyte,myeloid leukocyte,48191,0.9837507910261907
TNBC_Breast_Cancer,svd512_expression,logreg,myeloid leukocyte,perivascular cell,0,0.0
TNBC_Breast_Cancer,svd512_expression,logreg,perivascular cell,T cell,0,0.0
TNBC_Breast_Cancer,svd512_expression,logreg,perivascular cell,abnormal cell,0,0.0
TNBC_Breast_Cancer,svd512_expression,logreg,perivascular cell,endothelial cell,0,0.0
TNBC_Breast_Cancer,svd512_expression,logreg,perivascular cell,fibroblast,9,0.002867155144950621
TNBC_Breast_Cancer,svd512_expression,logreg,perivascular cell,lymphocyte of B lineage,0,0.0
TNBC_Breast_Cancer,svd512_expression,logreg,perivascular cell,myeloid leukocyte,0,0.0
TNBC_Breast_Cancer,svd512_expression,logreg,perivascular cell,perivascular cell,3130,0.9971328448550494
TNBC_Breast_Cancer,svd512_expression,random_forest,T cell,T cell,251950,0.9907394663887851
TNBC_Breast_Cancer,svd512_expression,random_forest,T cell,abnormal cell,21,8.257800672420912e-05
TNBC_Breast_Cancer,svd512_expression,random_forest,T cell,endothelial cell,0,0.0
TNBC_Breast_Cancer,svd512_expression,random_forest,T cell,fibroblast,7,2.752600224140304e-05
TNBC_Breast_Cancer,svd512_expression,random_forest,T cell,lymphocyte of B lineage,2041,0.008025795796386228
TNBC_Breast_Cancer,svd512_expression,random_forest,T cell,myeloid leukocyte,284,0.0011167692337940662
TNBC_Breast_Cancer,svd512_expression,random_forest,T cell,perivascular cell,2,7.864572068972296e-06
TNBC_Breast_Cancer,svd512_expression,random_forest,abnormal cell,T cell,282,0.005722983257229833
TNBC_Breast_Cancer,svd512_expression,random_forest,abnormal cell,abnormal cell,48977,0.9939523084728564
TNBC_Breast_Cancer,svd512_expression,random_forest,abnormal cell,endothelial cell,0,0.0
TNBC_Breast_Cancer,svd512_expression,random_forest,abnormal cell,fibroblast,3,6.0882800608828e-05
TNBC_Breast_Cancer,svd512_expression,random_forest,abnormal cell,lymphocyte of B lineage,3,6.0882800608828e-05
TNBC_Breast_Cancer,svd512_expression,random_forest,abnormal cell,myeloid leukocyte,10,0.00020294266869609335
TNBC_Breast_Cancer,svd512_expression,random_forest,abnormal cell,perivascular cell,0,0.0
TNBC_Breast_Cancer,svd512_expression,random_forest,endothelial cell,T cell,32,0.0053990214273662894
TNBC_Breast_Cancer,svd512_expression,random_forest,endothelial cell,abnormal cell,1,0.00016871941960519654
TNBC_Breast_Cancer,svd512_expression,random_forest,endothelial cell,endothelial cell,5890,0.9937573814746077
TNBC_Breast_Cancer,svd512_expression,random_forest,endothelial cell,fibroblast,1,0.00016871941960519654
TNBC_Breast_Cancer,svd512_expression,random_forest,endothelial cell,lymphocyte of B lineage,2,0.0003374388392103931
TNBC_Breast_Cancer,svd512_expression,random_forest,endothelial cell,myeloid leukocyte,1,0.00016871941960519654
TNBC_Breast_Cancer,svd512_expression,random_forest,endothelial cell,perivascular cell,0,0.0
TNBC_Breast_Cancer,svd512_expression,random_forest,fibroblast,T cell,93,0.006557608235791849
TNBC_Breast_Cancer,svd512_expression,random_forest,fibroblast,abnormal cell,1,7.051191651389085e-05
TNBC_Breast_Cancer,svd512_expression,random_forest,fibroblast,endothelial cell,0,0.0
TNBC_Breast_Cancer,svd512_expression,random_forest,fibroblast,fibroblast,14079,0.9927372725990693
TNBC_Breast_Cancer,svd512_expression,random_forest,fibroblast,lymphocyte of B lineage,2,0.0001410238330277817
TNBC_Breast_Cancer,svd512_expression,random_forest,fibroblast,myeloid leukocyte,0,0.0
TNBC_Breast_Cancer,svd512_expression,random_forest,fibroblast,perivascular cell,7,0.0004935834155972359
TNBC_Breast_Cancer,svd512_expression,random_forest,lymphocyte of B lineage,T cell,4267,0.08206084849417285
TNBC_Breast_Cancer,svd512_expression,random_forest,lymphocyte of B lineage,abnormal cell,16,0.00030770414246701795
TNBC_Breast_Cancer,svd512_expression,random_forest,lymphocyte of B lineage,endothelial cell,0,0.0
TNBC_Breast_Cancer,svd512_expression,random_forest,lymphocyte of B lineage,fibroblast,2,3.8463017808377244e-05
TNBC_Breast_Cancer,svd512_expression,random_forest,lymphocyte of B lineage,lymphocyte of B lineage,47666,0.9166891034270549
TNBC_Breast_Cancer,svd512_expression,random_forest,lymphocyte of B lineage,myeloid leukocyte,47,0.0009038809184968653
TNBC_Breast_Cancer,svd512_expression,random_forest,lymphocyte of B lineage,perivascular cell,0,0.0
TNBC_Breast_Cancer,svd512_expression,random_forest,myeloid leukocyte,T cell,1391,0.02839528854594076
TNBC_Breast_Cancer,svd512_expression,random_forest,myeloid leukocyte,abnormal cell,7,0.00014289505378978096
TNBC_Breast_Cancer,svd512_expression,random_forest,myeloid leukocyte,endothelial cell,1,2.0413579112825852e-05
TNBC_Breast_Cancer,svd512_expression,random_forest,myeloid leukocyte,fibroblast,4,8.165431645130341e-05
TNBC_Breast_Cancer,svd512_expression,random_forest,myeloid leukocyte,lymphocyte of B lineage,514,0.010492579663992488
TNBC_Breast_Cancer,svd512_expression,random_forest,myeloid leukocyte,myeloid leukocyte,47070,0.9608671688407129
TNBC_Breast_Cancer,svd512_expression,random_forest,myeloid leukocyte,perivascular cell,0,0.0
TNBC_Breast_Cancer,svd512_expression,random_forest,perivascular cell,T cell,3,0.000955718381650207
TNBC_Breast_Cancer,svd512_expression,random_forest,perivascular cell,abnormal cell,0,0.0
TNBC_Breast_Cancer,svd512_expression,random_forest,perivascular cell,endothelial cell,0,0.0
TNBC_Breast_Cancer,svd512_expression,random_forest,perivascular cell,fibroblast,18,0.005734310289901242
TNBC_Breast_Cancer,svd512_expression,random_forest,perivascular cell,lymphocyte of B lineage,0,0.0
TNBC_Breast_Cancer,svd512_expression,random_forest,perivascular cell,myeloid leukocyte,0,0.0
TNBC_Breast_Cancer,svd512_expression,random_forest,perivascular cell,perivascular cell,3118,0.9933099713284486
TNBC_Breast_Cancer,svd512_expression,xgboost,T cell,T cell,252310,0.9921550893612001
TNBC_Breast_Cancer,svd512_expression,xgboost,T cell,abnormal cell,13,5.111971844831993e-05
TNBC_Breast_Cancer,svd512_expression,xgboost,T cell,endothelial cell,0,0.0
TNBC_Breast_Cancer,svd512_expression,xgboost,T cell,fibroblast,6,2.3593716206916892e-05
TNBC_Breast_Cancer,svd512_expression,xgboost,T cell,lymphocyte of B lineage,1729,0.006798922553626551
TNBC_Breast_Cancer,svd512_expression,xgboost,T cell,myeloid leukocyte,245,0.0009634100784491064
TNBC_Breast_Cancer,svd512_expression,xgboost,T cell,perivascular cell,2,7.864572068972296e-06
TNBC_Breast_Cancer,svd512_expression,xgboost,abnormal cell,T cell,146,0.002962962962962963
TNBC_Breast_Cancer,svd512_expression,xgboost,abnormal cell,abnormal cell,49112,0.9966920345002537
TNBC_Breast_Cancer,svd512_expression,xgboost,abnormal cell,endothelial cell,0,0.0
TNBC_Breast_Cancer,svd512_expression,xgboost,abnormal cell,fibroblast,6,0.000121765601217656
TNBC_Breast_Cancer,svd512_expression,xgboost,abnormal cell,lymphocyte of B lineage,3,6.0882800608828e-05
TNBC_Breast_Cancer,svd512_expression,xgboost,abnormal cell,myeloid leukocyte,8,0.0001623541349568747
TNBC_Breast_Cancer,svd512_expression,xgboost,abnormal cell,perivascular cell,0,0.0
TNBC_Breast_Cancer,svd512_expression,xgboost,endothelial cell,T cell,8,0.0013497553568415724
TNBC_Breast_Cancer,svd512_expression,xgboost,endothelial cell,abnormal cell,0,0.0
TNBC_Breast_Cancer,svd512_expression,xgboost,endothelial cell,endothelial cell,5918,0.9984815252235533
TNBC_Breast_Cancer,svd512_expression,xgboost,endothelial cell,fibroblast,0,0.0
TNBC_Breast_Cancer,svd512_expression,xgboost,endothelial cell,lymphocyte of B lineage,0,0.0
TNBC_Breast_Cancer,svd512_expression,xgboost,endothelial cell,myeloid leukocyte,1,0.00016871941960519654
TNBC_Breast_Cancer,svd512_expression,xgboost,endothelial cell,perivascular cell,0,0.0
TNBC_Breast_Cancer,svd512_expression,xgboost,fibroblast,T cell,65,0.004583274573402905
TNBC_Breast_Cancer,svd512_expression,xgboost,fibroblast,abnormal cell,2,0.0001410238330277817
TNBC_Breast_Cancer,svd512_expression,xgboost,fibroblast,endothelial cell,0,0.0
TNBC_Breast_Cancer,svd512_expression,xgboost,fibroblast,fibroblast,14103,0.9944295585954026
TNBC_Breast_Cancer,svd512_expression,xgboost,fibroblast,lymphocyte of B lineage,2,0.0001410238330277817
TNBC_Breast_Cancer,svd512_expression,xgboost,fibroblast,myeloid leukocyte,5,0.0003525595825694542
TNBC_Breast_Cancer,svd512_expression,xgboost,fibroblast,perivascular cell,5,0.0003525595825694542
TNBC_Breast_Cancer,svd512_expression,xgboost,lymphocyte of B lineage,T cell,2722,0.05234816723720143
TNBC_Breast_Cancer,svd512_expression,xgboost,lymphocyte of B lineage,abnormal cell,16,0.00030770414246701795
TNBC_Breast_Cancer,svd512_expression,xgboost,lymphocyte of B lineage,endothelial cell,3,5.769452671256587e-05
TNBC_Breast_Cancer,svd512_expression,xgboost,lymphocyte of B lineage,fibroblast,1,1.9231508904188622e-05
TNBC_Breast_Cancer,svd512_expression,xgboost,lymphocyte of B lineage,lymphocyte of B lineage,49147,0.9451709681141582
TNBC_Breast_Cancer,svd512_expression,xgboost,lymphocyte of B lineage,myeloid leukocyte,109,0.00209623447055656
TNBC_Breast_Cancer,svd512_expression,xgboost,lymphocyte of B lineage,perivascular cell,0,0.0
TNBC_Breast_Cancer,svd512_expression,xgboost,myeloid leukocyte,T cell,743,0.015167289280829608
TNBC_Breast_Cancer,svd512_expression,xgboost,myeloid leukocyte,abnormal cell,5,0.00010206789556412925
TNBC_Breast_Cancer,svd512_expression,xgboost,myeloid leukocyte,endothelial cell,2,4.0827158225651704e-05
TNBC_Breast_Cancer,svd512_expression,xgboost,myeloid leukocyte,fibroblast,1,2.0413579112825852e-05
TNBC_Breast_Cancer,svd512_expression,xgboost,myeloid leukocyte,lymphocyte of B lineage,322,0.006573172474329925
TNBC_Breast_Cancer,svd512_expression,xgboost,myeloid leukocyte,myeloid leukocyte,47914,0.9780962296119379
TNBC_Breast_Cancer,svd512_expression,xgboost,myeloid leukocyte,perivascular cell,0,0.0
TNBC_Breast_Cancer,svd512_expression,xgboost,perivascular cell,T cell,4,0.0012742911755336094
TNBC_Breast_Cancer,svd512_expression,xgboost,perivascular cell,abnormal cell,0,0.0
TNBC_Breast_Cancer,svd512_expression,xgboost,perivascular cell,endothelial cell,2,0.0006371455877668047
TNBC_Breast_Cancer,svd512_expression,xgboost,perivascular cell,fibroblast,12,0.003822873526600828
TNBC_Breast_Cancer,svd512_expression,xgboost,perivascular cell,lymphocyte of B lineage,0,0.0
TNBC_Breast_Cancer,svd512_expression,xgboost,perivascular cell,myeloid leukocyte,0,0.0
TNBC_Breast_Cancer,svd512_expression,xgboost,perivascular cell,perivascular cell,3121,0.9942656897100988
Indonesia_PBMC,scgpt_embeddings,logreg,CD14-positive monocyte,CD14-positive monocyte,50517,0.9897725268912009
Indonesia_PBMC,scgpt_embeddings,logreg,CD14-positive monocyte,"CD14-positive, CD16-positive monocyte",292,0.005721115225611787
Indonesia_PBMC,scgpt_embeddings,logreg,CD14-positive monocyte,"CD4-positive, alpha-beta T cell",10,0.00019592860361684203
Indonesia_PBMC,scgpt_embeddings,logreg,CD14-positive monocyte,"CD8-positive, alpha-beta T cell",3,5.8778581085052606e-05
Indonesia_PBMC,scgpt_embeddings,logreg,CD14-positive monocyte,"dendritic cell, human",149,0.002919336193890946
Indonesia_PBMC,scgpt_embeddings,logreg,CD14-positive monocyte,lymphocyte,1,1.95928603616842e-05
Indonesia_PBMC,scgpt_embeddings,logreg,CD14-positive monocyte,memory B cell,11,0.0002155214639785262
Indonesia_PBMC,scgpt_embeddings,logreg,CD14-positive monocyte,naive B cell,1,1.95928603616842e-05
Indonesia_PBMC,scgpt_embeddings,logreg,CD14-positive monocyte,"naive thymus-derived CD8-positive, alpha-beta T cell",0,0.0
Indonesia_PBMC,scgpt_embeddings,logreg,CD14-positive monocyte,natural killer cell,26,0.0005094143694037893
Indonesia_PBMC,scgpt_embeddings,logreg,CD14-positive monocyte,plasma cell,0,0.0
Indonesia_PBMC,scgpt_embeddings,logreg,CD14-positive monocyte,plasmacytoid dendritic cell,4,7.83714414467368e-05
Indonesia_PBMC,scgpt_embeddings,logreg,CD14-positive monocyte,platelet,25,0.0004898215090421051
Indonesia_PBMC,scgpt_embeddings,logreg,"CD14-positive, CD16-positive monocyte",CD14-positive monocyte,334,0.02473524401984744
Indonesia_PBMC,scgpt_embeddings,logreg,"CD14-positive, CD16-positive monocyte","CD14-positive, CD16-positive monocyte",13151,0.9739317188772866
Indonesia_PBMC,scgpt_embeddings,logreg,"CD14-positive, CD16-positive monocyte","CD4-positive, alpha-beta T cell",1,7.405761682589055e-05
Indonesia_PBMC,scgpt_embeddings,logreg,"CD14-positive, CD16-positive monocyte","CD8-positive, alpha-beta T cell",1,7.405761682589055e-05
Indonesia_PBMC,scgpt_embeddings,logreg,"CD14-positive, CD16-positive monocyte","dendritic cell, human",0,0.0
Indonesia_PBMC,scgpt_embeddings,logreg,"CD14-positive, CD16-positive monocyte",lymphocyte,0,0.0
Indonesia_PBMC,scgpt_embeddings,logreg,"CD14-positive, CD16-positive monocyte",memory B cell,0,0.0
Indonesia_PBMC,scgpt_embeddings,logreg,"CD14-positive, CD16-positive monocyte",naive B cell,0,0.0
Indonesia_PBMC,scgpt_embeddings,logreg,"CD14-positive, CD16-positive monocyte","naive thymus-derived CD8-positive, alpha-beta T cell",0,0.0
Indonesia_PBMC,scgpt_embeddings,logreg,"CD14-positive, CD16-positive monocyte",natural killer cell,14,0.0010368066355624676
Indonesia_PBMC,scgpt_embeddings,logreg,"CD14-positive, CD16-positive monocyte",plasma cell,0,0.0
Indonesia_PBMC,scgpt_embeddings,logreg,"CD14-positive, CD16-positive monocyte",plasmacytoid dendritic cell,0,0.0
Indonesia_PBMC,scgpt_embeddings,logreg,"CD14-positive, CD16-positive monocyte",platelet,2,0.0001481152336517811
Indonesia_PBMC,scgpt_embeddings,logreg,"CD4-positive, alpha-beta T cell",CD14-positive monocyte,21,0.0001550261698939178
Indonesia_PBMC,scgpt_embeddings,logreg,"CD4-positive, alpha-beta T cell","CD14-positive, CD16-positive monocyte",9,6.643978709739334e-05
Indonesia_PBMC,scgpt_embeddings,logreg,"CD4-positive, alpha-beta T cell","CD4-positive, alpha-beta T cell",130229,0.9613763371007154
Indonesia_PBMC,scgpt_embeddings,logreg,"CD4-positive, alpha-beta T cell","CD8-positive, alpha-beta T cell",2917,0.02153387321812182
Indonesia_PBMC,scgpt_embeddings,logreg,"CD4-positive, alpha-beta T cell","dendritic cell, human",2,1.4764397132754077e-05
Indonesia_PBMC,scgpt_embeddings,logreg,"CD4-positive, alpha-beta T cell",lymphocyte,19,0.00014026177276116374
Indonesia_PBMC,scgpt_embeddings,logreg,"CD4-positive, alpha-beta T cell",memory B cell,42,0.0003100523397878356
Indonesia_PBMC,scgpt_embeddings,logreg,"CD4-positive, alpha-beta T cell",naive B cell,25,0.00018455496415942596
Indonesia_PBMC,scgpt_embeddings,logreg,"CD4-positive, alpha-beta T cell","naive thymus-derived CD8-positive, alpha-beta T cell",2077,0.015332826422365109
Indonesia_PBMC,scgpt_embeddings,logreg,"CD4-positive, alpha-beta T cell",natural killer cell,45,0.0003321989354869667
Indonesia_PBMC,scgpt_embeddings,logreg,"CD4-positive, alpha-beta T cell",plasma cell,6,4.4293191398262234e-05
Indonesia_PBMC,scgpt_embeddings,logreg,"CD4-positive, alpha-beta T cell",plasmacytoid dendritic cell,3,2.2146595699131117e-05
Indonesia_PBMC,scgpt_embeddings,logreg,"CD4-positive, alpha-beta T cell",platelet,66,0.00048722510538088456
Indonesia_PBMC,scgpt_embeddings,logreg,"CD8-positive, alpha-beta T cell",CD14-positive monocyte,4,4.36543015857425e-05
Indonesia_PBMC,scgpt_embeddings,logreg,"CD8-positive, alpha-beta T cell","CD14-positive, CD16-positive monocyte",2,2.182715079287125e-05
Indonesia_PBMC,scgpt_embeddings,logreg,"CD8-positive, alpha-beta T cell","CD4-positive, alpha-beta T cell",2510,0.027393074245053422
Indonesia_PBMC,scgpt_embeddings,logreg,"CD8-positive, alpha-beta T cell","CD8-positive, alpha-beta T cell",82681,0.902345327352694
Indonesia_PBMC,scgpt_embeddings,logreg,"CD8-positive, alpha-beta T cell","dendritic cell, human",1,1.0913575396435626e-05
Indonesia_PBMC,scgpt_embeddings,logreg,"CD8-positive, alpha-beta T cell",lymphocyte,16,0.00017461720634297
Indonesia_PBMC,scgpt_embeddings,logreg,"CD8-positive, alpha-beta T cell",memory B cell,10,0.00010913575396435626
Indonesia_PBMC,scgpt_embeddings,logreg,"CD8-positive, alpha-beta T cell",naive B cell,14,0.00015279005555009876
Indonesia_PBMC,scgpt_embeddings,logreg,"CD8-positive, alpha-beta T cell","naive thymus-derived CD8-positive, alpha-beta T cell",388,0.004234467253817023
Indonesia_PBMC,scgpt_embeddings,logreg,"CD8-positive, alpha-beta T cell",natural killer cell,5942,0.0648484650056205
Indonesia_PBMC,scgpt_embeddings,logreg,"CD8-positive, alpha-beta T cell",plasma cell,1,1.0913575396435626e-05
Indonesia_PBMC,scgpt_embeddings,logreg,"CD8-positive, alpha-beta T cell",plasmacytoid dendritic cell,0,0.0
Indonesia_PBMC,scgpt_embeddings,logreg,"CD8-positive, alpha-beta T cell",platelet,60,0.0006548145237861376
Indonesia_PBMC,scgpt_embeddings,logreg,"dendritic cell, human",CD14-positive monocyte,163,0.03726566072245085
Indonesia_PBMC,scgpt_embeddings,logreg,"dendritic cell, human","CD14-positive, CD16-positive monocyte",1,0.00022862368541380886
Indonesia_PBMC,scgpt_embeddings,logreg,"dendritic cell, human","CD4-positive, alpha-beta T cell",0,0.0
Indonesia_PBMC,scgpt_embeddings,logreg,"dendritic cell, human","CD8-positive, alpha-beta T cell",0,0.0
Indonesia_PBMC,scgpt_embeddings,logreg,"dendritic cell, human","dendritic cell, human",4196,0.959304983996342
Indonesia_PBMC,scgpt_embeddings,logreg,"dendritic cell, human",lymphocyte,1,0.00022862368541380886
Indonesia_PBMC,scgpt_embeddings,logreg,"dendritic cell, human",memory B cell,1,0.00022862368541380886
Indonesia_PBMC,scgpt_embeddings,logreg,"dendritic cell, human",naive B cell,0,0.0
Indonesia_PBMC,scgpt_embeddings,logreg,"dendritic cell, human","naive thymus-derived CD8-positive, alpha-beta T cell",0,0.0
Indonesia_PBMC,scgpt_embeddings,logreg,"dendritic cell, human",natural killer cell,1,0.00022862368541380886
Indonesia_PBMC,scgpt_embeddings,logreg,"dendritic cell, human",plasma cell,0,0.0
Indonesia_PBMC,scgpt_embeddings,logreg,"dendritic cell, human",plasmacytoid dendritic cell,11,0.002514860539551898
Indonesia_PBMC,scgpt_embeddings,logreg,"dendritic cell, human",platelet,0,0.0
Indonesia_PBMC,scgpt_embeddings,logreg,lymphocyte,CD14-positive monocyte,0,0.0
Indonesia_PBMC,scgpt_embeddings,logreg,lymphocyte,"CD14-positive, CD16-positive monocyte",0,0.0
Indonesia_PBMC,scgpt_embeddings,logreg,lymphocyte,"CD4-positive, alpha-beta T cell",21,0.010730710270822688
Indonesia_PBMC,scgpt_embeddings,logreg,lymphocyte,"CD8-positive, alpha-beta T cell",33,0.016862544711292796
Indonesia_PBMC,scgpt_embeddings,logreg,lymphocyte,"dendritic cell, human",1,0.000510986203372509
Indonesia_PBMC,scgpt_embeddings,logreg,lymphocyte,lymphocyte,1854,0.9473684210526315
Indonesia_PBMC,scgpt_embeddings,logreg,lymphocyte,memory B cell,1,0.000510986203372509
Indonesia_PBMC,scgpt_embeddings,logreg,lymphocyte,naive B cell,0,0.0
Indonesia_PBMC,scgpt_embeddings,logreg,lymphocyte,"naive thymus-derived CD8-positive, alpha-beta T cell",0,0.0
Indonesia_PBMC,scgpt_embeddings,logreg,lymphocyte,natural killer cell,44,0.022483392948390392
Indonesia_PBMC,scgpt_embeddings,logreg,lymphocyte,plasma cell,2,0.001021972406745018
Indonesia_PBMC,scgpt_embeddings,logreg,lymphocyte,plasmacytoid dendritic cell,1,0.000510986203372509
Indonesia_PBMC,scgpt_embeddings,logreg,lymphocyte,platelet,0,0.0
Indonesia_PBMC,scgpt_embeddings,logreg,memory B cell,CD14-positive monocyte,11,0.0004048284999263948
Indonesia_PBMC,scgpt_embeddings,logreg,memory B cell,"CD14-positive, CD16-positive monocyte",3,0.00011040777270719859
Indonesia_PBMC,scgpt_embeddings,logreg,memory B cell,"CD4-positive, alpha-beta T cell",20,0.0007360518180479906
Indonesia_PBMC,scgpt_embeddings,logreg,memory B cell,"CD8-positive, alpha-beta T cell",5,0.00018401295451199765
Indonesia_PBMC,scgpt_embeddings,logreg,memory B cell,"dendritic cell, human",0,0.0
Indonesia_PBMC,scgpt_embeddings,logreg,memory B cell,lymphocyte,2,7.360518180479906e-05
Indonesia_PBMC,scgpt_embeddings,logreg,memory B cell,memory B cell,25836,0.9508317385543942
Indonesia_PBMC,scgpt_embeddings,logreg,memory B cell,naive B cell,1269,0.046702487855145004
Indonesia_PBMC,scgpt_embeddings,logreg,memory B cell,"naive thymus-derived CD8-positive, alpha-beta T cell",0,0.0
Indonesia_PBMC,scgpt_embeddings,logreg,memory B cell,natural killer cell,10,0.0003680259090239953
Indonesia_PBMC,scgpt_embeddings,logreg,memory B cell,plasma cell,3,0.00011040777270719859
Indonesia_PBMC,scgpt_embeddings,logreg,memory B cell,plasmacytoid dendritic cell,1,3.680259090239953e-05
Indonesia_PBMC,scgpt_embeddings,logreg,memory B cell,platelet,12,0.00044163109082879436
Indonesia_PBMC,scgpt_embeddings,logreg,naive B cell,CD14-positive monocyte,3,0.00013842746400885935
Indonesia_PBMC,scgpt_embeddings,logreg,naive B cell,"CD14-positive, CD16-positive monocyte",2,9.228497600590623e-05
Indonesia_PBMC,scgpt_embeddings,logreg,naive B cell,"CD4-positive, alpha-beta T cell",34,0.001568844592100406
Indonesia_PBMC,scgpt_embeddings,logreg,naive B cell,"CD8-positive, alpha-beta T cell",12,0.0005537098560354374
Indonesia_PBMC,scgpt_embeddings,logreg,naive B cell,"dendritic cell, human",0,0.0
Indonesia_PBMC,scgpt_embeddings,logreg,naive B cell,lymphocyte,0,0.0
Indonesia_PBMC,scgpt_embeddings,logreg,naive B cell,memory B cell,1115,0.05144887412329273
Indonesia_PBMC,scgpt_embeddings,logreg,naive B cell,naive B cell,20486,0.9452750092284976
Indonesia_PBMC,scgpt_embeddings,logreg,naive B cell,"naive thymus-derived CD8-positive, alpha-beta T cell",1,4.614248800295312e-05
Indonesia_PBMC,scgpt_embeddings,logreg,naive B cell,natural killer cell,13,0.0005998523440383906
Indonesia_PBMC,scgpt_embeddings,logreg,naive B cell,plasma cell,0,0.0
Indonesia_PBMC,scgpt_embeddings,logreg,naive B cell,plasmacytoid dendritic cell,0,0.0
Indonesia_PBMC,scgpt_embeddings,logreg,naive B cell,platelet,6,0.0002768549280177187
Indonesia_PBMC,scgpt_embeddings,logreg,"naive thymus-derived CD8-positive, alpha-beta T cell",CD14-positive monocyte,2,7.582938388625592e-05
Indonesia_PBMC,scgpt_embeddings,logreg,"naive thymus-derived CD8-positive, alpha-beta T cell","CD14-positive, CD16-positive monocyte",1,3.791469194312796e-05
Indonesia_PBMC,scgpt_embeddings,logreg,"naive thymus-derived CD8-positive, alpha-beta T cell","CD4-positive, alpha-beta T cell",3569,0.1353175355450237
Indonesia_PBMC,scgpt_embeddings,logreg,"naive thymus-derived CD8-positive, alpha-beta T cell","CD8-positive, alpha-beta T cell",447,0.0169478672985782
Indonesia_PBMC,scgpt_embeddings,logreg,"naive thymus-derived CD8-positive, alpha-beta T cell","dendritic cell, human",0,0.0
Indonesia_PBMC,scgpt_embeddings,logreg,"naive thymus-derived CD8-positive, alpha-beta T cell",lymphocyte,0,0.0
Indonesia_PBMC,scgpt_embeddings,logreg,"naive thymus-derived CD8-positive, alpha-beta T cell",memory B cell,2,7.582938388625592e-05
Indonesia_PBMC,scgpt_embeddings,logreg,"naive thymus-derived CD8-positive, alpha-beta T cell",naive B cell,2,7.582938388625592e-05
Indonesia_PBMC,scgpt_embeddings,logreg,"naive thymus-derived CD8-positive, alpha-beta T cell","naive thymus-derived CD8-positive, alpha-beta T cell",22340,0.8470142180094786
Indonesia_PBMC,scgpt_embeddings,logreg,"naive thymus-derived CD8-positive, alpha-beta T cell",natural killer cell,1,3.791469194312796e-05
Indonesia_PBMC,scgpt_embeddings,logreg,"naive thymus-derived CD8-positive, alpha-beta T cell",plasma cell,0,0.0
Indonesia_PBMC,scgpt_embeddings,logreg,"naive thymus-derived CD8-positive, alpha-beta T cell",plasmacytoid dendritic cell,0,0.0
Indonesia_PBMC,scgpt_embeddings,logreg,"naive thymus-derived CD8-positive, alpha-beta T cell",platelet,11,0.00041706161137440757
Indonesia_PBMC,scgpt_embeddings,logreg,natural killer cell,CD14-positive monocyte,24,0.0002948076993944159
Indonesia_PBMC,scgpt_embeddings,logreg,natural killer cell,"CD14-positive, CD16-positive monocyte",7,8.598557899003796e-05
Indonesia_PBMC,scgpt_embeddings,logreg,natural killer cell,"CD4-positive, alpha-beta T cell",56,0.0006878846319203037
Indonesia_PBMC,scgpt_embeddings,logreg,natural killer cell,"CD8-positive, alpha-beta T cell",5153,0.06329766979080936
Indonesia_PBMC,scgpt_embeddings,logreg,natural killer cell,"dendritic cell, human",1,1.2283654141433994e-05
Indonesia_PBMC,scgpt_embeddings,logreg,natural killer cell,lymphocyte,42,0.0005159134739402278
Indonesia_PBMC,scgpt_embeddings,logreg,natural killer cell,memory B cell,17,0.0002088221204043779
Indonesia_PBMC,scgpt_embeddings,logreg,natural killer cell,naive B cell,14,0.00017197115798007592
Indonesia_PBMC,scgpt_embeddings,logreg,natural killer cell,"naive thymus-derived CD8-positive, alpha-beta T cell",1,1.2283654141433994e-05
Indonesia_PBMC,scgpt_embeddings,logreg,natural killer cell,natural killer cell,76055,0.9342333157267624
Indonesia_PBMC,scgpt_embeddings,logreg,natural killer cell,plasma cell,2,2.4567308282867987e-05
Indonesia_PBMC,scgpt_embeddings,logreg,natural killer cell,plasmacytoid dendritic cell,3,3.6850962424301984e-05
Indonesia_PBMC,scgpt_embeddings,logreg,natural killer cell,platelet,34,0.0004176442408087558
Indonesia_PBMC,scgpt_embeddings,logreg,plasma cell,CD14-positive monocyte,0,0.0
Indonesia_PBMC,scgpt_embeddings,logreg,plasma cell,"CD14-positive, CD16-positive monocyte",0,0.0
Indonesia_PBMC,scgpt_embeddings,logreg,plasma cell,"CD4-positive, alpha-beta T cell",5,0.002061855670103093
Indonesia_PBMC,scgpt_embeddings,logreg,plasma cell,"CD8-positive, alpha-beta T cell",1,0.0004123711340206186
Indonesia_PBMC,scgpt_embeddings,logreg,plasma cell,"dendritic cell, human",1,0.0004123711340206186
Indonesia_PBMC,scgpt_embeddings,logreg,plasma cell,lymphocyte,3,0.0012371134020618556
Indonesia_PBMC,scgpt_embeddings,logreg,plasma cell,memory B cell,3,0.0012371134020618556
Indonesia_PBMC,scgpt_embeddings,logreg,plasma cell,naive B cell,0,0.0
Indonesia_PBMC,scgpt_embeddings,logreg,plasma cell,"naive thymus-derived CD8-positive, alpha-beta T cell",0,0.0
Indonesia_PBMC,scgpt_embeddings,logreg,plasma cell,natural killer cell,1,0.0004123711340206186
Indonesia_PBMC,scgpt_embeddings,logreg,plasma cell,plasma cell,2409,0.9934020618556701
Indonesia_PBMC,scgpt_embeddings,logreg,plasma cell,plasmacytoid dendritic cell,0,0.0
Indonesia_PBMC,scgpt_embeddings,logreg,plasma cell,platelet,2,0.0008247422680412372
Indonesia_PBMC,scgpt_embeddings,logreg,plasmacytoid dendritic cell,CD14-positive monocyte,2,0.000997506234413965
Indonesia_PBMC,scgpt_embeddings,logreg,plasmacytoid dendritic cell,"CD14-positive, CD16-positive monocyte",0,0.0
Indonesia_PBMC,scgpt_embeddings,logreg,plasmacytoid dendritic cell,"CD4-positive, alpha-beta T cell",5,0.0024937655860349127
Indonesia_PBMC,scgpt_embeddings,logreg,plasmacytoid dendritic cell,"CD8-positive, alpha-beta T cell",1,0.0004987531172069825
Indonesia_PBMC,scgpt_embeddings,logreg,plasmacytoid dendritic cell,"dendritic cell, human",10,0.004987531172069825
Indonesia_PBMC,scgpt_embeddings,logreg,plasmacytoid dendritic cell,lymphocyte,0,0.0
Indonesia_PBMC,scgpt_embeddings,logreg,plasmacytoid dendritic cell,memory B cell,1,0.0004987531172069825
Indonesia_PBMC,scgpt_embeddings,logreg,plasmacytoid dendritic cell,naive B cell,1,0.0004987531172069825
Indonesia_PBMC,scgpt_embeddings,logreg,plasmacytoid dendritic cell,"naive thymus-derived CD8-positive, alpha-beta T cell",2,0.000997506234413965
Indonesia_PBMC,scgpt_embeddings,logreg,plasmacytoid dendritic cell,natural killer cell,2,0.000997506234413965
Indonesia_PBMC,scgpt_embeddings,logreg,plasmacytoid dendritic cell,plasma cell,0,0.0
Indonesia_PBMC,scgpt_embeddings,logreg,plasmacytoid dendritic cell,plasmacytoid dendritic cell,1981,0.9880299251870324
Indonesia_PBMC,scgpt_embeddings,logreg,plasmacytoid dendritic cell,platelet,0,0.0
Indonesia_PBMC,scgpt_embeddings,logreg,platelet,CD14-positive monocyte,25,0.00829737802854298
Indonesia_PBMC,scgpt_embeddings,logreg,platelet,"CD14-positive, CD16-positive monocyte",2,0.0006637902422834385
Indonesia_PBMC,scgpt_embeddings,logreg,platelet,"CD4-positive, alpha-beta T cell",98,0.032525721871888486
Indonesia_PBMC,scgpt_embeddings,logreg,platelet,"CD8-positive, alpha-beta T cell",47,0.015599070693660804
Indonesia_PBMC,scgpt_embeddings,logreg,platelet,"dendritic cell, human",0,0.0
Indonesia_PBMC,scgpt_embeddings,logreg,platelet,lymphocyte,0,0.0
Indonesia_PBMC,scgpt_embeddings,logreg,platelet,memory B cell,9,0.002987056090275473
Indonesia_PBMC,scgpt_embeddings,logreg,platelet,naive B cell,5,0.001659475605708596
Indonesia_PBMC,scgpt_embeddings,logreg,platelet,"naive thymus-derived CD8-positive, alpha-beta T cell",13,0.00431463657484235
Indonesia_PBMC,scgpt_embeddings,logreg,platelet,natural killer cell,33,0.010952538997676734
Indonesia_PBMC,scgpt_embeddings,logreg,platelet,plasma cell,0,0.0
Indonesia_PBMC,scgpt_embeddings,logreg,platelet,plasmacytoid dendritic cell,0,0.0
Indonesia_PBMC,scgpt_embeddings,logreg,platelet,platelet,2781,0.9230003318951211
Indonesia_PBMC,scgpt_embeddings,random_forest,CD14-positive monocyte,CD14-positive monocyte,50514,0.9897137483101158
Indonesia_PBMC,scgpt_embeddings,random_forest,CD14-positive monocyte,"CD14-positive, CD16-positive monocyte",354,0.0069358725680362075
Indonesia_PBMC,scgpt_embeddings,random_forest,CD14-positive monocyte,"CD4-positive, alpha-beta T cell",25,0.0004898215090421051
Indonesia_PBMC,scgpt_embeddings,random_forest,CD14-positive monocyte,"CD8-positive, alpha-beta T cell",8,0.0001567428828934736
Indonesia_PBMC,scgpt_embeddings,random_forest,CD14-positive monocyte,"dendritic cell, human",112,0.0021944003605086308
Indonesia_PBMC,scgpt_embeddings,random_forest,CD14-positive monocyte,lymphocyte,0,0.0
Indonesia_PBMC,scgpt_embeddings,random_forest,CD14-positive monocyte,memory B cell,3,5.8778581085052606e-05
Indonesia_PBMC,scgpt_embeddings,random_forest,CD14-positive monocyte,naive B cell,2,3.91857207233684e-05
Indonesia_PBMC,scgpt_embeddings,random_forest,CD14-positive monocyte,"naive thymus-derived CD8-positive, alpha-beta T cell",0,0.0
Indonesia_PBMC,scgpt_embeddings,random_forest,CD14-positive monocyte,natural killer cell,14,0.00027430004506357884
Indonesia_PBMC,scgpt_embeddings,random_forest,CD14-positive monocyte,plasma cell,0,0.0
Indonesia_PBMC,scgpt_embeddings,random_forest,CD14-positive monocyte,plasmacytoid dendritic cell,0,0.0
Indonesia_PBMC,scgpt_embeddings,random_forest,CD14-positive monocyte,platelet,7,0.00013715002253178942
Indonesia_PBMC,scgpt_embeddings,random_forest,"CD14-positive, CD16-positive monocyte",CD14-positive monocyte,457,0.03384433088943198
Indonesia_PBMC,scgpt_embeddings,random_forest,"CD14-positive, CD16-positive monocyte","CD14-positive, CD16-positive monocyte",13023,0.9644523439235725
Indonesia_PBMC,scgpt_embeddings,random_forest,"CD14-positive, CD16-positive monocyte","CD4-positive, alpha-beta T cell",16,0.0011849218692142488
Indonesia_PBMC,scgpt_embeddings,random_forest,"CD14-positive, CD16-positive monocyte","CD8-positive, alpha-beta T cell",1,7.405761682589055e-05
Indonesia_PBMC,scgpt_embeddings,random_forest,"CD14-positive, CD16-positive monocyte","dendritic cell, human",0,0.0
Indonesia_PBMC,scgpt_embeddings,random_forest,"CD14-positive, CD16-positive monocyte",lymphocyte,0,0.0
Indonesia_PBMC,scgpt_embeddings,random_forest,"CD14-positive, CD16-positive monocyte",memory B cell,2,0.0001481152336517811
Indonesia_PBMC,scgpt_embeddings,random_forest,"CD14-positive, CD16-positive monocyte",naive B cell,0,0.0
Indonesia_PBMC,scgpt_embeddings,random_forest,"CD14-positive, CD16-positive monocyte","naive thymus-derived CD8-positive, alpha-beta T cell",0,0.0
Indonesia_PBMC,scgpt_embeddings,random_forest,"CD14-positive, CD16-positive monocyte",natural killer cell,3,0.00022217285047767163
Indonesia_PBMC,scgpt_embeddings,random_forest,"CD14-positive, CD16-positive monocyte",plasma cell,1,7.405761682589055e-05
Indonesia_PBMC,scgpt_embeddings,random_forest,"CD14-positive, CD16-positive monocyte",plasmacytoid dendritic cell,0,0.0
Indonesia_PBMC,scgpt_embeddings,random_forest,"CD14-positive, CD16-positive monocyte",platelet,0,0.0
Indonesia_PBMC,scgpt_embeddings,random_forest,"CD4-positive, alpha-beta T cell",CD14-positive monocyte,66,0.00048722510538088456
Indonesia_PBMC,scgpt_embeddings,random_forest,"CD4-positive, alpha-beta T cell","CD14-positive, CD16-positive monocyte",20,0.00014764397132754076
Indonesia_PBMC,scgpt_embeddings,random_forest,"CD4-positive, alpha-beta T cell","CD4-positive, alpha-beta T cell",129630,0.9569544001594555
Indonesia_PBMC,scgpt_embeddings,random_forest,"CD4-positive, alpha-beta T cell","CD8-positive, alpha-beta T cell",3879,0.028635548238976533
Indonesia_PBMC,scgpt_embeddings,random_forest,"CD4-positive, alpha-beta T cell","dendritic cell, human",3,2.2146595699131117e-05
Indonesia_PBMC,scgpt_embeddings,random_forest,"CD4-positive, alpha-beta T cell",lymphocyte,14,0.00010335077992927854
Indonesia_PBMC,scgpt_embeddings,random_forest,"CD4-positive, alpha-beta T cell",memory B cell,88,0.0006496334738411793
Indonesia_PBMC,scgpt_embeddings,random_forest,"CD4-positive, alpha-beta T cell",naive B cell,27,0.00019931936129218003
Indonesia_PBMC,scgpt_embeddings,random_forest,"CD4-positive, alpha-beta T cell","naive thymus-derived CD8-positive, alpha-beta T cell",1545,0.011405496785052524
Indonesia_PBMC,scgpt_embeddings,random_forest,"CD4-positive, alpha-beta T cell",natural killer cell,129,0.0009523036150626379
Indonesia_PBMC,scgpt_embeddings,random_forest,"CD4-positive, alpha-beta T cell",plasma cell,1,7.382198566377038e-06
Indonesia_PBMC,scgpt_embeddings,random_forest,"CD4-positive, alpha-beta T cell",plasmacytoid dendritic cell,3,2.2146595699131117e-05
Indonesia_PBMC,scgpt_embeddings,random_forest,"CD4-positive, alpha-beta T cell",platelet,56,0.00041340311971711416
Indonesia_PBMC,scgpt_embeddings,random_forest,"CD8-positive, alpha-beta T cell",CD14-positive monocyte,16,0.00017461720634297
Indonesia_PBMC,scgpt_embeddings,random_forest,"CD8-positive, alpha-beta T cell","CD14-positive, CD16-positive monocyte",6,6.548145237861375e-05
Indonesia_PBMC,scgpt_embeddings,random_forest,"CD8-positive, alpha-beta T cell","CD4-positive, alpha-beta T cell",4917,0.05366205022427398
Indonesia_PBMC,scgpt_embeddings,random_forest,"CD8-positive, alpha-beta T cell","CD8-positive, alpha-beta T cell",78491,0.8566174464416287
Indonesia_PBMC,scgpt_embeddings,random_forest,"CD8-positive, alpha-beta T cell","dendritic cell, human",1,1.0913575396435626e-05
Indonesia_PBMC,scgpt_embeddings,random_forest,"CD8-positive, alpha-beta T cell",lymphocyte,4,4.36543015857425e-05
Indonesia_PBMC,scgpt_embeddings,random_forest,"CD8-positive, alpha-beta T cell",memory B cell,20,0.00021827150792871252
Indonesia_PBMC,scgpt_embeddings,random_forest,"CD8-positive, alpha-beta T cell",naive B cell,7,7.639502777504938e-05
Indonesia_PBMC,scgpt_embeddings,random_forest,"CD8-positive, alpha-beta T cell","naive thymus-derived CD8-positive, alpha-beta T cell",217,0.002368245861026531
Indonesia_PBMC,scgpt_embeddings,random_forest,"CD8-positive, alpha-beta T cell",natural killer cell,7891,0.08611902345327353
Indonesia_PBMC,scgpt_embeddings,random_forest,"CD8-positive, alpha-beta T cell",plasma cell,0,0.0
Indonesia_PBMC,scgpt_embeddings,random_forest,"CD8-positive, alpha-beta T cell",plasmacytoid dendritic cell,0,0.0
Indonesia_PBMC,scgpt_embeddings,random_forest,"CD8-positive, alpha-beta T cell",platelet,59,0.0006439009483897019
Indonesia_PBMC,scgpt_embeddings,random_forest,"dendritic cell, human",CD14-positive monocyte,247,0.05647005029721079
Indonesia_PBMC,scgpt_embeddings,random_forest,"dendritic cell, human","CD14-positive, CD16-positive monocyte",1,0.00022862368541380886
Indonesia_PBMC,scgpt_embeddings,random_forest,"dendritic cell, human","CD4-positive, alpha-beta T cell",11,0.002514860539551898
Indonesia_PBMC,scgpt_embeddings,random_forest,"dendritic cell, human","CD8-positive, alpha-beta T cell",0,0.0
Indonesia_PBMC,scgpt_embeddings,random_forest,"dendritic cell, human","dendritic cell, human",4103,0.9380429812528578
Indonesia_PBMC,scgpt_embeddings,random_forest,"dendritic cell, human",lymphocyte,0,0.0
Indonesia_PBMC,scgpt_embeddings,random_forest,"dendritic cell, human",memory B cell,4,0.0009144947416552355
Indonesia_PBMC,scgpt_embeddings,random_forest,"dendritic cell, human",naive B cell,0,0.0
Indonesia_PBMC,scgpt_embeddings,random_forest,"dendritic cell, human","naive thymus-derived CD8-positive, alpha-beta T cell",0,0.0
Indonesia_PBMC,scgpt_embeddings,random_forest,"dendritic cell, human",natural killer cell,1,0.00022862368541380886
Indonesia_PBMC,scgpt_embeddings,random_forest,"dendritic cell, human",plasma cell,0,0.0
Indonesia_PBMC,scgpt_embeddings,random_forest,"dendritic cell, human",plasmacytoid dendritic cell,7,0.001600365797896662
Indonesia_PBMC,scgpt_embeddings,random_forest,"dendritic cell, human",platelet,0,0.0
Indonesia_PBMC,scgpt_embeddings,random_forest,lymphocyte,CD14-positive monocyte,0,0.0
Indonesia_PBMC,scgpt_embeddings,random_forest,lymphocyte,"CD14-positive, CD16-positive monocyte",0,0.0
Indonesia_PBMC,scgpt_embeddings,random_forest,lymphocyte,"CD4-positive, alpha-beta T cell",93,0.04752171691364333
Indonesia_PBMC,scgpt_embeddings,random_forest,lymphocyte,"CD8-positive, alpha-beta T cell",101,0.0516096065406234
Indonesia_PBMC,scgpt_embeddings,random_forest,lymphocyte,"dendritic cell, human",5,0.0025549310168625446
Indonesia_PBMC,scgpt_embeddings,random_forest,lymphocyte,lymphocyte,1610,0.8226877874297394
Indonesia_PBMC,scgpt_embeddings,random_forest,lymphocyte,memory B cell,8,0.004087889626980072
Indonesia_PBMC,scgpt_embeddings,random_forest,lymphocyte,naive B cell,0,0.0
Indonesia_PBMC,scgpt_embeddings,random_forest,lymphocyte,"naive thymus-derived CD8-positive, alpha-beta T cell",0,0.0
Indonesia_PBMC,scgpt_embeddings,random_forest,lymphocyte,natural killer cell,135,0.06898313745528871
Indonesia_PBMC,scgpt_embeddings,random_forest,lymphocyte,plasma cell,4,0.002043944813490036
Indonesia_PBMC,scgpt_embeddings,random_forest,lymphocyte,plasmacytoid dendritic cell,1,0.000510986203372509
Indonesia_PBMC,scgpt_embeddings,random_forest,lymphocyte,platelet,0,0.0
Indonesia_PBMC,scgpt_embeddings,random_forest,memory B cell,CD14-positive monocyte,19,0.0006992492271455911
Indonesia_PBMC,scgpt_embeddings,random_forest,memory B cell,"CD14-positive, CD16-positive monocyte",2,7.360518180479906e-05
Indonesia_PBMC,scgpt_embeddings,random_forest,memory B cell,"CD4-positive, alpha-beta T cell",51,0.001876932136022376
Indonesia_PBMC,scgpt_embeddings,random_forest,memory B cell,"CD8-positive, alpha-beta T cell",18,0.0006624466362431915
Indonesia_PBMC,scgpt_embeddings,random_forest,memory B cell,"dendritic cell, human",0,0.0
Indonesia_PBMC,scgpt_embeddings,random_forest,memory B cell,lymphocyte,0,0.0
Indonesia_PBMC,scgpt_embeddings,random_forest,memory B cell,memory B cell,24960,0.9185926689238922
Indonesia_PBMC,scgpt_embeddings,random_forest,memory B cell,naive B cell,2098,0.07721183571323421
Indonesia_PBMC,scgpt_embeddings,random_forest,memory B cell,"naive thymus-derived CD8-positive, alpha-beta T cell",0,0.0
Indonesia_PBMC,scgpt_embeddings,random_forest,memory B cell,natural killer cell,15,0.000552038863535993
Indonesia_PBMC,scgpt_embeddings,random_forest,memory B cell,plasma cell,1,3.680259090239953e-05
Indonesia_PBMC,scgpt_embeddings,random_forest,memory B cell,plasmacytoid dendritic cell,2,7.360518180479906e-05
Indonesia_PBMC,scgpt_embeddings,random_forest,memory B cell,platelet,6,0.00022081554541439718
Indonesia_PBMC,scgpt_embeddings,random_forest,naive B cell,CD14-positive monocyte,10,0.0004614248800295312
Indonesia_PBMC,scgpt_embeddings,random_forest,naive B cell,"CD14-positive, CD16-positive monocyte",1,4.614248800295312e-05
Indonesia_PBMC,scgpt_embeddings,random_forest,naive B cell,"CD4-positive, alpha-beta T cell",44,0.002030269472129937
Indonesia_PBMC,scgpt_embeddings,random_forest,naive B cell,"CD8-positive, alpha-beta T cell",29,0.0013381321520856404
Indonesia_PBMC,scgpt_embeddings,random_forest,naive B cell,"dendritic cell, human",0,0.0
Indonesia_PBMC,scgpt_embeddings,random_forest,naive B cell,lymphocyte,0,0.0
Indonesia_PBMC,scgpt_embeddings,random_forest,naive B cell,memory B cell,1927,0.08891657438169066
Indonesia_PBMC,scgpt_embeddings,random_forest,naive B cell,naive B cell,19623,0.905454042081949
Indonesia_PBMC,scgpt_embeddings,random_forest,naive B cell,"naive thymus-derived CD8-positive, alpha-beta T cell",0,0.0
Indonesia_PBMC,scgpt_embeddings,random_forest,naive B cell,natural killer cell,33,0.001522702104097453
Indonesia_PBMC,scgpt_embeddings,random_forest,naive B cell,plasma cell,0,0.0
Indonesia_PBMC,scgpt_embeddings,random_forest,naive B cell,plasmacytoid dendritic cell,0,0.0
Indonesia_PBMC,scgpt_embeddings,random_forest,naive B cell,platelet,5,0.0002307124400147656
Indonesia_PBMC,scgpt_embeddings,random_forest,"naive thymus-derived CD8-positive, alpha-beta T cell",CD14-positive monocyte,6,0.00022748815165876777
Indonesia_PBMC,scgpt_embeddings,random_forest,"naive thymus-derived CD8-positive, alpha-beta T cell","CD14-positive, CD16-positive monocyte",2,7.582938388625592e-05
Indonesia_PBMC,scgpt_embeddings,random_forest,"naive thymus-derived CD8-positive, alpha-beta T cell","CD4-positive, alpha-beta T cell",9217,0.34945971563981043
Indonesia_PBMC,scgpt_embeddings,random_forest,"naive thymus-derived CD8-positive, alpha-beta T cell","CD8-positive, alpha-beta T cell",869,0.032947867298578196
Indonesia_PBMC,scgpt_embeddings,random_forest,"naive thymus-derived CD8-positive, alpha-beta T cell","dendritic cell, human",0,0.0
Indonesia_PBMC,scgpt_embeddings,random_forest,"naive thymus-derived CD8-positive, alpha-beta T cell",lymphocyte,0,0.0
Indonesia_PBMC,scgpt_embeddings,random_forest,"naive thymus-derived CD8-positive, alpha-beta T cell",memory B cell,5,0.0001895734597156398
Indonesia_PBMC,scgpt_embeddings,random_forest,"naive thymus-derived CD8-positive, alpha-beta T cell",naive B cell,4,0.00015165876777251184
Indonesia_PBMC,scgpt_embeddings,random_forest,"naive thymus-derived CD8-positive, alpha-beta T cell","naive thymus-derived CD8-positive, alpha-beta T cell",16245,0.6159241706161137
Indonesia_PBMC,scgpt_embeddings,random_forest,"naive thymus-derived CD8-positive, alpha-beta T cell",natural killer cell,1,3.791469194312796e-05
Indonesia_PBMC,scgpt_embeddings,random_forest,"naive thymus-derived CD8-positive, alpha-beta T cell",plasma cell,0,0.0
Indonesia_PBMC,scgpt_embeddings,random_forest,"naive thymus-derived CD8-positive, alpha-beta T cell",plasmacytoid dendritic cell,0,0.0
Indonesia_PBMC,scgpt_embeddings,random_forest,"naive thymus-derived CD8-positive, alpha-beta T cell",platelet,26,0.000985781990521327
Indonesia_PBMC,scgpt_embeddings,random_forest,natural killer cell,CD14-positive monocyte,56,0.0006878846319203037
Indonesia_PBMC,scgpt_embeddings,random_forest,natural killer cell,"CD14-positive, CD16-positive monocyte",13,0.00015968750383864191
Indonesia_PBMC,scgpt_embeddings,random_forest,natural killer cell,"CD4-positive, alpha-beta T cell",198,0.0024321635200039307
Indonesia_PBMC,scgpt_embeddings,random_forest,natural killer cell,"CD8-positive, alpha-beta T cell",6925,0.0850643049294304
Indonesia_PBMC,scgpt_embeddings,random_forest,natural killer cell,"dendritic cell, human",1,1.2283654141433994e-05
Indonesia_PBMC,scgpt_embeddings,random_forest,natural killer cell,lymphocyte,19,0.00023338942868724588
Indonesia_PBMC,scgpt_embeddings,random_forest,natural killer cell,memory B cell,12,0.00014740384969720794
Indonesia_PBMC,scgpt_embeddings,random_forest,natural killer cell,naive B cell,8,9.826923313147195e-05
Indonesia_PBMC,scgpt_embeddings,random_forest,natural killer cell,"naive thymus-derived CD8-positive, alpha-beta T cell",1,1.2283654141433994e-05
Indonesia_PBMC,scgpt_embeddings,random_forest,natural killer cell,natural killer cell,74140,0.9107101180459163
Indonesia_PBMC,scgpt_embeddings,random_forest,natural killer cell,plasma cell,0,0.0
Indonesia_PBMC,scgpt_embeddings,random_forest,natural killer cell,plasmacytoid dendritic cell,1,1.2283654141433994e-05
Indonesia_PBMC,scgpt_embeddings,random_forest,natural killer cell,platelet,35,0.0004299278949501898
Indonesia_PBMC,scgpt_embeddings,random_forest,plasma cell,CD14-positive monocyte,0,0.0
Indonesia_PBMC,scgpt_embeddings,random_forest,plasma cell,"CD14-positive, CD16-positive monocyte",0,0.0
Indonesia_PBMC,scgpt_embeddings,random_forest,plasma cell,"CD4-positive, alpha-beta T cell",42,0.01731958762886598
Indonesia_PBMC,scgpt_embeddings,random_forest,plasma cell,"CD8-positive, alpha-beta T cell",2,0.0008247422680412372
Indonesia_PBMC,scgpt_embeddings,random_forest,plasma cell,"dendritic cell, human",1,0.0004123711340206186
Indonesia_PBMC,scgpt_embeddings,random_forest,plasma cell,lymphocyte,0,0.0
Indonesia_PBMC,scgpt_embeddings,random_forest,plasma cell,memory B cell,2,0.0008247422680412372
Indonesia_PBMC,scgpt_embeddings,random_forest,plasma cell,naive B cell,0,0.0
Indonesia_PBMC,scgpt_embeddings,random_forest,plasma cell,"naive thymus-derived CD8-positive, alpha-beta T cell",0,0.0
Indonesia_PBMC,scgpt_embeddings,random_forest,plasma cell,natural killer cell,1,0.0004123711340206186
Indonesia_PBMC,scgpt_embeddings,random_forest,plasma cell,plasma cell,2376,0.9797938144329897
Indonesia_PBMC,scgpt_embeddings,random_forest,plasma cell,plasmacytoid dendritic cell,0,0.0
Indonesia_PBMC,scgpt_embeddings,random_forest,plasma cell,platelet,1,0.0004123711340206186
Indonesia_PBMC,scgpt_embeddings,random_forest,plasmacytoid dendritic cell,CD14-positive monocyte,3,0.0014962593516209476
Indonesia_PBMC,scgpt_embeddings,random_forest,plasmacytoid dendritic cell,"CD14-positive, CD16-positive monocyte",0,0.0
Indonesia_PBMC,scgpt_embeddings,random_forest,plasmacytoid dendritic cell,"CD4-positive, alpha-beta T cell",33,0.016458852867830425
Indonesia_PBMC,scgpt_embeddings,random_forest,plasmacytoid dendritic cell,"CD8-positive, alpha-beta T cell",3,0.0014962593516209476
Indonesia_PBMC,scgpt_embeddings,random_forest,plasmacytoid dendritic cell,"dendritic cell, human",11,0.005486284289276808
Indonesia_PBMC,scgpt_embeddings,random_forest,plasmacytoid dendritic cell,lymphocyte,0,0.0
Indonesia_PBMC,scgpt_embeddings,random_forest,plasmacytoid dendritic cell,memory B cell,2,0.000997506234413965
Indonesia_PBMC,scgpt_embeddings,random_forest,plasmacytoid dendritic cell,naive B cell,1,0.0004987531172069825
Indonesia_PBMC,scgpt_embeddings,random_forest,plasmacytoid dendritic cell,"naive thymus-derived CD8-positive, alpha-beta T cell",0,0.0
Indonesia_PBMC,scgpt_embeddings,random_forest,plasmacytoid dendritic cell,natural killer cell,0,0.0
Indonesia_PBMC,scgpt_embeddings,random_forest,plasmacytoid dendritic cell,plasma cell,0,0.0
Indonesia_PBMC,scgpt_embeddings,random_forest,plasmacytoid dendritic cell,plasmacytoid dendritic cell,1952,0.97356608478803
Indonesia_PBMC,scgpt_embeddings,random_forest,plasmacytoid dendritic cell,platelet,0,0.0
Indonesia_PBMC,scgpt_embeddings,random_forest,platelet,CD14-positive monocyte,66,0.02190507799535347
Indonesia_PBMC,scgpt_embeddings,random_forest,platelet,"CD14-positive, CD16-positive monocyte",8,0.002655160969133754
Indonesia_PBMC,scgpt_embeddings,random_forest,platelet,"CD4-positive, alpha-beta T cell",220,0.07301692665117823
Indonesia_PBMC,scgpt_embeddings,random_forest,platelet,"CD8-positive, alpha-beta T cell",113,0.03750414868901427
Indonesia_PBMC,scgpt_embeddings,random_forest,platelet,"dendritic cell, human",2,0.0006637902422834385
Indonesia_PBMC,scgpt_embeddings,random_forest,platelet,lymphocyte,0,0.0
Indonesia_PBMC,scgpt_embeddings,random_forest,platelet,memory B cell,15,0.004978426817125788
Indonesia_PBMC,scgpt_embeddings,random_forest,platelet,naive B cell,12,0.003982741453700631
Indonesia_PBMC,scgpt_embeddings,random_forest,platelet,"naive thymus-derived CD8-positive, alpha-beta T cell",15,0.004978426817125788
Indonesia_PBMC,scgpt_embeddings,random_forest,platelet,natural killer cell,65,0.021573182874211748
Indonesia_PBMC,scgpt_embeddings,random_forest,platelet,plasma cell,0,0.0
Indonesia_PBMC,scgpt_embeddings,random_forest,platelet,plasmacytoid dendritic cell,0,0.0
Indonesia_PBMC,scgpt_embeddings,random_forest,platelet,platelet,2497,0.8287421174908729
Indonesia_PBMC,scgpt_embeddings,xgboost,CD14-positive monocyte,CD14-positive monocyte,50456,0.9885773624091381
Indonesia_PBMC,scgpt_embeddings,xgboost,CD14-positive monocyte,"CD14-positive, CD16-positive monocyte",356,0.006975058288759576
Indonesia_PBMC,scgpt_embeddings,xgboost,CD14-positive monocyte,"CD4-positive, alpha-beta T cell",19,0.00037226434687199985
Indonesia_PBMC,scgpt_embeddings,xgboost,CD14-positive monocyte,"CD8-positive, alpha-beta T cell",13,0.00025470718470189463
Indonesia_PBMC,scgpt_embeddings,xgboost,CD14-positive monocyte,"dendritic cell, human",137,0.0026842218695507358
Indonesia_PBMC,scgpt_embeddings,xgboost,CD14-positive monocyte,lymphocyte,0,0.0
Indonesia_PBMC,scgpt_embeddings,xgboost,CD14-positive monocyte,memory B cell,8,0.0001567428828934736
Indonesia_PBMC,scgpt_embeddings,xgboost,CD14-positive monocyte,naive B cell,2,3.91857207233684e-05
Indonesia_PBMC,scgpt_embeddings,xgboost,CD14-positive monocyte,"naive thymus-derived CD8-positive, alpha-beta T cell",0,0.0
Indonesia_PBMC,scgpt_embeddings,xgboost,CD14-positive monocyte,natural killer cell,27,0.0005290072297654734
Indonesia_PBMC,scgpt_embeddings,xgboost,CD14-positive monocyte,plasma cell,0,0.0
Indonesia_PBMC,scgpt_embeddings,xgboost,CD14-positive monocyte,plasmacytoid dendritic cell,0,0.0
Indonesia_PBMC,scgpt_embeddings,xgboost,CD14-positive monocyte,platelet,21,0.00041145006759536827
Indonesia_PBMC,scgpt_embeddings,xgboost,"CD14-positive, CD16-positive monocyte",CD14-positive monocyte,393,0.029104643412574984
Indonesia_PBMC,scgpt_embeddings,xgboost,"CD14-positive, CD16-positive monocyte","CD14-positive, CD16-positive monocyte",13083,0.968895800933126
Indonesia_PBMC,scgpt_embeddings,xgboost,"CD14-positive, CD16-positive monocyte","CD4-positive, alpha-beta T cell",9,0.0006665185514330149
Indonesia_PBMC,scgpt_embeddings,xgboost,"CD14-positive, CD16-positive monocyte","CD8-positive, alpha-beta T cell",2,0.0001481152336517811
Indonesia_PBMC,scgpt_embeddings,xgboost,"CD14-positive, CD16-positive monocyte","dendritic cell, human",0,0.0
Indonesia_PBMC,scgpt_embeddings,xgboost,"CD14-positive, CD16-positive monocyte",lymphocyte,0,0.0
Indonesia_PBMC,scgpt_embeddings,xgboost,"CD14-positive, CD16-positive monocyte",memory B cell,1,7.405761682589055e-05
Indonesia_PBMC,scgpt_embeddings,xgboost,"CD14-positive, CD16-positive monocyte",naive B cell,1,7.405761682589055e-05
Indonesia_PBMC,scgpt_embeddings,xgboost,"CD14-positive, CD16-positive monocyte","naive thymus-derived CD8-positive, alpha-beta T cell",0,0.0
Indonesia_PBMC,scgpt_embeddings,xgboost,"CD14-positive, CD16-positive monocyte",natural killer cell,9,0.0006665185514330149
Indonesia_PBMC,scgpt_embeddings,xgboost,"CD14-positive, CD16-positive monocyte",plasma cell,1,7.405761682589055e-05
Indonesia_PBMC,scgpt_embeddings,xgboost,"CD14-positive, CD16-positive monocyte",plasmacytoid dendritic cell,0,0.0
Indonesia_PBMC,scgpt_embeddings,xgboost,"CD14-positive, CD16-positive monocyte",platelet,4,0.0002962304673035622
Indonesia_PBMC,scgpt_embeddings,xgboost,"CD4-positive, alpha-beta T cell",CD14-positive monocyte,37,0.0002731413469559504
Indonesia_PBMC,scgpt_embeddings,xgboost,"CD4-positive, alpha-beta T cell","CD14-positive, CD16-positive monocyte",17,0.00012549737562840966
Indonesia_PBMC,scgpt_embeddings,xgboost,"CD4-positive, alpha-beta T cell","CD4-positive, alpha-beta T cell",129339,0.9548061803766398
Indonesia_PBMC,scgpt_embeddings,xgboost,"CD4-positive, alpha-beta T cell","CD8-positive, alpha-beta T cell",3651,0.026952406965842567
Indonesia_PBMC,scgpt_embeddings,xgboost,"CD4-positive, alpha-beta T cell","dendritic cell, human",3,2.2146595699131117e-05
Indonesia_PBMC,scgpt_embeddings,xgboost,"CD4-positive, alpha-beta T cell",lymphocyte,19,0.00014026177276116374
Indonesia_PBMC,scgpt_embeddings,xgboost,"CD4-positive, alpha-beta T cell",memory B cell,67,0.0004946073039472616
Indonesia_PBMC,scgpt_embeddings,xgboost,"CD4-positive, alpha-beta T cell",naive B cell,29,0.0002140837584249341
Indonesia_PBMC,scgpt_embeddings,xgboost,"CD4-positive, alpha-beta T cell","naive thymus-derived CD8-positive, alpha-beta T cell",2105,0.015539527982223666
Indonesia_PBMC,scgpt_embeddings,xgboost,"CD4-positive, alpha-beta T cell",natural killer cell,93,0.0006865444666730645
Indonesia_PBMC,scgpt_embeddings,xgboost,"CD4-positive, alpha-beta T cell",plasma cell,12,8.858638279652447e-05
Indonesia_PBMC,scgpt_embeddings,xgboost,"CD4-positive, alpha-beta T cell",plasmacytoid dendritic cell,5,3.691099283188519e-05
Indonesia_PBMC,scgpt_embeddings,xgboost,"CD4-positive, alpha-beta T cell",platelet,84,0.0006201046795756712
Indonesia_PBMC,scgpt_embeddings,xgboost,"CD8-positive, alpha-beta T cell",CD14-positive monocyte,7,7.639502777504938e-05
Indonesia_PBMC,scgpt_embeddings,xgboost,"CD8-positive, alpha-beta T cell","CD14-positive, CD16-positive monocyte",2,2.182715079287125e-05
Indonesia_PBMC,scgpt_embeddings,xgboost,"CD8-positive, alpha-beta T cell","CD4-positive, alpha-beta T cell",3209,0.03502166344716193
Indonesia_PBMC,scgpt_embeddings,xgboost,"CD8-positive, alpha-beta T cell","CD8-positive, alpha-beta T cell",80674,0.8804417815320477
Indonesia_PBMC,scgpt_embeddings,xgboost,"CD8-positive, alpha-beta T cell","dendritic cell, human",0,0.0
Indonesia_PBMC,scgpt_embeddings,xgboost,"CD8-positive, alpha-beta T cell",lymphocyte,16,0.00017461720634297
Indonesia_PBMC,scgpt_embeddings,xgboost,"CD8-positive, alpha-beta T cell",memory B cell,16,0.00017461720634297
Indonesia_PBMC,scgpt_embeddings,xgboost,"CD8-positive, alpha-beta T cell",naive B cell,17,0.00018553078173940565
Indonesia_PBMC,scgpt_embeddings,xgboost,"CD8-positive, alpha-beta T cell","naive thymus-derived CD8-positive, alpha-beta T cell",388,0.004234467253817023
Indonesia_PBMC,scgpt_embeddings,xgboost,"CD8-positive, alpha-beta T cell",natural killer cell,7234,0.07894880441781532
Indonesia_PBMC,scgpt_embeddings,xgboost,"CD8-positive, alpha-beta T cell",plasma cell,0,0.0
Indonesia_PBMC,scgpt_embeddings,xgboost,"CD8-positive, alpha-beta T cell",plasmacytoid dendritic cell,0,0.0
Indonesia_PBMC,scgpt_embeddings,xgboost,"CD8-positive, alpha-beta T cell",platelet,66,0.0007202959761647514
Indonesia_PBMC,scgpt_embeddings,xgboost,"dendritic cell, human",CD14-positive monocyte,215,0.04915409236396891
Indonesia_PBMC,scgpt_embeddings,xgboost,"dendritic cell, human","CD14-positive, CD16-positive monocyte",2,0.0004572473708276177
Indonesia_PBMC,scgpt_embeddings,xgboost,"dendritic cell, human","CD4-positive, alpha-beta T cell",4,0.0009144947416552355
Indonesia_PBMC,scgpt_embeddings,xgboost,"dendritic cell, human","CD8-positive, alpha-beta T cell",0,0.0
Indonesia_PBMC,scgpt_embeddings,xgboost,"dendritic cell, human","dendritic cell, human",4136,0.9455875628715135
Indonesia_PBMC,scgpt_embeddings,xgboost,"dendritic cell, human",lymphocyte,1,0.00022862368541380886
Indonesia_PBMC,scgpt_embeddings,xgboost,"dendritic cell, human",memory B cell,2,0.0004572473708276177
Indonesia_PBMC,scgpt_embeddings,xgboost,"dendritic cell, human",naive B cell,0,0.0
Indonesia_PBMC,scgpt_embeddings,xgboost,"dendritic cell, human","naive thymus-derived CD8-positive, alpha-beta T cell",0,0.0
Indonesia_PBMC,scgpt_embeddings,xgboost,"dendritic cell, human",natural killer cell,2,0.0004572473708276177
Indonesia_PBMC,scgpt_embeddings,xgboost,"dendritic cell, human",plasma cell,0,0.0
Indonesia_PBMC,scgpt_embeddings,xgboost,"dendritic cell, human",plasmacytoid dendritic cell,11,0.002514860539551898
Indonesia_PBMC,scgpt_embeddings,xgboost,"dendritic cell, human",platelet,1,0.00022862368541380886
Indonesia_PBMC,scgpt_embeddings,xgboost,lymphocyte,CD14-positive monocyte,0,0.0
Indonesia_PBMC,scgpt_embeddings,xgboost,lymphocyte,"CD14-positive, CD16-positive monocyte",0,0.0
Indonesia_PBMC,scgpt_embeddings,xgboost,lymphocyte,"CD4-positive, alpha-beta T cell",37,0.01890648952478283
Indonesia_PBMC,scgpt_embeddings,xgboost,lymphocyte,"CD8-positive, alpha-beta T cell",44,0.022483392948390392
Indonesia_PBMC,scgpt_embeddings,xgboost,lymphocyte,"dendritic cell, human",2,0.001021972406745018
Indonesia_PBMC,scgpt_embeddings,xgboost,lymphocyte,lymphocyte,1805,0.9223300970873787
Indonesia_PBMC,scgpt_embeddings,xgboost,lymphocyte,memory B cell,2,0.001021972406745018
Indonesia_PBMC,scgpt_embeddings,xgboost,lymphocyte,naive B cell,0,0.0
Indonesia_PBMC,scgpt_embeddings,xgboost,lymphocyte,"naive thymus-derived CD8-positive, alpha-beta T cell",0,0.0
Indonesia_PBMC,scgpt_embeddings,xgboost,lymphocyte,natural killer cell,63,0.032192130812468064
Indonesia_PBMC,scgpt_embeddings,xgboost,lymphocyte,plasma cell,4,0.002043944813490036
Indonesia_PBMC,scgpt_embeddings,xgboost,lymphocyte,plasmacytoid dendritic cell,0,0.0
Indonesia_PBMC,scgpt_embeddings,xgboost,lymphocyte,platelet,0,0.0
Indonesia_PBMC,scgpt_embeddings,xgboost,memory B cell,CD14-positive monocyte,11,0.0004048284999263948
Indonesia_PBMC,scgpt_embeddings,xgboost,memory B cell,"CD14-positive, CD16-positive monocyte",3,0.00011040777270719859
Indonesia_PBMC,scgpt_embeddings,xgboost,memory B cell,"CD4-positive, alpha-beta T cell",35,0.0012880906815839835
Indonesia_PBMC,scgpt_embeddings,xgboost,memory B cell,"CD8-positive, alpha-beta T cell",17,0.000625644045340792
Indonesia_PBMC,scgpt_embeddings,xgboost,memory B cell,"dendritic cell, human",0,0.0
Indonesia_PBMC,scgpt_embeddings,xgboost,memory B cell,lymphocyte,2,7.360518180479906e-05
Indonesia_PBMC,scgpt_embeddings,xgboost,memory B cell,memory B cell,25346,0.9327984690122184
Indonesia_PBMC,scgpt_embeddings,xgboost,memory B cell,naive B cell,1723,0.06341086412483439
Indonesia_PBMC,scgpt_embeddings,xgboost,memory B cell,"naive thymus-derived CD8-positive, alpha-beta T cell",0,0.0
Indonesia_PBMC,scgpt_embeddings,xgboost,memory B cell,natural killer cell,17,0.000625644045340792
Indonesia_PBMC,scgpt_embeddings,xgboost,memory B cell,plasma cell,3,0.00011040777270719859
Indonesia_PBMC,scgpt_embeddings,xgboost,memory B cell,plasmacytoid dendritic cell,1,3.680259090239953e-05
Indonesia_PBMC,scgpt_embeddings,xgboost,memory B cell,platelet,14,0.0005152362726335934
Indonesia_PBMC,scgpt_embeddings,xgboost,naive B cell,CD14-positive monocyte,4,0.00018456995201181247
Indonesia_PBMC,scgpt_embeddings,xgboost,naive B cell,"CD14-positive, CD16-positive monocyte",4,0.00018456995201181247
Indonesia_PBMC,scgpt_embeddings,xgboost,naive B cell,"CD4-positive, alpha-beta T cell",42,0.001937984496124031
Indonesia_PBMC,scgpt_embeddings,xgboost,naive B cell,"CD8-positive, alpha-beta T cell",21,0.0009689922480620155
Indonesia_PBMC,scgpt_embeddings,xgboost,naive B cell,"dendritic cell, human",0,0.0
Indonesia_PBMC,scgpt_embeddings,xgboost,naive B cell,lymphocyte,0,0.0
Indonesia_PBMC,scgpt_embeddings,xgboost,naive B cell,memory B cell,1461,0.06741417497231451
Indonesia_PBMC,scgpt_embeddings,xgboost,naive B cell,naive B cell,20100,0.9274640088593576
Indonesia_PBMC,scgpt_embeddings,xgboost,naive B cell,"naive thymus-derived CD8-positive, alpha-beta T cell",2,9.228497600590623e-05
Indonesia_PBMC,scgpt_embeddings,xgboost,naive B cell,natural killer cell,31,0.0014304171280915467
Indonesia_PBMC,scgpt_embeddings,xgboost,naive B cell,plasma cell,0,0.0
Indonesia_PBMC,scgpt_embeddings,xgboost,naive B cell,plasmacytoid dendritic cell,0,0.0
Indonesia_PBMC,scgpt_embeddings,xgboost,naive B cell,platelet,7,0.00032299741602067185
Indonesia_PBMC,scgpt_embeddings,xgboost,"naive thymus-derived CD8-positive, alpha-beta T cell",CD14-positive monocyte,4,0.00015165876777251184
Indonesia_PBMC,scgpt_embeddings,xgboost,"naive thymus-derived CD8-positive, alpha-beta T cell","CD14-positive, CD16-positive monocyte",2,7.582938388625592e-05
Indonesia_PBMC,scgpt_embeddings,xgboost,"naive thymus-derived CD8-positive, alpha-beta T cell","CD4-positive, alpha-beta T cell",5183,0.19651184834123223
Indonesia_PBMC,scgpt_embeddings,xgboost,"naive thymus-derived CD8-positive, alpha-beta T cell","CD8-positive, alpha-beta T cell",641,0.024303317535545023
Indonesia_PBMC,scgpt_embeddings,xgboost,"naive thymus-derived CD8-positive, alpha-beta T cell","dendritic cell, human",0,0.0
Indonesia_PBMC,scgpt_embeddings,xgboost,"naive thymus-derived CD8-positive, alpha-beta T cell",lymphocyte,1,3.791469194312796e-05
Indonesia_PBMC,scgpt_embeddings,xgboost,"naive thymus-derived CD8-positive, alpha-beta T cell",memory B cell,3,0.00011374407582938388
Indonesia_PBMC,scgpt_embeddings,xgboost,"naive thymus-derived CD8-positive, alpha-beta T cell",naive B cell,5,0.0001895734597156398
Indonesia_PBMC,scgpt_embeddings,xgboost,"naive thymus-derived CD8-positive, alpha-beta T cell","naive thymus-derived CD8-positive, alpha-beta T cell",20509,0.7775924170616114
Indonesia_PBMC,scgpt_embeddings,xgboost,"naive thymus-derived CD8-positive, alpha-beta T cell",natural killer cell,3,0.00011374407582938388
Indonesia_PBMC,scgpt_embeddings,xgboost,"naive thymus-derived CD8-positive, alpha-beta T cell",plasma cell,0,0.0
Indonesia_PBMC,scgpt_embeddings,xgboost,"naive thymus-derived CD8-positive, alpha-beta T cell",plasmacytoid dendritic cell,0,0.0
Indonesia_PBMC,scgpt_embeddings,xgboost,"naive thymus-derived CD8-positive, alpha-beta T cell",platelet,24,0.0009099526066350711
Indonesia_PBMC,scgpt_embeddings,xgboost,natural killer cell,CD14-positive monocyte,30,0.0003685096242430198
Indonesia_PBMC,scgpt_embeddings,xgboost,natural killer cell,"CD14-positive, CD16-positive monocyte",8,9.826923313147195e-05
Indonesia_PBMC,scgpt_embeddings,xgboost,natural killer cell,"CD4-positive, alpha-beta T cell",87,0.0010686779103047574
Indonesia_PBMC,scgpt_embeddings,xgboost,natural killer cell,"CD8-positive, alpha-beta T cell",6157,0.07563045854880909
Indonesia_PBMC,scgpt_embeddings,xgboost,natural killer cell,"dendritic cell, human",2,2.4567308282867987e-05
Indonesia_PBMC,scgpt_embeddings,xgboost,natural killer cell,lymphocyte,41,0.0005036298197987937
Indonesia_PBMC,scgpt_embeddings,xgboost,natural killer cell,memory B cell,12,0.00014740384969720794
Indonesia_PBMC,scgpt_embeddings,xgboost,natural killer cell,naive B cell,10,0.00012283654141433993
Indonesia_PBMC,scgpt_embeddings,xgboost,natural killer cell,"naive thymus-derived CD8-positive, alpha-beta T cell",3,3.6850962424301984e-05
Indonesia_PBMC,scgpt_embeddings,xgboost,natural killer cell,natural killer cell,75011,0.9214091808031053
Indonesia_PBMC,scgpt_embeddings,xgboost,natural killer cell,plasma cell,0,0.0
Indonesia_PBMC,scgpt_embeddings,xgboost,natural killer cell,plasmacytoid dendritic cell,2,2.4567308282867987e-05
Indonesia_PBMC,scgpt_embeddings,xgboost,natural killer cell,platelet,46,0.0005650480905059637
Indonesia_PBMC,scgpt_embeddings,xgboost,plasma cell,CD14-positive monocyte,0,0.0
Indonesia_PBMC,scgpt_embeddings,xgboost,plasma cell,"CD14-positive, CD16-positive monocyte",0,0.0
Indonesia_PBMC,scgpt_embeddings,xgboost,plasma cell,"CD4-positive, alpha-beta T cell",23,0.009484536082474227
Indonesia_PBMC,scgpt_embeddings,xgboost,plasma cell,"CD8-positive, alpha-beta T cell",4,0.0016494845360824743
Indonesia_PBMC,scgpt_embeddings,xgboost,plasma cell,"dendritic cell, human",1,0.0004123711340206186
Indonesia_PBMC,scgpt_embeddings,xgboost,plasma cell,lymphocyte,0,0.0
Indonesia_PBMC,scgpt_embeddings,xgboost,plasma cell,memory B cell,4,0.0016494845360824743
Indonesia_PBMC,scgpt_embeddings,xgboost,plasma cell,naive B cell,0,0.0
Indonesia_PBMC,scgpt_embeddings,xgboost,plasma cell,"naive thymus-derived CD8-positive, alpha-beta T cell",0,0.0
Indonesia_PBMC,scgpt_embeddings,xgboost,plasma cell,natural killer cell,2,0.0008247422680412372
Indonesia_PBMC,scgpt_embeddings,xgboost,plasma cell,plasma cell,2389,0.9851546391752577
Indonesia_PBMC,scgpt_embeddings,xgboost,plasma cell,plasmacytoid dendritic cell,0,0.0
Indonesia_PBMC,scgpt_embeddings,xgboost,plasma cell,platelet,2,0.0008247422680412372
Indonesia_PBMC,scgpt_embeddings,xgboost,plasmacytoid dendritic cell,CD14-positive monocyte,2,0.000997506234413965
Indonesia_PBMC,scgpt_embeddings,xgboost,plasmacytoid dendritic cell,"CD14-positive, CD16-positive monocyte",0,0.0
Indonesia_PBMC,scgpt_embeddings,xgboost,plasmacytoid dendritic cell,"CD4-positive, alpha-beta T cell",20,0.00997506234413965
Indonesia_PBMC,scgpt_embeddings,xgboost,plasmacytoid dendritic cell,"CD8-positive, alpha-beta T cell",2,0.000997506234413965
Indonesia_PBMC,scgpt_embeddings,xgboost,plasmacytoid dendritic cell,"dendritic cell, human",13,0.006483790523690773
Indonesia_PBMC,scgpt_embeddings,xgboost,plasmacytoid dendritic cell,lymphocyte,0,0.0
Indonesia_PBMC,scgpt_embeddings,xgboost,plasmacytoid dendritic cell,memory B cell,2,0.000997506234413965
Indonesia_PBMC,scgpt_embeddings,xgboost,plasmacytoid dendritic cell,naive B cell,1,0.0004987531172069825
Indonesia_PBMC,scgpt_embeddings,xgboost,plasmacytoid dendritic cell,"naive thymus-derived CD8-positive, alpha-beta T cell",0,0.0
Indonesia_PBMC,scgpt_embeddings,xgboost,plasmacytoid dendritic cell,natural killer cell,1,0.0004987531172069825
Indonesia_PBMC,scgpt_embeddings,xgboost,plasmacytoid dendritic cell,plasma cell,0,0.0
Indonesia_PBMC,scgpt_embeddings,xgboost,plasmacytoid dendritic cell,plasmacytoid dendritic cell,1964,0.9795511221945137
Indonesia_PBMC,scgpt_embeddings,xgboost,plasmacytoid dendritic cell,platelet,0,0.0
Indonesia_PBMC,scgpt_embeddings,xgboost,platelet,CD14-positive monocyte,38,0.01261201460338533
Indonesia_PBMC,scgpt_embeddings,xgboost,platelet,"CD14-positive, CD16-positive monocyte",5,0.001659475605708596
Indonesia_PBMC,scgpt_embeddings,xgboost,platelet,"CD4-positive, alpha-beta T cell",131,0.043478260869565216
Indonesia_PBMC,scgpt_embeddings,xgboost,platelet,"CD8-positive, alpha-beta T cell",61,0.020245602389644873
Indonesia_PBMC,scgpt_embeddings,xgboost,platelet,"dendritic cell, human",1,0.00033189512114171923
Indonesia_PBMC,scgpt_embeddings,xgboost,platelet,lymphocyte,0,0.0
Indonesia_PBMC,scgpt_embeddings,xgboost,platelet,memory B cell,10,0.003318951211417192
Indonesia_PBMC,scgpt_embeddings,xgboost,platelet,naive B cell,7,0.0023232658479920344
Indonesia_PBMC,scgpt_embeddings,xgboost,platelet,"naive thymus-derived CD8-positive, alpha-beta T cell",16,0.005310321938267508
Indonesia_PBMC,scgpt_embeddings,xgboost,platelet,natural killer cell,47,0.015599070693660804
Indonesia_PBMC,scgpt_embeddings,xgboost,platelet,plasma cell,1,0.00033189512114171923
Indonesia_PBMC,scgpt_embeddings,xgboost,platelet,plasmacytoid dendritic cell,0,0.0
Indonesia_PBMC,scgpt_embeddings,xgboost,platelet,platelet,2696,0.894789246598075
Indonesia_PBMC,matched_expression,logreg,CD14-positive monocyte,CD14-positive monocyte,50616,0.9917122200670075
Indonesia_PBMC,matched_expression,logreg,CD14-positive monocyte,"CD14-positive, CD16-positive monocyte",229,0.0044867650228256825
Indonesia_PBMC,matched_expression,logreg,CD14-positive monocyte,"CD4-positive, alpha-beta T cell",11,0.0002155214639785262
Indonesia_PBMC,matched_expression,logreg,CD14-positive monocyte,"CD8-positive, alpha-beta T cell",2,3.91857207233684e-05
Indonesia_PBMC,matched_expression,logreg,CD14-positive monocyte,"dendritic cell, human",126,0.0024687004055722094
Indonesia_PBMC,matched_expression,logreg,CD14-positive monocyte,lymphocyte,1,1.95928603616842e-05
Indonesia_PBMC,matched_expression,logreg,CD14-positive monocyte,memory B cell,10,0.00019592860361684203
Indonesia_PBMC,matched_expression,logreg,CD14-positive monocyte,naive B cell,2,3.91857207233684e-05
Indonesia_PBMC,matched_expression,logreg,CD14-positive monocyte,"naive thymus-derived CD8-positive, alpha-beta T cell",1,1.95928603616842e-05
Indonesia_PBMC,matched_expression,logreg,CD14-positive monocyte,natural killer cell,20,0.00039185720723368406
Indonesia_PBMC,matched_expression,logreg,CD14-positive monocyte,plasma cell,1,1.95928603616842e-05
Indonesia_PBMC,matched_expression,logreg,CD14-positive monocyte,plasmacytoid dendritic cell,1,1.95928603616842e-05
Indonesia_PBMC,matched_expression,logreg,CD14-positive monocyte,platelet,19,0.00037226434687199985
Indonesia_PBMC,matched_expression,logreg,"CD14-positive, CD16-positive monocyte",CD14-positive monocyte,288,0.021328593645856476
Indonesia_PBMC,matched_expression,logreg,"CD14-positive, CD16-positive monocyte","CD14-positive, CD16-positive monocyte",13201,0.977634599718581
Indonesia_PBMC,matched_expression,logreg,"CD14-positive, CD16-positive monocyte","CD4-positive, alpha-beta T cell",2,0.0001481152336517811
Indonesia_PBMC,matched_expression,logreg,"CD14-positive, CD16-positive monocyte","CD8-positive, alpha-beta T cell",1,7.405761682589055e-05
Indonesia_PBMC,matched_expression,logreg,"CD14-positive, CD16-positive monocyte","dendritic cell, human",0,0.0
Indonesia_PBMC,matched_expression,logreg,"CD14-positive, CD16-positive monocyte",lymphocyte,0,0.0
Indonesia_PBMC,matched_expression,logreg,"CD14-positive, CD16-positive monocyte",memory B cell,1,7.405761682589055e-05
Indonesia_PBMC,matched_expression,logreg,"CD14-positive, CD16-positive monocyte",naive B cell,0,0.0
Indonesia_PBMC,matched_expression,logreg,"CD14-positive, CD16-positive monocyte","naive thymus-derived CD8-positive, alpha-beta T cell",0,0.0
Indonesia_PBMC,matched_expression,logreg,"CD14-positive, CD16-positive monocyte",natural killer cell,4,0.0002962304673035622
Indonesia_PBMC,matched_expression,logreg,"CD14-positive, CD16-positive monocyte",plasma cell,1,7.405761682589055e-05
Indonesia_PBMC,matched_expression,logreg,"CD14-positive, CD16-positive monocyte",plasmacytoid dendritic cell,0,0.0
Indonesia_PBMC,matched_expression,logreg,"CD14-positive, CD16-positive monocyte",platelet,5,0.00037028808412945273
Indonesia_PBMC,matched_expression,logreg,"CD4-positive, alpha-beta T cell",CD14-positive monocyte,9,6.643978709739334e-05
Indonesia_PBMC,matched_expression,logreg,"CD4-positive, alpha-beta T cell","CD14-positive, CD16-positive monocyte",8,5.905758853101631e-05
Indonesia_PBMC,matched_expression,logreg,"CD4-positive, alpha-beta T cell","CD4-positive, alpha-beta T cell",131348,0.9696370172964912
Indonesia_PBMC,matched_expression,logreg,"CD4-positive, alpha-beta T cell","CD8-positive, alpha-beta T cell",2244,0.016565653582950073
Indonesia_PBMC,matched_expression,logreg,"CD4-positive, alpha-beta T cell","dendritic cell, human",1,7.382198566377038e-06
Indonesia_PBMC,matched_expression,logreg,"CD4-positive, alpha-beta T cell",lymphocyte,17,0.00012549737562840966
Indonesia_PBMC,matched_expression,logreg,"CD4-positive, alpha-beta T cell",memory B cell,23,0.00016979056702667189
Indonesia_PBMC,matched_expression,logreg,"CD4-positive, alpha-beta T cell",naive B cell,19,0.00014026177276116374
Indonesia_PBMC,matched_expression,logreg,"CD4-positive, alpha-beta T cell","naive thymus-derived CD8-positive, alpha-beta T cell",1678,0.01238732919438067
Indonesia_PBMC,matched_expression,logreg,"CD4-positive, alpha-beta T cell",natural killer cell,41,0.0003026701412214586
Indonesia_PBMC,matched_expression,logreg,"CD4-positive, alpha-beta T cell",plasma cell,3,2.2146595699131117e-05
Indonesia_PBMC,matched_expression,logreg,"CD4-positive, alpha-beta T cell",plasmacytoid dendritic cell,1,7.382198566377038e-06
Indonesia_PBMC,matched_expression,logreg,"CD4-positive, alpha-beta T cell",platelet,69,0.0005093717010800157
Indonesia_PBMC,matched_expression,logreg,"CD8-positive, alpha-beta T cell",CD14-positive monocyte,7,7.639502777504938e-05
Indonesia_PBMC,matched_expression,logreg,"CD8-positive, alpha-beta T cell","CD14-positive, CD16-positive monocyte",2,2.182715079287125e-05
Indonesia_PBMC,matched_expression,logreg,"CD8-positive, alpha-beta T cell","CD4-positive, alpha-beta T cell",2067,0.02255836034443244
Indonesia_PBMC,matched_expression,logreg,"CD8-positive, alpha-beta T cell","CD8-positive, alpha-beta T cell",84319,0.9202217638520556
Indonesia_PBMC,matched_expression,logreg,"CD8-positive, alpha-beta T cell","dendritic cell, human",0,0.0
Indonesia_PBMC,matched_expression,logreg,"CD8-positive, alpha-beta T cell",lymphocyte,12,0.0001309629047572275
Indonesia_PBMC,matched_expression,logreg,"CD8-positive, alpha-beta T cell",memory B cell,14,0.00015279005555009876
Indonesia_PBMC,matched_expression,logreg,"CD8-positive, alpha-beta T cell",naive B cell,10,0.00010913575396435626
Indonesia_PBMC,matched_expression,logreg,"CD8-positive, alpha-beta T cell","naive thymus-derived CD8-positive, alpha-beta T cell",364,0.003972541444302568
Indonesia_PBMC,matched_expression,logreg,"CD8-positive, alpha-beta T cell",natural killer cell,4775,0.05211232251798011
Indonesia_PBMC,matched_expression,logreg,"CD8-positive, alpha-beta T cell",plasma cell,1,1.0913575396435626e-05
Indonesia_PBMC,matched_expression,logreg,"CD8-positive, alpha-beta T cell",plasmacytoid dendritic cell,0,0.0
Indonesia_PBMC,matched_expression,logreg,"CD8-positive, alpha-beta T cell",platelet,58,0.0006329873729932664
Indonesia_PBMC,matched_expression,logreg,"dendritic cell, human",CD14-positive monocyte,140,0.03200731595793324
Indonesia_PBMC,matched_expression,logreg,"dendritic cell, human","CD14-positive, CD16-positive monocyte",0,0.0
Indonesia_PBMC,matched_expression,logreg,"dendritic cell, human","CD4-positive, alpha-beta T cell",0,0.0
Indonesia_PBMC,matched_expression,logreg,"dendritic cell, human","CD8-positive, alpha-beta T cell",1,0.00022862368541380886
Indonesia_PBMC,matched_expression,logreg,"dendritic cell, human","dendritic cell, human",4221,0.9650205761316872
Indonesia_PBMC,matched_expression,logreg,"dendritic cell, human",lymphocyte,2,0.0004572473708276177
Indonesia_PBMC,matched_expression,logreg,"dendritic cell, human",memory B cell,0,0.0
Indonesia_PBMC,matched_expression,logreg,"dendritic cell, human",naive B cell,0,0.0
Indonesia_PBMC,matched_expression,logreg,"dendritic cell, human","naive thymus-derived CD8-positive, alpha-beta T cell",0,0.0
Indonesia_PBMC,matched_expression,logreg,"dendritic cell, human",natural killer cell,0,0.0
Indonesia_PBMC,matched_expression,logreg,"dendritic cell, human",plasma cell,0,0.0
Indonesia_PBMC,matched_expression,logreg,"dendritic cell, human",plasmacytoid dendritic cell,9,0.00205761316872428
Indonesia_PBMC,matched_expression,logreg,"dendritic cell, human",platelet,1,0.00022862368541380886
Indonesia_PBMC,matched_expression,logreg,lymphocyte,CD14-positive monocyte,0,0.0
Indonesia_PBMC,matched_expression,logreg,lymphocyte,"CD14-positive, CD16-positive monocyte",0,0.0
Indonesia_PBMC,matched_expression,logreg,lymphocyte,"CD4-positive, alpha-beta T cell",30,0.015329586101175269
Indonesia_PBMC,matched_expression,logreg,lymphocyte,"CD8-positive, alpha-beta T cell",30,0.015329586101175269
Indonesia_PBMC,matched_expression,logreg,lymphocyte,"dendritic cell, human",1,0.000510986203372509
Indonesia_PBMC,matched_expression,logreg,lymphocyte,lymphocyte,1846,0.9432805314256515
Indonesia_PBMC,matched_expression,logreg,lymphocyte,memory B cell,2,0.001021972406745018
Indonesia_PBMC,matched_expression,logreg,lymphocyte,naive B cell,0,0.0
Indonesia_PBMC,matched_expression,logreg,lymphocyte,"naive thymus-derived CD8-positive, alpha-beta T cell",0,0.0
Indonesia_PBMC,matched_expression,logreg,lymphocyte,natural killer cell,43,0.021972406745017884
Indonesia_PBMC,matched_expression,logreg,lymphocyte,plasma cell,5,0.0025549310168625446
Indonesia_PBMC,matched_expression,logreg,lymphocyte,plasmacytoid dendritic cell,0,0.0
Indonesia_PBMC,matched_expression,logreg,lymphocyte,platelet,0,0.0
Indonesia_PBMC,matched_expression,logreg,memory B cell,CD14-positive monocyte,6,0.00022081554541439718
Indonesia_PBMC,matched_expression,logreg,memory B cell,"CD14-positive, CD16-positive monocyte",3,0.00011040777270719859
Indonesia_PBMC,matched_expression,logreg,memory B cell,"CD4-positive, alpha-beta T cell",20,0.0007360518180479906
Indonesia_PBMC,matched_expression,logreg,memory B cell,"CD8-positive, alpha-beta T cell",9,0.00033122331812159575
Indonesia_PBMC,matched_expression,logreg,memory B cell,"dendritic cell, human",0,0.0
Indonesia_PBMC,matched_expression,logreg,memory B cell,lymphocyte,0,0.0
Indonesia_PBMC,matched_expression,logreg,memory B cell,memory B cell,26313,0.9683865744148388
Indonesia_PBMC,matched_expression,logreg,memory B cell,naive B cell,793,0.029184454585602825
Indonesia_PBMC,matched_expression,logreg,memory B cell,"naive thymus-derived CD8-positive, alpha-beta T cell",1,3.680259090239953e-05
Indonesia_PBMC,matched_expression,logreg,memory B cell,natural killer cell,11,0.0004048284999263948
Indonesia_PBMC,matched_expression,logreg,memory B cell,plasma cell,3,0.00011040777270719859
Indonesia_PBMC,matched_expression,logreg,memory B cell,plasmacytoid dendritic cell,0,0.0
Indonesia_PBMC,matched_expression,logreg,memory B cell,platelet,13,0.00047843368173119385
Indonesia_PBMC,matched_expression,logreg,naive B cell,CD14-positive monocyte,4,0.00018456995201181247
Indonesia_PBMC,matched_expression,logreg,naive B cell,"CD14-positive, CD16-positive monocyte",2,9.228497600590623e-05
Indonesia_PBMC,matched_expression,logreg,naive B cell,"CD4-positive, alpha-beta T cell",31,0.0014304171280915467
Indonesia_PBMC,matched_expression,logreg,naive B cell,"CD8-positive, alpha-beta T cell",9,0.0004152823920265781
Indonesia_PBMC,matched_expression,logreg,naive B cell,"dendritic cell, human",0,0.0
Indonesia_PBMC,matched_expression,logreg,naive B cell,lymphocyte,0,0.0
Indonesia_PBMC,matched_expression,logreg,naive B cell,memory B cell,776,0.03580657069029162
Indonesia_PBMC,matched_expression,logreg,naive B cell,naive B cell,20825,0.9609173126614987
Indonesia_PBMC,matched_expression,logreg,naive B cell,"naive thymus-derived CD8-positive, alpha-beta T cell",3,0.00013842746400885935
Indonesia_PBMC,matched_expression,logreg,naive B cell,natural killer cell,17,0.000784422296050203
Indonesia_PBMC,matched_expression,logreg,naive B cell,plasma cell,0,0.0
Indonesia_PBMC,matched_expression,logreg,naive B cell,plasmacytoid dendritic cell,0,0.0
Indonesia_PBMC,matched_expression,logreg,naive B cell,platelet,5,0.0002307124400147656
Indonesia_PBMC,matched_expression,logreg,"naive thymus-derived CD8-positive, alpha-beta T cell",CD14-positive monocyte,2,7.582938388625592e-05
Indonesia_PBMC,matched_expression,logreg,"naive thymus-derived CD8-positive, alpha-beta T cell","CD14-positive, CD16-positive monocyte",0,0.0
Indonesia_PBMC,matched_expression,logreg,"naive thymus-derived CD8-positive, alpha-beta T cell","CD4-positive, alpha-beta T cell",2218,0.08409478672985782
Indonesia_PBMC,matched_expression,logreg,"naive thymus-derived CD8-positive, alpha-beta T cell","CD8-positive, alpha-beta T cell",383,0.01452132701421801
Indonesia_PBMC,matched_expression,logreg,"naive thymus-derived CD8-positive, alpha-beta T cell","dendritic cell, human",0,0.0
Indonesia_PBMC,matched_expression,logreg,"naive thymus-derived CD8-positive, alpha-beta T cell",lymphocyte,0,0.0
Indonesia_PBMC,matched_expression,logreg,"naive thymus-derived CD8-positive, alpha-beta T cell",memory B cell,3,0.00011374407582938388
Indonesia_PBMC,matched_expression,logreg,"naive thymus-derived CD8-positive, alpha-beta T cell",naive B cell,4,0.00015165876777251184
Indonesia_PBMC,matched_expression,logreg,"naive thymus-derived CD8-positive, alpha-beta T cell","naive thymus-derived CD8-positive, alpha-beta T cell",23753,0.9005876777251185
Indonesia_PBMC,matched_expression,logreg,"naive thymus-derived CD8-positive, alpha-beta T cell",natural killer cell,1,3.791469194312796e-05
Indonesia_PBMC,matched_expression,logreg,"naive thymus-derived CD8-positive, alpha-beta T cell",plasma cell,0,0.0
Indonesia_PBMC,matched_expression,logreg,"naive thymus-derived CD8-positive, alpha-beta T cell",plasmacytoid dendritic cell,0,0.0
Indonesia_PBMC,matched_expression,logreg,"naive thymus-derived CD8-positive, alpha-beta T cell",platelet,11,0.00041706161137440757
Indonesia_PBMC,matched_expression,logreg,natural killer cell,CD14-positive monocyte,24,0.0002948076993944159
Indonesia_PBMC,matched_expression,logreg,natural killer cell,"CD14-positive, CD16-positive monocyte",12,0.00014740384969720794
Indonesia_PBMC,matched_expression,logreg,natural killer cell,"CD4-positive, alpha-beta T cell",47,0.0005773317446473977
Indonesia_PBMC,matched_expression,logreg,natural killer cell,"CD8-positive, alpha-beta T cell",4382,0.05382697244776376
Indonesia_PBMC,matched_expression,logreg,natural killer cell,"dendritic cell, human",0,0.0
Indonesia_PBMC,matched_expression,logreg,natural killer cell,lymphocyte,27,0.00033165866181871786
Indonesia_PBMC,matched_expression,logreg,natural killer cell,memory B cell,14,0.00017197115798007592
Indonesia_PBMC,matched_expression,logreg,natural killer cell,naive B cell,9,0.00011055288727290594
Indonesia_PBMC,matched_expression,logreg,natural killer cell,"naive thymus-derived CD8-positive, alpha-beta T cell",0,0.0
Indonesia_PBMC,matched_expression,logreg,natural killer cell,natural killer cell,76863,0.944158508273041
Indonesia_PBMC,matched_expression,logreg,natural killer cell,plasma cell,2,2.4567308282867987e-05
Indonesia_PBMC,matched_expression,logreg,natural killer cell,plasmacytoid dendritic cell,1,1.2283654141433994e-05
Indonesia_PBMC,matched_expression,logreg,natural killer cell,platelet,28,0.00034394231596015184
Indonesia_PBMC,matched_expression,logreg,plasma cell,CD14-positive monocyte,1,0.0004123711340206186
Indonesia_PBMC,matched_expression,logreg,plasma cell,"CD14-positive, CD16-positive monocyte",0,0.0
Indonesia_PBMC,matched_expression,logreg,plasma cell,"CD4-positive, alpha-beta T cell",11,0.004536082474226804
Indonesia_PBMC,matched_expression,logreg,plasma cell,"CD8-positive, alpha-beta T cell",0,0.0
Indonesia_PBMC,matched_expression,logreg,plasma cell,"dendritic cell, human",0,0.0
Indonesia_PBMC,matched_expression,logreg,plasma cell,lymphocyte,4,0.0016494845360824743
Indonesia_PBMC,matched_expression,logreg,plasma cell,memory B cell,7,0.00288659793814433
Indonesia_PBMC,matched_expression,logreg,plasma cell,naive B cell,0,0.0
Indonesia_PBMC,matched_expression,logreg,plasma cell,"naive thymus-derived CD8-positive, alpha-beta T cell",0,0.0
Indonesia_PBMC,matched_expression,logreg,plasma cell,natural killer cell,2,0.0008247422680412372
Indonesia_PBMC,matched_expression,logreg,plasma cell,plasma cell,2398,0.9888659793814433
Indonesia_PBMC,matched_expression,logreg,plasma cell,plasmacytoid dendritic cell,0,0.0
Indonesia_PBMC,matched_expression,logreg,plasma cell,platelet,2,0.0008247422680412372
Indonesia_PBMC,matched_expression,logreg,plasmacytoid dendritic cell,CD14-positive monocyte,2,0.000997506234413965
Indonesia_PBMC,matched_expression,logreg,plasmacytoid dendritic cell,"CD14-positive, CD16-positive monocyte",1,0.0004987531172069825
Indonesia_PBMC,matched_expression,logreg,plasmacytoid dendritic cell,"CD4-positive, alpha-beta T cell",5,0.0024937655860349127
Indonesia_PBMC,matched_expression,logreg,plasmacytoid dendritic cell,"CD8-positive, alpha-beta T cell",0,0.0
Indonesia_PBMC,matched_expression,logreg,plasmacytoid dendritic cell,"dendritic cell, human",15,0.007481296758104738
Indonesia_PBMC,matched_expression,logreg,plasmacytoid dendritic cell,lymphocyte,0,0.0
Indonesia_PBMC,matched_expression,logreg,plasmacytoid dendritic cell,memory B cell,0,0.0
Indonesia_PBMC,matched_expression,logreg,plasmacytoid dendritic cell,naive B cell,0,0.0
Indonesia_PBMC,matched_expression,logreg,plasmacytoid dendritic cell,"naive thymus-derived CD8-positive, alpha-beta T cell",0,0.0
Indonesia_PBMC,matched_expression,logreg,plasmacytoid dendritic cell,natural killer cell,3,0.0014962593516209476
Indonesia_PBMC,matched_expression,logreg,plasmacytoid dendritic cell,plasma cell,0,0.0
Indonesia_PBMC,matched_expression,logreg,plasmacytoid dendritic cell,plasmacytoid dendritic cell,1977,0.9860349127182045
Indonesia_PBMC,matched_expression,logreg,plasmacytoid dendritic cell,platelet,2,0.000997506234413965
Indonesia_PBMC,matched_expression,logreg,platelet,CD14-positive monocyte,21,0.0069697975439761035
Indonesia_PBMC,matched_expression,logreg,platelet,"CD14-positive, CD16-positive monocyte",1,0.00033189512114171923
Indonesia_PBMC,matched_expression,logreg,platelet,"CD4-positive, alpha-beta T cell",80,0.026551609691337536
Indonesia_PBMC,matched_expression,logreg,platelet,"CD8-positive, alpha-beta T cell",42,0.013939595087952207
Indonesia_PBMC,matched_expression,logreg,platelet,"dendritic cell, human",0,0.0
Indonesia_PBMC,matched_expression,logreg,platelet,lymphocyte,0,0.0
Indonesia_PBMC,matched_expression,logreg,platelet,memory B cell,10,0.003318951211417192
Indonesia_PBMC,matched_expression,logreg,platelet,naive B cell,14,0.004646531695984069
Indonesia_PBMC,matched_expression,logreg,platelet,"naive thymus-derived CD8-positive, alpha-beta T cell",13,0.00431463657484235
Indonesia_PBMC,matched_expression,logreg,platelet,natural killer cell,48,0.015930965814802522
Indonesia_PBMC,matched_expression,logreg,platelet,plasma cell,0,0.0
Indonesia_PBMC,matched_expression,logreg,platelet,plasmacytoid dendritic cell,0,0.0
Indonesia_PBMC,matched_expression,logreg,platelet,platelet,2784,0.9239960172585463
Indonesia_PBMC,matched_expression,random_forest,CD14-positive monocyte,CD14-positive monocyte,50533,0.9900860126569878
Indonesia_PBMC,matched_expression,random_forest,CD14-positive monocyte,"CD14-positive, CD16-positive monocyte",273,0.005348850878739787
Indonesia_PBMC,matched_expression,random_forest,CD14-positive monocyte,"CD4-positive, alpha-beta T cell",35,0.0006857501126589471
Indonesia_PBMC,matched_expression,random_forest,CD14-positive monocyte,"CD8-positive, alpha-beta T cell",13,0.00025470718470189463
Indonesia_PBMC,matched_expression,random_forest,CD14-positive monocyte,"dendritic cell, human",102,0.0019984717568917888
Indonesia_PBMC,matched_expression,random_forest,CD14-positive monocyte,lymphocyte,0,0.0
Indonesia_PBMC,matched_expression,random_forest,CD14-positive monocyte,memory B cell,14,0.00027430004506357884
Indonesia_PBMC,matched_expression,random_forest,CD14-positive monocyte,naive B cell,10,0.00019592860361684203
Indonesia_PBMC,matched_expression,random_forest,CD14-positive monocyte,"naive thymus-derived CD8-positive, alpha-beta T cell",0,0.0
Indonesia_PBMC,matched_expression,random_forest,CD14-positive monocyte,natural killer cell,42,0.0008229001351907365
Indonesia_PBMC,matched_expression,random_forest,CD14-positive monocyte,plasma cell,0,0.0
Indonesia_PBMC,matched_expression,random_forest,CD14-positive monocyte,plasmacytoid dendritic cell,0,0.0
Indonesia_PBMC,matched_expression,random_forest,CD14-positive monocyte,platelet,17,0.0003330786261486314
Indonesia_PBMC,matched_expression,random_forest,"CD14-positive, CD16-positive monocyte",CD14-positive monocyte,563,0.04169443827297638
Indonesia_PBMC,matched_expression,random_forest,"CD14-positive, CD16-positive monocyte","CD14-positive, CD16-positive monocyte",12899,0.9552691994371622
Indonesia_PBMC,matched_expression,random_forest,"CD14-positive, CD16-positive monocyte","CD4-positive, alpha-beta T cell",19,0.0014070947196919202
Indonesia_PBMC,matched_expression,random_forest,"CD14-positive, CD16-positive monocyte","CD8-positive, alpha-beta T cell",5,0.00037028808412945273
Indonesia_PBMC,matched_expression,random_forest,"CD14-positive, CD16-positive monocyte","dendritic cell, human",0,0.0
Indonesia_PBMC,matched_expression,random_forest,"CD14-positive, CD16-positive monocyte",lymphocyte,0,0.0
Indonesia_PBMC,matched_expression,random_forest,"CD14-positive, CD16-positive monocyte",memory B cell,0,0.0
Indonesia_PBMC,matched_expression,random_forest,"CD14-positive, CD16-positive monocyte",naive B cell,0,0.0
Indonesia_PBMC,matched_expression,random_forest,"CD14-positive, CD16-positive monocyte","naive thymus-derived CD8-positive, alpha-beta T cell",0,0.0
Indonesia_PBMC,matched_expression,random_forest,"CD14-positive, CD16-positive monocyte",natural killer cell,17,0.0012589794860401393
Indonesia_PBMC,matched_expression,random_forest,"CD14-positive, CD16-positive monocyte",plasma cell,0,0.0
Indonesia_PBMC,matched_expression,random_forest,"CD14-positive, CD16-positive monocyte",plasmacytoid dendritic cell,0,0.0
Indonesia_PBMC,matched_expression,random_forest,"CD14-positive, CD16-positive monocyte",platelet,0,0.0
Indonesia_PBMC,matched_expression,random_forest,"CD4-positive, alpha-beta T cell",CD14-positive monocyte,22,0.00016240836846029483
Indonesia_PBMC,matched_expression,random_forest,"CD4-positive, alpha-beta T cell","CD14-positive, CD16-positive monocyte",5,3.691099283188519e-05
Indonesia_PBMC,matched_expression,random_forest,"CD4-positive, alpha-beta T cell","CD4-positive, alpha-beta T cell",130480,0.963229268940876
Indonesia_PBMC,matched_expression,random_forest,"CD4-positive, alpha-beta T cell","CD8-positive, alpha-beta T cell",2575,0.019009161308420872
Indonesia_PBMC,matched_expression,random_forest,"CD4-positive, alpha-beta T cell","dendritic cell, human",1,7.382198566377038e-06
Indonesia_PBMC,matched_expression,random_forest,"CD4-positive, alpha-beta T cell",lymphocyte,4,2.9528794265508154e-05
Indonesia_PBMC,matched_expression,random_forest,"CD4-positive, alpha-beta T cell",memory B cell,35,0.0002583769498231963
Indonesia_PBMC,matched_expression,random_forest,"CD4-positive, alpha-beta T cell",naive B cell,14,0.00010335077992927854
Indonesia_PBMC,matched_expression,random_forest,"CD4-positive, alpha-beta T cell","naive thymus-derived CD8-positive, alpha-beta T cell",2206,0.016285130037427747
Indonesia_PBMC,matched_expression,random_forest,"CD4-positive, alpha-beta T cell",natural killer cell,63,0.0004650785096817534
Indonesia_PBMC,matched_expression,random_forest,"CD4-positive, alpha-beta T cell",plasma cell,1,7.382198566377038e-06
Indonesia_PBMC,matched_expression,random_forest,"CD4-positive, alpha-beta T cell",plasmacytoid dendritic cell,1,7.382198566377038e-06
Indonesia_PBMC,matched_expression,random_forest,"CD4-positive, alpha-beta T cell",platelet,54,0.00039863872258436006
Indonesia_PBMC,matched_expression,random_forest,"CD8-positive, alpha-beta T cell",CD14-positive monocyte,4,4.36543015857425e-05
Indonesia_PBMC,matched_expression,random_forest,"CD8-positive, alpha-beta T cell","CD14-positive, CD16-positive monocyte",2,2.182715079287125e-05
Indonesia_PBMC,matched_expression,random_forest,"CD8-positive, alpha-beta T cell","CD4-positive, alpha-beta T cell",2344,0.02558142072924511
Indonesia_PBMC,matched_expression,random_forest,"CD8-positive, alpha-beta T cell","CD8-positive, alpha-beta T cell",82859,0.9042879437732596
Indonesia_PBMC,matched_expression,random_forest,"CD8-positive, alpha-beta T cell","dendritic cell, human",0,0.0
Indonesia_PBMC,matched_expression,random_forest,"CD8-positive, alpha-beta T cell",lymphocyte,3,3.274072618930688e-05
Indonesia_PBMC,matched_expression,random_forest,"CD8-positive, alpha-beta T cell",memory B cell,6,6.548145237861375e-05
Indonesia_PBMC,matched_expression,random_forest,"CD8-positive, alpha-beta T cell",naive B cell,3,3.274072618930688e-05
Indonesia_PBMC,matched_expression,random_forest,"CD8-positive, alpha-beta T cell","naive thymus-derived CD8-positive, alpha-beta T cell",272,0.0029684925078304904
Indonesia_PBMC,matched_expression,random_forest,"CD8-positive, alpha-beta T cell",natural killer cell,6115,0.06673651354920386
Indonesia_PBMC,matched_expression,random_forest,"CD8-positive, alpha-beta T cell",plasma cell,0,0.0
Indonesia_PBMC,matched_expression,random_forest,"CD8-positive, alpha-beta T cell",plasmacytoid dendritic cell,0,0.0
Indonesia_PBMC,matched_expression,random_forest,"CD8-positive, alpha-beta T cell",platelet,21,0.00022918508332514815
Indonesia_PBMC,matched_expression,random_forest,"dendritic cell, human",CD14-positive monocyte,271,0.061957018747142205
Indonesia_PBMC,matched_expression,random_forest,"dendritic cell, human","CD14-positive, CD16-positive monocyte",1,0.00022862368541380886
Indonesia_PBMC,matched_expression,random_forest,"dendritic cell, human","CD4-positive, alpha-beta T cell",1,0.00022862368541380886
Indonesia_PBMC,matched_expression,random_forest,"dendritic cell, human","CD8-positive, alpha-beta T cell",1,0.00022862368541380886
Indonesia_PBMC,matched_expression,random_forest,"dendritic cell, human","dendritic cell, human",4089,0.9348422496570644
Indonesia_PBMC,matched_expression,random_forest,"dendritic cell, human",lymphocyte,1,0.00022862368541380886
Indonesia_PBMC,matched_expression,random_forest,"dendritic cell, human",memory B cell,1,0.00022862368541380886
Indonesia_PBMC,matched_expression,random_forest,"dendritic cell, human",naive B cell,0,0.0
Indonesia_PBMC,matched_expression,random_forest,"dendritic cell, human","naive thymus-derived CD8-positive, alpha-beta T cell",0,0.0
Indonesia_PBMC,matched_expression,random_forest,"dendritic cell, human",natural killer cell,4,0.0009144947416552355
Indonesia_PBMC,matched_expression,random_forest,"dendritic cell, human",plasma cell,0,0.0
Indonesia_PBMC,matched_expression,random_forest,"dendritic cell, human",plasmacytoid dendritic cell,5,0.0011431184270690445
Indonesia_PBMC,matched_expression,random_forest,"dendritic cell, human",platelet,0,0.0
Indonesia_PBMC,matched_expression,random_forest,lymphocyte,CD14-positive monocyte,4,0.002043944813490036
Indonesia_PBMC,matched_expression,random_forest,lymphocyte,"CD14-positive, CD16-positive monocyte",2,0.001021972406745018
Indonesia_PBMC,matched_expression,random_forest,lymphocyte,"CD4-positive, alpha-beta T cell",111,0.056719468574348494
Indonesia_PBMC,matched_expression,random_forest,lymphocyte,"CD8-positive, alpha-beta T cell",166,0.08482370975983648
Indonesia_PBMC,matched_expression,random_forest,lymphocyte,"dendritic cell, human",7,0.0035769034236075624
Indonesia_PBMC,matched_expression,random_forest,lymphocyte,lymphocyte,1465,0.7485947879407256
Indonesia_PBMC,matched_expression,random_forest,lymphocyte,memory B cell,12,0.0061318344404701075
Indonesia_PBMC,matched_expression,random_forest,lymphocyte,naive B cell,0,0.0
Indonesia_PBMC,matched_expression,random_forest,lymphocyte,"naive thymus-derived CD8-positive, alpha-beta T cell",1,0.000510986203372509
Indonesia_PBMC,matched_expression,random_forest,lymphocyte,natural killer cell,187,0.09555442003065917
Indonesia_PBMC,matched_expression,random_forest,lymphocyte,plasma cell,1,0.000510986203372509
Indonesia_PBMC,matched_expression,random_forest,lymphocyte,plasmacytoid dendritic cell,1,0.000510986203372509
Indonesia_PBMC,matched_expression,random_forest,lymphocyte,platelet,0,0.0
Indonesia_PBMC,matched_expression,random_forest,memory B cell,CD14-positive monocyte,14,0.0005152362726335934
Indonesia_PBMC,matched_expression,random_forest,memory B cell,"CD14-positive, CD16-positive monocyte",2,7.360518180479906e-05
Indonesia_PBMC,matched_expression,random_forest,memory B cell,"CD4-positive, alpha-beta T cell",52,0.0019137347269247754
Indonesia_PBMC,matched_expression,random_forest,memory B cell,"CD8-positive, alpha-beta T cell",69,0.0025393787722655676
Indonesia_PBMC,matched_expression,random_forest,memory B cell,"dendritic cell, human",0,0.0
Indonesia_PBMC,matched_expression,random_forest,memory B cell,lymphocyte,0,0.0
Indonesia_PBMC,matched_expression,random_forest,memory B cell,memory B cell,25799,0.9494700426910054
Indonesia_PBMC,matched_expression,random_forest,memory B cell,naive B cell,1184,0.04357426762844104
Indonesia_PBMC,matched_expression,random_forest,memory B cell,"naive thymus-derived CD8-positive, alpha-beta T cell",3,0.00011040777270719859
Indonesia_PBMC,matched_expression,random_forest,memory B cell,natural killer cell,42,0.0015457088179007801
Indonesia_PBMC,matched_expression,random_forest,memory B cell,plasma cell,3,0.00011040777270719859
Indonesia_PBMC,matched_expression,random_forest,memory B cell,plasmacytoid dendritic cell,1,3.680259090239953e-05
Indonesia_PBMC,matched_expression,random_forest,memory B cell,platelet,3,0.00011040777270719859
Indonesia_PBMC,matched_expression,random_forest,naive B cell,CD14-positive monocyte,5,0.0002307124400147656
Indonesia_PBMC,matched_expression,random_forest,naive B cell,"CD14-positive, CD16-positive monocyte",1,4.614248800295312e-05
Indonesia_PBMC,matched_expression,random_forest,naive B cell,"CD4-positive, alpha-beta T cell",48,0.0022148394241417496
Indonesia_PBMC,matched_expression,random_forest,naive B cell,"CD8-positive, alpha-beta T cell",76,0.0035068290882244372
Indonesia_PBMC,matched_expression,random_forest,naive B cell,"dendritic cell, human",0,0.0
Indonesia_PBMC,matched_expression,random_forest,naive B cell,lymphocyte,0,0.0
Indonesia_PBMC,matched_expression,random_forest,naive B cell,memory B cell,1134,0.05232558139534884
Indonesia_PBMC,matched_expression,random_forest,naive B cell,naive B cell,20333,0.9382152085640457
Indonesia_PBMC,matched_expression,random_forest,naive B cell,"naive thymus-derived CD8-positive, alpha-beta T cell",5,0.0002307124400147656
Indonesia_PBMC,matched_expression,random_forest,naive B cell,natural killer cell,70,0.003229974160206718
Indonesia_PBMC,matched_expression,random_forest,naive B cell,plasma cell,0,0.0
Indonesia_PBMC,matched_expression,random_forest,naive B cell,plasmacytoid dendritic cell,0,0.0
Indonesia_PBMC,matched_expression,random_forest,naive B cell,platelet,0,0.0
Indonesia_PBMC,matched_expression,random_forest,"naive thymus-derived CD8-positive, alpha-beta T cell",CD14-positive monocyte,1,3.791469194312796e-05
Indonesia_PBMC,matched_expression,random_forest,"naive thymus-derived CD8-positive, alpha-beta T cell","CD14-positive, CD16-positive monocyte",0,0.0
Indonesia_PBMC,matched_expression,random_forest,"naive thymus-derived CD8-positive, alpha-beta T cell","CD4-positive, alpha-beta T cell",1908,0.07234123222748814
Indonesia_PBMC,matched_expression,random_forest,"naive thymus-derived CD8-positive, alpha-beta T cell","CD8-positive, alpha-beta T cell",659,0.024985781990521327
Indonesia_PBMC,matched_expression,random_forest,"naive thymus-derived CD8-positive, alpha-beta T cell","dendritic cell, human",0,0.0
Indonesia_PBMC,matched_expression,random_forest,"naive thymus-derived CD8-positive, alpha-beta T cell",lymphocyte,0,0.0
Indonesia_PBMC,matched_expression,random_forest,"naive thymus-derived CD8-positive, alpha-beta T cell",memory B cell,1,3.791469194312796e-05
Indonesia_PBMC,matched_expression,random_forest,"naive thymus-derived CD8-positive, alpha-beta T cell",naive B cell,2,7.582938388625592e-05
Indonesia_PBMC,matched_expression,random_forest,"naive thymus-derived CD8-positive, alpha-beta T cell","naive thymus-derived CD8-positive, alpha-beta T cell",23795,0.9021800947867299
Indonesia_PBMC,matched_expression,random_forest,"naive thymus-derived CD8-positive, alpha-beta T cell",natural killer cell,6,0.00022748815165876777
Indonesia_PBMC,matched_expression,random_forest,"naive thymus-derived CD8-positive, alpha-beta T cell",plasma cell,0,0.0
Indonesia_PBMC,matched_expression,random_forest,"naive thymus-derived CD8-positive, alpha-beta T cell",plasmacytoid dendritic cell,0,0.0
Indonesia_PBMC,matched_expression,random_forest,"naive thymus-derived CD8-positive, alpha-beta T cell",platelet,3,0.00011374407582938388
Indonesia_PBMC,matched_expression,random_forest,natural killer cell,CD14-positive monocyte,8,9.826923313147195e-05
Indonesia_PBMC,matched_expression,random_forest,natural killer cell,"CD14-positive, CD16-positive monocyte",1,1.2283654141433994e-05
Indonesia_PBMC,matched_expression,random_forest,natural killer cell,"CD4-positive, alpha-beta T cell",105,0.0012897836848505693
Indonesia_PBMC,matched_expression,random_forest,natural killer cell,"CD8-positive, alpha-beta T cell",5285,0.06491911213747865
Indonesia_PBMC,matched_expression,random_forest,natural killer cell,"dendritic cell, human",1,1.2283654141433994e-05
Indonesia_PBMC,matched_expression,random_forest,natural killer cell,lymphocyte,5,6.141827070716996e-05
Indonesia_PBMC,matched_expression,random_forest,natural killer cell,memory B cell,1,1.2283654141433994e-05
Indonesia_PBMC,matched_expression,random_forest,natural killer cell,naive B cell,1,1.2283654141433994e-05
Indonesia_PBMC,matched_expression,random_forest,natural killer cell,"naive thymus-derived CD8-positive, alpha-beta T cell",2,2.4567308282867987e-05
Indonesia_PBMC,matched_expression,random_forest,natural killer cell,natural killer cell,75979,0.9332997580120134
Indonesia_PBMC,matched_expression,random_forest,natural killer cell,plasma cell,0,0.0
Indonesia_PBMC,matched_expression,random_forest,natural killer cell,plasmacytoid dendritic cell,0,0.0
Indonesia_PBMC,matched_expression,random_forest,natural killer cell,platelet,21,0.0002579567369701139
Indonesia_PBMC,matched_expression,random_forest,plasma cell,CD14-positive monocyte,2,0.0008247422680412372
Indonesia_PBMC,matched_expression,random_forest,plasma cell,"CD14-positive, CD16-positive monocyte",1,0.0004123711340206186
Indonesia_PBMC,matched_expression,random_forest,plasma cell,"CD4-positive, alpha-beta T cell",27,0.0111340206185567
Indonesia_PBMC,matched_expression,random_forest,plasma cell,"CD8-positive, alpha-beta T cell",5,0.002061855670103093
Indonesia_PBMC,matched_expression,random_forest,plasma cell,"dendritic cell, human",1,0.0004123711340206186
Indonesia_PBMC,matched_expression,random_forest,plasma cell,lymphocyte,0,0.0
Indonesia_PBMC,matched_expression,random_forest,plasma cell,memory B cell,9,0.003711340206185567
Indonesia_PBMC,matched_expression,random_forest,plasma cell,naive B cell,0,0.0
Indonesia_PBMC,matched_expression,random_forest,plasma cell,"naive thymus-derived CD8-positive, alpha-beta T cell",0,0.0
Indonesia_PBMC,matched_expression,random_forest,plasma cell,natural killer cell,6,0.002474226804123711
Indonesia_PBMC,matched_expression,random_forest,plasma cell,plasma cell,2374,0.9789690721649484
Indonesia_PBMC,matched_expression,random_forest,plasma cell,plasmacytoid dendritic cell,0,0.0
Indonesia_PBMC,matched_expression,random_forest,plasma cell,platelet,0,0.0
Indonesia_PBMC,matched_expression,random_forest,plasmacytoid dendritic cell,CD14-positive monocyte,17,0.008478802992518703
Indonesia_PBMC,matched_expression,random_forest,plasmacytoid dendritic cell,"CD14-positive, CD16-positive monocyte",1,0.0004987531172069825
Indonesia_PBMC,matched_expression,random_forest,plasmacytoid dendritic cell,"CD4-positive, alpha-beta T cell",41,0.020448877805486283
Indonesia_PBMC,matched_expression,random_forest,plasmacytoid dendritic cell,"CD8-positive, alpha-beta T cell",6,0.0029925187032418953
Indonesia_PBMC,matched_expression,random_forest,plasmacytoid dendritic cell,"dendritic cell, human",15,0.007481296758104738
Indonesia_PBMC,matched_expression,random_forest,plasmacytoid dendritic cell,lymphocyte,0,0.0
Indonesia_PBMC,matched_expression,random_forest,plasmacytoid dendritic cell,memory B cell,3,0.0014962593516209476
Indonesia_PBMC,matched_expression,random_forest,plasmacytoid dendritic cell,naive B cell,1,0.0004987531172069825
Indonesia_PBMC,matched_expression,random_forest,plasmacytoid dendritic cell,"naive thymus-derived CD8-positive, alpha-beta T cell",4,0.00199501246882793
Indonesia_PBMC,matched_expression,random_forest,plasmacytoid dendritic cell,natural killer cell,16,0.00798004987531172
Indonesia_PBMC,matched_expression,random_forest,plasmacytoid dendritic cell,plasma cell,1,0.0004987531172069825
Indonesia_PBMC,matched_expression,random_forest,plasmacytoid dendritic cell,plasmacytoid dendritic cell,1899,0.9471321695760598
Indonesia_PBMC,matched_expression,random_forest,plasmacytoid dendritic cell,platelet,1,0.0004987531172069825
Indonesia_PBMC,matched_expression,random_forest,platelet,CD14-positive monocyte,62,0.02057749751078659
Indonesia_PBMC,matched_expression,random_forest,platelet,"CD14-positive, CD16-positive monocyte",16,0.005310321938267508
Indonesia_PBMC,matched_expression,random_forest,platelet,"CD4-positive, alpha-beta T cell",180,0.05974112180550946
Indonesia_PBMC,matched_expression,random_forest,platelet,"CD8-positive, alpha-beta T cell",184,0.061068702290076333
Indonesia_PBMC,matched_expression,random_forest,platelet,"dendritic cell, human",9,0.002987056090275473
Indonesia_PBMC,matched_expression,random_forest,platelet,lymphocyte,0,0.0
Indonesia_PBMC,matched_expression,random_forest,platelet,memory B cell,46,0.015267175572519083
Indonesia_PBMC,matched_expression,random_forest,platelet,naive B cell,50,0.01659475605708596
Indonesia_PBMC,matched_expression,random_forest,platelet,"naive thymus-derived CD8-positive, alpha-beta T cell",66,0.02190507799535347
Indonesia_PBMC,matched_expression,random_forest,platelet,natural killer cell,171,0.05675406571523399
Indonesia_PBMC,matched_expression,random_forest,platelet,plasma cell,0,0.0
Indonesia_PBMC,matched_expression,random_forest,platelet,plasmacytoid dendritic cell,0,0.0
Indonesia_PBMC,matched_expression,random_forest,platelet,platelet,2229,0.7397942250248921
Indonesia_PBMC,matched_expression,xgboost,CD14-positive monocyte,CD14-positive monocyte,50616,0.9917122200670075
Indonesia_PBMC,matched_expression,xgboost,CD14-positive monocyte,"CD14-positive, CD16-positive monocyte",235,0.004604322184995788
Indonesia_PBMC,matched_expression,xgboost,CD14-positive monocyte,"CD4-positive, alpha-beta T cell",23,0.00045063578831873663
Indonesia_PBMC,matched_expression,xgboost,CD14-positive monocyte,"CD8-positive, alpha-beta T cell",6,0.00011755716217010521
Indonesia_PBMC,matched_expression,xgboost,CD14-positive monocyte,"dendritic cell, human",108,0.0021160289190618937
Indonesia_PBMC,matched_expression,xgboost,CD14-positive monocyte,lymphocyte,0,0.0
Indonesia_PBMC,matched_expression,xgboost,CD14-positive monocyte,memory B cell,11,0.0002155214639785262
Indonesia_PBMC,matched_expression,xgboost,CD14-positive monocyte,naive B cell,4,7.83714414467368e-05
Indonesia_PBMC,matched_expression,xgboost,CD14-positive monocyte,"naive thymus-derived CD8-positive, alpha-beta T cell",0,0.0
Indonesia_PBMC,matched_expression,xgboost,CD14-positive monocyte,natural killer cell,17,0.0003330786261486314
Indonesia_PBMC,matched_expression,xgboost,CD14-positive monocyte,plasma cell,0,0.0
Indonesia_PBMC,matched_expression,xgboost,CD14-positive monocyte,plasmacytoid dendritic cell,0,0.0
Indonesia_PBMC,matched_expression,xgboost,CD14-positive monocyte,platelet,19,0.00037226434687199985
Indonesia_PBMC,matched_expression,xgboost,"CD14-positive, CD16-positive monocyte",CD14-positive monocyte,352,0.02606828112271347
Indonesia_PBMC,matched_expression,xgboost,"CD14-positive, CD16-positive monocyte","CD14-positive, CD16-positive monocyte",13125,0.9720062208398134
Indonesia_PBMC,matched_expression,xgboost,"CD14-positive, CD16-positive monocyte","CD4-positive, alpha-beta T cell",7,0.0005184033177812338
Indonesia_PBMC,matched_expression,xgboost,"CD14-positive, CD16-positive monocyte","CD8-positive, alpha-beta T cell",3,0.00022217285047767163
Indonesia_PBMC,matched_expression,xgboost,"CD14-positive, CD16-positive monocyte","dendritic cell, human",0,0.0
Indonesia_PBMC,matched_expression,xgboost,"CD14-positive, CD16-positive monocyte",lymphocyte,0,0.0
Indonesia_PBMC,matched_expression,xgboost,"CD14-positive, CD16-positive monocyte",memory B cell,1,7.405761682589055e-05
Indonesia_PBMC,matched_expression,xgboost,"CD14-positive, CD16-positive monocyte",naive B cell,0,0.0
Indonesia_PBMC,matched_expression,xgboost,"CD14-positive, CD16-positive monocyte","naive thymus-derived CD8-positive, alpha-beta T cell",0,0.0
Indonesia_PBMC,matched_expression,xgboost,"CD14-positive, CD16-positive monocyte",natural killer cell,8,0.0005924609346071244
Indonesia_PBMC,matched_expression,xgboost,"CD14-positive, CD16-positive monocyte",plasma cell,1,7.405761682589055e-05
Indonesia_PBMC,matched_expression,xgboost,"CD14-positive, CD16-positive monocyte",plasmacytoid dendritic cell,0,0.0
Indonesia_PBMC,matched_expression,xgboost,"CD14-positive, CD16-positive monocyte",platelet,6,0.00044434570095534326
Indonesia_PBMC,matched_expression,xgboost,"CD4-positive, alpha-beta T cell",CD14-positive monocyte,10,7.382198566377038e-05
Indonesia_PBMC,matched_expression,xgboost,"CD4-positive, alpha-beta T cell","CD14-positive, CD16-positive monocyte",5,3.691099283188519e-05
Indonesia_PBMC,matched_expression,xgboost,"CD4-positive, alpha-beta T cell","CD4-positive, alpha-beta T cell",131146,0.9681458131860831
Indonesia_PBMC,matched_expression,xgboost,"CD4-positive, alpha-beta T cell","CD8-positive, alpha-beta T cell",2191,0.016174397058932092
Indonesia_PBMC,matched_expression,xgboost,"CD4-positive, alpha-beta T cell","dendritic cell, human",1,7.382198566377038e-06
Indonesia_PBMC,matched_expression,xgboost,"CD4-positive, alpha-beta T cell",lymphocyte,15,0.00011073297849565558
Indonesia_PBMC,matched_expression,xgboost,"CD4-positive, alpha-beta T cell",memory B cell,26,0.000191937162725803
Indonesia_PBMC,matched_expression,xgboost,"CD4-positive, alpha-beta T cell",naive B cell,24,0.00017717276559304894
Indonesia_PBMC,matched_expression,xgboost,"CD4-positive, alpha-beta T cell","naive thymus-derived CD8-positive, alpha-beta T cell",1941,0.014328847417337831
Indonesia_PBMC,matched_expression,xgboost,"CD4-positive, alpha-beta T cell",natural killer cell,40,0.0002952879426550815
Indonesia_PBMC,matched_expression,xgboost,"CD4-positive, alpha-beta T cell",plasma cell,2,1.4764397132754077e-05
Indonesia_PBMC,matched_expression,xgboost,"CD4-positive, alpha-beta T cell",plasmacytoid dendritic cell,1,7.382198566377038e-06
Indonesia_PBMC,matched_expression,xgboost,"CD4-positive, alpha-beta T cell",platelet,59,0.00043554971541624526
Indonesia_PBMC,matched_expression,xgboost,"CD8-positive, alpha-beta T cell",CD14-positive monocyte,6,6.548145237861375e-05
Indonesia_PBMC,matched_expression,xgboost,"CD8-positive, alpha-beta T cell","CD14-positive, CD16-positive monocyte",2,2.182715079287125e-05
Indonesia_PBMC,matched_expression,xgboost,"CD8-positive, alpha-beta T cell","CD4-positive, alpha-beta T cell",2092,0.02283119972934333
Indonesia_PBMC,matched_expression,xgboost,"CD8-positive, alpha-beta T cell","CD8-positive, alpha-beta T cell",84095,0.917777122963254
Indonesia_PBMC,matched_expression,xgboost,"CD8-positive, alpha-beta T cell","dendritic cell, human",0,0.0
Indonesia_PBMC,matched_expression,xgboost,"CD8-positive, alpha-beta T cell",lymphocyte,10,0.00010913575396435626
Indonesia_PBMC,matched_expression,xgboost,"CD8-positive, alpha-beta T cell",memory B cell,6,6.548145237861375e-05
Indonesia_PBMC,matched_expression,xgboost,"CD8-positive, alpha-beta T cell",naive B cell,8,8.7308603171485e-05
Indonesia_PBMC,matched_expression,xgboost,"CD8-positive, alpha-beta T cell","naive thymus-derived CD8-positive, alpha-beta T cell",274,0.0029903196586233615
Indonesia_PBMC,matched_expression,xgboost,"CD8-positive, alpha-beta T cell",natural killer cell,5076,0.05539730871230724
Indonesia_PBMC,matched_expression,xgboost,"CD8-positive, alpha-beta T cell",plasma cell,1,1.0913575396435626e-05
Indonesia_PBMC,matched_expression,xgboost,"CD8-positive, alpha-beta T cell",plasmacytoid dendritic cell,0,0.0
Indonesia_PBMC,matched_expression,xgboost,"CD8-positive, alpha-beta T cell",platelet,59,0.0006439009483897019
Indonesia_PBMC,matched_expression,xgboost,"dendritic cell, human",CD14-positive monocyte,183,0.04183813443072702
Indonesia_PBMC,matched_expression,xgboost,"dendritic cell, human","CD14-positive, CD16-positive monocyte",1,0.00022862368541380886
Indonesia_PBMC,matched_expression,xgboost,"dendritic cell, human","CD4-positive, alpha-beta T cell",3,0.0006858710562414266
Indonesia_PBMC,matched_expression,xgboost,"dendritic cell, human","CD8-positive, alpha-beta T cell",0,0.0
Indonesia_PBMC,matched_expression,xgboost,"dendritic cell, human","dendritic cell, human",4175,0.9545038866026521
Indonesia_PBMC,matched_expression,xgboost,"dendritic cell, human",lymphocyte,1,0.00022862368541380886
Indonesia_PBMC,matched_expression,xgboost,"dendritic cell, human",memory B cell,2,0.0004572473708276177
Indonesia_PBMC,matched_expression,xgboost,"dendritic cell, human",naive B cell,0,0.0
Indonesia_PBMC,matched_expression,xgboost,"dendritic cell, human","naive thymus-derived CD8-positive, alpha-beta T cell",1,0.00022862368541380886
Indonesia_PBMC,matched_expression,xgboost,"dendritic cell, human",natural killer cell,1,0.00022862368541380886
Indonesia_PBMC,matched_expression,xgboost,"dendritic cell, human",plasma cell,0,0.0
Indonesia_PBMC,matched_expression,xgboost,"dendritic cell, human",plasmacytoid dendritic cell,7,0.001600365797896662
Indonesia_PBMC,matched_expression,xgboost,"dendritic cell, human",platelet,0,0.0
Indonesia_PBMC,matched_expression,xgboost,lymphocyte,CD14-positive monocyte,0,0.0
Indonesia_PBMC,matched_expression,xgboost,lymphocyte,"CD14-positive, CD16-positive monocyte",0,0.0
Indonesia_PBMC,matched_expression,xgboost,lymphocyte,"CD4-positive, alpha-beta T cell",34,0.017373530914665303
Indonesia_PBMC,matched_expression,xgboost,lymphocyte,"CD8-positive, alpha-beta T cell",50,0.025549310168625446
Indonesia_PBMC,matched_expression,xgboost,lymphocyte,"dendritic cell, human",3,0.0015329586101175269
Indonesia_PBMC,matched_expression,xgboost,lymphocyte,lymphocyte,1802,0.9207971384772611
Indonesia_PBMC,matched_expression,xgboost,lymphocyte,memory B cell,2,0.001021972406745018
Indonesia_PBMC,matched_expression,xgboost,lymphocyte,naive B cell,0,0.0
Indonesia_PBMC,matched_expression,xgboost,lymphocyte,"naive thymus-derived CD8-positive, alpha-beta T cell",0,0.0
Indonesia_PBMC,matched_expression,xgboost,lymphocyte,natural killer cell,62,0.03168114460909555
Indonesia_PBMC,matched_expression,xgboost,lymphocyte,plasma cell,2,0.001021972406745018
Indonesia_PBMC,matched_expression,xgboost,lymphocyte,plasmacytoid dendritic cell,1,0.000510986203372509
Indonesia_PBMC,matched_expression,xgboost,lymphocyte,platelet,1,0.000510986203372509
Indonesia_PBMC,matched_expression,xgboost,memory B cell,CD14-positive monocyte,9,0.00033122331812159575
Indonesia_PBMC,matched_expression,xgboost,memory B cell,"CD14-positive, CD16-positive monocyte",2,7.360518180479906e-05
Indonesia_PBMC,matched_expression,xgboost,memory B cell,"CD4-positive, alpha-beta T cell",36,0.001324893272486383
Indonesia_PBMC,matched_expression,xgboost,memory B cell,"CD8-positive, alpha-beta T cell",14,0.0005152362726335934
Indonesia_PBMC,matched_expression,xgboost,memory B cell,"dendritic cell, human",0,0.0
Indonesia_PBMC,matched_expression,xgboost,memory B cell,lymphocyte,1,3.680259090239953e-05
Indonesia_PBMC,matched_expression,xgboost,memory B cell,memory B cell,26277,0.9670616811423525
Indonesia_PBMC,matched_expression,xgboost,memory B cell,naive B cell,799,0.029405270131017222
Indonesia_PBMC,matched_expression,xgboost,memory B cell,"naive thymus-derived CD8-positive, alpha-beta T cell",2,7.360518180479906e-05
Indonesia_PBMC,matched_expression,xgboost,memory B cell,natural killer cell,11,0.0004048284999263948
Indonesia_PBMC,matched_expression,xgboost,memory B cell,plasma cell,5,0.00018401295451199765
Indonesia_PBMC,matched_expression,xgboost,memory B cell,plasmacytoid dendritic cell,1,3.680259090239953e-05
Indonesia_PBMC,matched_expression,xgboost,memory B cell,platelet,15,0.000552038863535993
Indonesia_PBMC,matched_expression,xgboost,naive B cell,CD14-positive monocyte,6,0.0002768549280177187
Indonesia_PBMC,matched_expression,xgboost,naive B cell,"CD14-positive, CD16-positive monocyte",2,9.228497600590623e-05
Indonesia_PBMC,matched_expression,xgboost,naive B cell,"CD4-positive, alpha-beta T cell",42,0.001937984496124031
Indonesia_PBMC,matched_expression,xgboost,naive B cell,"CD8-positive, alpha-beta T cell",29,0.0013381321520856404
Indonesia_PBMC,matched_expression,xgboost,naive B cell,"dendritic cell, human",0,0.0
Indonesia_PBMC,matched_expression,xgboost,naive B cell,lymphocyte,0,0.0
Indonesia_PBMC,matched_expression,xgboost,naive B cell,memory B cell,740,0.03414544112218531
Indonesia_PBMC,matched_expression,xgboost,naive B cell,naive B cell,20816,0.9605020302694721
Indonesia_PBMC,matched_expression,xgboost,naive B cell,"naive thymus-derived CD8-positive, alpha-beta T cell",5,0.0002307124400147656
Indonesia_PBMC,matched_expression,xgboost,naive B cell,natural killer cell,27,0.0012458471760797341
Indonesia_PBMC,matched_expression,xgboost,naive B cell,plasma cell,0,0.0
Indonesia_PBMC,matched_expression,xgboost,naive B cell,plasmacytoid dendritic cell,0,0.0
Indonesia_PBMC,matched_expression,xgboost,naive B cell,platelet,5,0.0002307124400147656
Indonesia_PBMC,matched_expression,xgboost,"naive thymus-derived CD8-positive, alpha-beta T cell",CD14-positive monocyte,0,0.0
Indonesia_PBMC,matched_expression,xgboost,"naive thymus-derived CD8-positive, alpha-beta T cell","CD14-positive, CD16-positive monocyte",0,0.0
Indonesia_PBMC,matched_expression,xgboost,"naive thymus-derived CD8-positive, alpha-beta T cell","CD4-positive, alpha-beta T cell",1834,0.06953554502369669
Indonesia_PBMC,matched_expression,xgboost,"naive thymus-derived CD8-positive, alpha-beta T cell","CD8-positive, alpha-beta T cell",475,0.01800947867298578
Indonesia_PBMC,matched_expression,xgboost,"naive thymus-derived CD8-positive, alpha-beta T cell","dendritic cell, human",0,0.0
Indonesia_PBMC,matched_expression,xgboost,"naive thymus-derived CD8-positive, alpha-beta T cell",lymphocyte,0,0.0
Indonesia_PBMC,matched_expression,xgboost,"naive thymus-derived CD8-positive, alpha-beta T cell",memory B cell,2,7.582938388625592e-05
Indonesia_PBMC,matched_expression,xgboost,"naive thymus-derived CD8-positive, alpha-beta T cell",naive B cell,2,7.582938388625592e-05
Indonesia_PBMC,matched_expression,xgboost,"naive thymus-derived CD8-positive, alpha-beta T cell","naive thymus-derived CD8-positive, alpha-beta T cell",24042,0.9115450236966824
Indonesia_PBMC,matched_expression,xgboost,"naive thymus-derived CD8-positive, alpha-beta T cell",natural killer cell,2,7.582938388625592e-05
Indonesia_PBMC,matched_expression,xgboost,"naive thymus-derived CD8-positive, alpha-beta T cell",plasma cell,0,0.0
Indonesia_PBMC,matched_expression,xgboost,"naive thymus-derived CD8-positive, alpha-beta T cell",plasmacytoid dendritic cell,0,0.0
Indonesia_PBMC,matched_expression,xgboost,"naive thymus-derived CD8-positive, alpha-beta T cell",platelet,18,0.0006824644549763033
Indonesia_PBMC,matched_expression,xgboost,natural killer cell,CD14-positive monocyte,17,0.0002088221204043779
Indonesia_PBMC,matched_expression,xgboost,natural killer cell,"CD14-positive, CD16-positive monocyte",6,7.370192484860397e-05
Indonesia_PBMC,matched_expression,xgboost,natural killer cell,"CD4-positive, alpha-beta T cell",51,0.0006264663612131337
Indonesia_PBMC,matched_expression,xgboost,natural killer cell,"CD8-positive, alpha-beta T cell",4341,0.05332334262796497
Indonesia_PBMC,matched_expression,xgboost,natural killer cell,"dendritic cell, human",2,2.4567308282867987e-05
Indonesia_PBMC,matched_expression,xgboost,natural killer cell,lymphocyte,18,0.00022110577454581188
Indonesia_PBMC,matched_expression,xgboost,natural killer cell,memory B cell,12,0.00014740384969720794
Indonesia_PBMC,matched_expression,xgboost,natural killer cell,naive B cell,3,3.6850962424301984e-05
Indonesia_PBMC,matched_expression,xgboost,natural killer cell,"naive thymus-derived CD8-positive, alpha-beta T cell",3,3.6850962424301984e-05
Indonesia_PBMC,matched_expression,xgboost,natural killer cell,natural killer cell,76911,0.9447481236718299
Indonesia_PBMC,matched_expression,xgboost,natural killer cell,plasma cell,1,1.2283654141433994e-05
Indonesia_PBMC,matched_expression,xgboost,natural killer cell,plasmacytoid dendritic cell,1,1.2283654141433994e-05
Indonesia_PBMC,matched_expression,xgboost,natural killer cell,platelet,43,0.0005281971280816617
Indonesia_PBMC,matched_expression,xgboost,plasma cell,CD14-positive monocyte,0,0.0
Indonesia_PBMC,matched_expression,xgboost,plasma cell,"CD14-positive, CD16-positive monocyte",0,0.0
Indonesia_PBMC,matched_expression,xgboost,plasma cell,"CD4-positive, alpha-beta T cell",16,0.006597938144329897
Indonesia_PBMC,matched_expression,xgboost,plasma cell,"CD8-positive, alpha-beta T cell",2,0.0008247422680412372
Indonesia_PBMC,matched_expression,xgboost,plasma cell,"dendritic cell, human",1,0.0004123711340206186
Indonesia_PBMC,matched_expression,xgboost,plasma cell,lymphocyte,4,0.0016494845360824743
Indonesia_PBMC,matched_expression,xgboost,plasma cell,memory B cell,3,0.0012371134020618556
Indonesia_PBMC,matched_expression,xgboost,plasma cell,naive B cell,0,0.0
Indonesia_PBMC,matched_expression,xgboost,plasma cell,"naive thymus-derived CD8-positive, alpha-beta T cell",0,0.0
Indonesia_PBMC,matched_expression,xgboost,plasma cell,natural killer cell,1,0.0004123711340206186
Indonesia_PBMC,matched_expression,xgboost,plasma cell,plasma cell,2398,0.9888659793814433
Indonesia_PBMC,matched_expression,xgboost,plasma cell,plasmacytoid dendritic cell,0,0.0
Indonesia_PBMC,matched_expression,xgboost,plasma cell,platelet,0,0.0
Indonesia_PBMC,matched_expression,xgboost,plasmacytoid dendritic cell,CD14-positive monocyte,2,0.000997506234413965
Indonesia_PBMC,matched_expression,xgboost,plasmacytoid dendritic cell,"CD14-positive, CD16-positive monocyte",1,0.0004987531172069825
Indonesia_PBMC,matched_expression,xgboost,plasmacytoid dendritic cell,"CD4-positive, alpha-beta T cell",15,0.007481296758104738
Indonesia_PBMC,matched_expression,xgboost,plasmacytoid dendritic cell,"CD8-positive, alpha-beta T cell",2,0.000997506234413965
Indonesia_PBMC,matched_expression,xgboost,plasmacytoid dendritic cell,"dendritic cell, human",18,0.008977556109725686
Indonesia_PBMC,matched_expression,xgboost,plasmacytoid dendritic cell,lymphocyte,0,0.0
Indonesia_PBMC,matched_expression,xgboost,plasmacytoid dendritic cell,memory B cell,2,0.000997506234413965
Indonesia_PBMC,matched_expression,xgboost,plasmacytoid dendritic cell,naive B cell,1,0.0004987531172069825
Indonesia_PBMC,matched_expression,xgboost,plasmacytoid dendritic cell,"naive thymus-derived CD8-positive, alpha-beta T cell",2,0.000997506234413965
Indonesia_PBMC,matched_expression,xgboost,plasmacytoid dendritic cell,natural killer cell,3,0.0014962593516209476
Indonesia_PBMC,matched_expression,xgboost,plasmacytoid dendritic cell,plasma cell,0,0.0
Indonesia_PBMC,matched_expression,xgboost,plasmacytoid dendritic cell,plasmacytoid dendritic cell,1958,0.9765586034912718
Indonesia_PBMC,matched_expression,xgboost,plasmacytoid dendritic cell,platelet,1,0.0004987531172069825
Indonesia_PBMC,matched_expression,xgboost,platelet,CD14-positive monocyte,37,0.01228011948224361
Indonesia_PBMC,matched_expression,xgboost,platelet,"CD14-positive, CD16-positive monocyte",2,0.0006637902422834385
Indonesia_PBMC,matched_expression,xgboost,platelet,"CD4-positive, alpha-beta T cell",91,0.03020245602389645
Indonesia_PBMC,matched_expression,xgboost,platelet,"CD8-positive, alpha-beta T cell",41,0.013607699966810488
Indonesia_PBMC,matched_expression,xgboost,platelet,"dendritic cell, human",3,0.0009956853634251576
Indonesia_PBMC,matched_expression,xgboost,platelet,lymphocyte,1,0.00033189512114171923
Indonesia_PBMC,matched_expression,xgboost,platelet,memory B cell,6,0.0019913707268503153
Indonesia_PBMC,matched_expression,xgboost,platelet,naive B cell,14,0.004646531695984069
Indonesia_PBMC,matched_expression,xgboost,platelet,"naive thymus-derived CD8-positive, alpha-beta T cell",13,0.00431463657484235
Indonesia_PBMC,matched_expression,xgboost,platelet,natural killer cell,52,0.0172585462993694
Indonesia_PBMC,matched_expression,xgboost,platelet,plasma cell,0,0.0
Indonesia_PBMC,matched_expression,xgboost,platelet,plasmacytoid dendritic cell,0,0.0
Indonesia_PBMC,matched_expression,xgboost,platelet,platelet,2753,0.913707268503153
Indonesia_PBMC,svd512_expression,logreg,CD14-positive monocyte,CD14-positive monocyte,50584,0.9910852485354337
Indonesia_PBMC,svd512_expression,logreg,CD14-positive monocyte,"CD14-positive, CD16-positive monocyte",237,0.004643507905719156
Indonesia_PBMC,svd512_expression,logreg,CD14-positive monocyte,"CD4-positive, alpha-beta T cell",13,0.00025470718470189463
Indonesia_PBMC,svd512_expression,logreg,CD14-positive monocyte,"CD8-positive, alpha-beta T cell",0,0.0
Indonesia_PBMC,svd512_expression,logreg,CD14-positive monocyte,"dendritic cell, human",148,0.002899743333529262
Indonesia_PBMC,svd512_expression,logreg,CD14-positive monocyte,lymphocyte,1,1.95928603616842e-05
Indonesia_PBMC,svd512_expression,logreg,CD14-positive monocyte,memory B cell,13,0.00025470718470189463
Indonesia_PBMC,svd512_expression,logreg,CD14-positive monocyte,naive B cell,2,3.91857207233684e-05
Indonesia_PBMC,svd512_expression,logreg,CD14-positive monocyte,"naive thymus-derived CD8-positive, alpha-beta T cell",1,1.95928603616842e-05
Indonesia_PBMC,svd512_expression,logreg,CD14-positive monocyte,natural killer cell,22,0.0004310429279570524
Indonesia_PBMC,svd512_expression,logreg,CD14-positive monocyte,plasma cell,0,0.0
Indonesia_PBMC,svd512_expression,logreg,CD14-positive monocyte,plasmacytoid dendritic cell,1,1.95928603616842e-05
Indonesia_PBMC,svd512_expression,logreg,CD14-positive monocyte,platelet,17,0.0003330786261486314
Indonesia_PBMC,svd512_expression,logreg,"CD14-positive, CD16-positive monocyte",CD14-positive monocyte,283,0.020958305561727023
Indonesia_PBMC,svd512_expression,logreg,"CD14-positive, CD16-positive monocyte","CD14-positive, CD16-positive monocyte",13204,0.9778567725690587
Indonesia_PBMC,svd512_expression,logreg,"CD14-positive, CD16-positive monocyte","CD4-positive, alpha-beta T cell",2,0.0001481152336517811
Indonesia_PBMC,svd512_expression,logreg,"CD14-positive, CD16-positive monocyte","CD8-positive, alpha-beta T cell",0,0.0
Indonesia_PBMC,svd512_expression,logreg,"CD14-positive, CD16-positive monocyte","dendritic cell, human",0,0.0
Indonesia_PBMC,svd512_expression,logreg,"CD14-positive, CD16-positive monocyte",lymphocyte,0,0.0
Indonesia_PBMC,svd512_expression,logreg,"CD14-positive, CD16-positive monocyte",memory B cell,0,0.0
Indonesia_PBMC,svd512_expression,logreg,"CD14-positive, CD16-positive monocyte",naive B cell,0,0.0
Indonesia_PBMC,svd512_expression,logreg,"CD14-positive, CD16-positive monocyte","naive thymus-derived CD8-positive, alpha-beta T cell",0,0.0
Indonesia_PBMC,svd512_expression,logreg,"CD14-positive, CD16-positive monocyte",natural killer cell,6,0.00044434570095534326
Indonesia_PBMC,svd512_expression,logreg,"CD14-positive, CD16-positive monocyte",plasma cell,0,0.0
Indonesia_PBMC,svd512_expression,logreg,"CD14-positive, CD16-positive monocyte",plasmacytoid dendritic cell,1,7.405761682589055e-05
Indonesia_PBMC,svd512_expression,logreg,"CD14-positive, CD16-positive monocyte",platelet,7,0.0005184033177812338
Indonesia_PBMC,svd512_expression,logreg,"CD4-positive, alpha-beta T cell",CD14-positive monocyte,12,8.858638279652447e-05
Indonesia_PBMC,svd512_expression,logreg,"CD4-positive, alpha-beta T cell","CD14-positive, CD16-positive monocyte",6,4.4293191398262234e-05
Indonesia_PBMC,svd512_expression,logreg,"CD4-positive, alpha-beta T cell","CD4-positive, alpha-beta T cell",131377,0.9698511010549161
Indonesia_PBMC,svd512_expression,logreg,"CD4-positive, alpha-beta T cell","CD8-positive, alpha-beta T cell",2209,0.016307276633126876
Indonesia_PBMC,svd512_expression,logreg,"CD4-positive, alpha-beta T cell","dendritic cell, human",1,7.382198566377038e-06
Indonesia_PBMC,svd512_expression,logreg,"CD4-positive, alpha-beta T cell",lymphocyte,14,0.00010335077992927854
Indonesia_PBMC,svd512_expression,logreg,"CD4-positive, alpha-beta T cell",memory B cell,26,0.000191937162725803
Indonesia_PBMC,svd512_expression,logreg,"CD4-positive, alpha-beta T cell",naive B cell,23,0.00016979056702667189
Indonesia_PBMC,svd512_expression,logreg,"CD4-positive, alpha-beta T cell","naive thymus-derived CD8-positive, alpha-beta T cell",1678,0.01238732919438067
Indonesia_PBMC,svd512_expression,logreg,"CD4-positive, alpha-beta T cell",natural killer cell,42,0.0003100523397878356
Indonesia_PBMC,svd512_expression,logreg,"CD4-positive, alpha-beta T cell",plasma cell,5,3.691099283188519e-05
Indonesia_PBMC,svd512_expression,logreg,"CD4-positive, alpha-beta T cell",plasmacytoid dendritic cell,1,7.382198566377038e-06
Indonesia_PBMC,svd512_expression,logreg,"CD4-positive, alpha-beta T cell",platelet,67,0.0004946073039472616
Indonesia_PBMC,svd512_expression,logreg,"CD8-positive, alpha-beta T cell",CD14-positive monocyte,5,5.456787698217813e-05
Indonesia_PBMC,svd512_expression,logreg,"CD8-positive, alpha-beta T cell","CD14-positive, CD16-positive monocyte",1,1.0913575396435626e-05
Indonesia_PBMC,svd512_expression,logreg,"CD8-positive, alpha-beta T cell","CD4-positive, alpha-beta T cell",2099,0.02290759475711838
Indonesia_PBMC,svd512_expression,logreg,"CD8-positive, alpha-beta T cell","CD8-positive, alpha-beta T cell",83936,0.9160418644752207
Indonesia_PBMC,svd512_expression,logreg,"CD8-positive, alpha-beta T cell","dendritic cell, human",0,0.0
Indonesia_PBMC,svd512_expression,logreg,"CD8-positive, alpha-beta T cell",lymphocyte,16,0.00017461720634297
Indonesia_PBMC,svd512_expression,logreg,"CD8-positive, alpha-beta T cell",memory B cell,10,0.00010913575396435626
Indonesia_PBMC,svd512_expression,logreg,"CD8-positive, alpha-beta T cell",naive B cell,11,0.00012004932936079188
Indonesia_PBMC,svd512_expression,logreg,"CD8-positive, alpha-beta T cell","naive thymus-derived CD8-positive, alpha-beta T cell",364,0.003972541444302568
Indonesia_PBMC,svd512_expression,logreg,"CD8-positive, alpha-beta T cell",natural killer cell,5131,0.0559975553591112
Indonesia_PBMC,svd512_expression,logreg,"CD8-positive, alpha-beta T cell",plasma cell,1,1.0913575396435626e-05
Indonesia_PBMC,svd512_expression,logreg,"CD8-positive, alpha-beta T cell",plasmacytoid dendritic cell,1,1.0913575396435626e-05
Indonesia_PBMC,svd512_expression,logreg,"CD8-positive, alpha-beta T cell",platelet,54,0.0005893330714075238
Indonesia_PBMC,svd512_expression,logreg,"dendritic cell, human",CD14-positive monocyte,154,0.035208047553726564
Indonesia_PBMC,svd512_expression,logreg,"dendritic cell, human","CD14-positive, CD16-positive monocyte",0,0.0
Indonesia_PBMC,svd512_expression,logreg,"dendritic cell, human","CD4-positive, alpha-beta T cell",0,0.0
Indonesia_PBMC,svd512_expression,logreg,"dendritic cell, human","CD8-positive, alpha-beta T cell",0,0.0
Indonesia_PBMC,svd512_expression,logreg,"dendritic cell, human","dendritic cell, human",4205,0.9613625971650663
Indonesia_PBMC,svd512_expression,logreg,"dendritic cell, human",lymphocyte,1,0.00022862368541380886
Indonesia_PBMC,svd512_expression,logreg,"dendritic cell, human",memory B cell,1,0.00022862368541380886
Indonesia_PBMC,svd512_expression,logreg,"dendritic cell, human",naive B cell,0,0.0
Indonesia_PBMC,svd512_expression,logreg,"dendritic cell, human","naive thymus-derived CD8-positive, alpha-beta T cell",0,0.0
Indonesia_PBMC,svd512_expression,logreg,"dendritic cell, human",natural killer cell,1,0.00022862368541380886
Indonesia_PBMC,svd512_expression,logreg,"dendritic cell, human",plasma cell,0,0.0
Indonesia_PBMC,svd512_expression,logreg,"dendritic cell, human",plasmacytoid dendritic cell,11,0.002514860539551898
Indonesia_PBMC,svd512_expression,logreg,"dendritic cell, human",platelet,1,0.00022862368541380886
Indonesia_PBMC,svd512_expression,logreg,lymphocyte,CD14-positive monocyte,0,0.0
Indonesia_PBMC,svd512_expression,logreg,lymphocyte,"CD14-positive, CD16-positive monocyte",0,0.0
Indonesia_PBMC,svd512_expression,logreg,lymphocyte,"CD4-positive, alpha-beta T cell",21,0.010730710270822688
Indonesia_PBMC,svd512_expression,logreg,lymphocyte,"CD8-positive, alpha-beta T cell",39,0.01992846193152785
Indonesia_PBMC,svd512_expression,logreg,lymphocyte,"dendritic cell, human",2,0.001021972406745018
Indonesia_PBMC,svd512_expression,logreg,lymphocyte,lymphocyte,1827,0.9335717935615738
Indonesia_PBMC,svd512_expression,logreg,lymphocyte,memory B cell,4,0.002043944813490036
Indonesia_PBMC,svd512_expression,logreg,lymphocyte,naive B cell,0,0.0
Indonesia_PBMC,svd512_expression,logreg,lymphocyte,"naive thymus-derived CD8-positive, alpha-beta T cell",0,0.0
Indonesia_PBMC,svd512_expression,logreg,lymphocyte,natural killer cell,57,0.02912621359223301
Indonesia_PBMC,svd512_expression,logreg,lymphocyte,plasma cell,5,0.0025549310168625446
Indonesia_PBMC,svd512_expression,logreg,lymphocyte,plasmacytoid dendritic cell,0,0.0
Indonesia_PBMC,svd512_expression,logreg,lymphocyte,platelet,2,0.001021972406745018
Indonesia_PBMC,svd512_expression,logreg,memory B cell,CD14-positive monocyte,6,0.00022081554541439718
Indonesia_PBMC,svd512_expression,logreg,memory B cell,"CD14-positive, CD16-positive monocyte",2,7.360518180479906e-05
Indonesia_PBMC,svd512_expression,logreg,memory B cell,"CD4-positive, alpha-beta T cell",16,0.0005888414544383925
Indonesia_PBMC,svd512_expression,logreg,memory B cell,"CD8-positive, alpha-beta T cell",12,0.00044163109082879436
Indonesia_PBMC,svd512_expression,logreg,memory B cell,"dendritic cell, human",0,0.0
Indonesia_PBMC,svd512_expression,logreg,memory B cell,lymphocyte,0,0.0
Indonesia_PBMC,svd512_expression,logreg,memory B cell,memory B cell,26308,0.9682025614603268
Indonesia_PBMC,svd512_expression,logreg,memory B cell,naive B cell,799,0.029405270131017222
Indonesia_PBMC,svd512_expression,logreg,memory B cell,"naive thymus-derived CD8-positive, alpha-beta T cell",1,3.680259090239953e-05
Indonesia_PBMC,svd512_expression,logreg,memory B cell,natural killer cell,10,0.0003680259090239953
Indonesia_PBMC,svd512_expression,logreg,memory B cell,plasma cell,3,0.00011040777270719859
Indonesia_PBMC,svd512_expression,logreg,memory B cell,plasmacytoid dendritic cell,0,0.0
Indonesia_PBMC,svd512_expression,logreg,memory B cell,platelet,15,0.000552038863535993
Indonesia_PBMC,svd512_expression,logreg,naive B cell,CD14-positive monocyte,3,0.00013842746400885935
Indonesia_PBMC,svd512_expression,logreg,naive B cell,"CD14-positive, CD16-positive monocyte",2,9.228497600590623e-05
Indonesia_PBMC,svd512_expression,logreg,naive B cell,"CD4-positive, alpha-beta T cell",28,0.0012919896640826874
Indonesia_PBMC,svd512_expression,logreg,naive B cell,"CD8-positive, alpha-beta T cell",11,0.0005075673680324843
Indonesia_PBMC,svd512_expression,logreg,naive B cell,"dendritic cell, human",0,0.0
Indonesia_PBMC,svd512_expression,logreg,naive B cell,lymphocyte,0,0.0
Indonesia_PBMC,svd512_expression,logreg,naive B cell,memory B cell,787,0.036314138058324105
Indonesia_PBMC,svd512_expression,logreg,naive B cell,naive B cell,20821,0.9607327427094869
Indonesia_PBMC,svd512_expression,logreg,naive B cell,"naive thymus-derived CD8-positive, alpha-beta T cell",2,9.228497600590623e-05
Indonesia_PBMC,svd512_expression,logreg,naive B cell,natural killer cell,15,0.0006921373200442968
Indonesia_PBMC,svd512_expression,logreg,naive B cell,plasma cell,0,0.0
Indonesia_PBMC,svd512_expression,logreg,naive B cell,plasmacytoid dendritic cell,0,0.0
Indonesia_PBMC,svd512_expression,logreg,naive B cell,platelet,3,0.00013842746400885935
Indonesia_PBMC,svd512_expression,logreg,"naive thymus-derived CD8-positive, alpha-beta T cell",CD14-positive monocyte,2,7.582938388625592e-05
Indonesia_PBMC,svd512_expression,logreg,"naive thymus-derived CD8-positive, alpha-beta T cell","CD14-positive, CD16-positive monocyte",0,0.0
Indonesia_PBMC,svd512_expression,logreg,"naive thymus-derived CD8-positive, alpha-beta T cell","CD4-positive, alpha-beta T cell",2244,0.08508056872037914
Indonesia_PBMC,svd512_expression,logreg,"naive thymus-derived CD8-positive, alpha-beta T cell","CD8-positive, alpha-beta T cell",362,0.013725118483412322
Indonesia_PBMC,svd512_expression,logreg,"naive thymus-derived CD8-positive, alpha-beta T cell","dendritic cell, human",0,0.0
Indonesia_PBMC,svd512_expression,logreg,"naive thymus-derived CD8-positive, alpha-beta T cell",lymphocyte,0,0.0
Indonesia_PBMC,svd512_expression,logreg,"naive thymus-derived CD8-positive, alpha-beta T cell",memory B cell,1,3.791469194312796e-05
Indonesia_PBMC,svd512_expression,logreg,"naive thymus-derived CD8-positive, alpha-beta T cell",naive B cell,3,0.00011374407582938388
Indonesia_PBMC,svd512_expression,logreg,"naive thymus-derived CD8-positive, alpha-beta T cell","naive thymus-derived CD8-positive, alpha-beta T cell",23754,0.9006255924170616
Indonesia_PBMC,svd512_expression,logreg,"naive thymus-derived CD8-positive, alpha-beta T cell",natural killer cell,1,3.791469194312796e-05
Indonesia_PBMC,svd512_expression,logreg,"naive thymus-derived CD8-positive, alpha-beta T cell",plasma cell,0,0.0
Indonesia_PBMC,svd512_expression,logreg,"naive thymus-derived CD8-positive, alpha-beta T cell",plasmacytoid dendritic cell,0,0.0
Indonesia_PBMC,svd512_expression,logreg,"naive thymus-derived CD8-positive, alpha-beta T cell",platelet,8,0.0003033175355450237
Indonesia_PBMC,svd512_expression,logreg,natural killer cell,CD14-positive monocyte,22,0.00027024039111154787
Indonesia_PBMC,svd512_expression,logreg,natural killer cell,"CD14-positive, CD16-positive monocyte",8,9.826923313147195e-05
Indonesia_PBMC,svd512_expression,logreg,natural killer cell,"CD4-positive, alpha-beta T cell",57,0.0007001682860617376
Indonesia_PBMC,svd512_expression,logreg,natural killer cell,"CD8-positive, alpha-beta T cell",4698,0.057708607156456905
Indonesia_PBMC,svd512_expression,logreg,natural killer cell,"dendritic cell, human",1,1.2283654141433994e-05
Indonesia_PBMC,svd512_expression,logreg,natural killer cell,lymphocyte,32,0.0003930769325258878
Indonesia_PBMC,svd512_expression,logreg,natural killer cell,memory B cell,13,0.00015968750383864191
Indonesia_PBMC,svd512_expression,logreg,natural killer cell,naive B cell,11,0.00013512019555577393
Indonesia_PBMC,svd512_expression,logreg,natural killer cell,"naive thymus-derived CD8-positive, alpha-beta T cell",0,0.0
Indonesia_PBMC,svd512_expression,logreg,natural killer cell,natural killer cell,76533,0.9401049024063678
Indonesia_PBMC,svd512_expression,logreg,natural killer cell,plasma cell,2,2.4567308282867987e-05
Indonesia_PBMC,svd512_expression,logreg,natural killer cell,plasmacytoid dendritic cell,2,2.4567308282867987e-05
Indonesia_PBMC,svd512_expression,logreg,natural killer cell,platelet,30,0.0003685096242430198
Indonesia_PBMC,svd512_expression,logreg,plasma cell,CD14-positive monocyte,0,0.0
Indonesia_PBMC,svd512_expression,logreg,plasma cell,"CD14-positive, CD16-positive monocyte",0,0.0
Indonesia_PBMC,svd512_expression,logreg,plasma cell,"CD4-positive, alpha-beta T cell",6,0.002474226804123711
Indonesia_PBMC,svd512_expression,logreg,plasma cell,"CD8-positive, alpha-beta T cell",2,0.0008247422680412372
Indonesia_PBMC,svd512_expression,logreg,plasma cell,"dendritic cell, human",0,0.0
Indonesia_PBMC,svd512_expression,logreg,plasma cell,lymphocyte,5,0.002061855670103093
Indonesia_PBMC,svd512_expression,logreg,plasma cell,memory B cell,2,0.0008247422680412372
Indonesia_PBMC,svd512_expression,logreg,plasma cell,naive B cell,0,0.0
Indonesia_PBMC,svd512_expression,logreg,plasma cell,"naive thymus-derived CD8-positive, alpha-beta T cell",0,0.0
Indonesia_PBMC,svd512_expression,logreg,plasma cell,natural killer cell,1,0.0004123711340206186
Indonesia_PBMC,svd512_expression,logreg,plasma cell,plasma cell,2407,0.9925773195876288
Indonesia_PBMC,svd512_expression,logreg,plasma cell,plasmacytoid dendritic cell,0,0.0
Indonesia_PBMC,svd512_expression,logreg,plasma cell,platelet,2,0.0008247422680412372
Indonesia_PBMC,svd512_expression,logreg,plasmacytoid dendritic cell,CD14-positive monocyte,3,0.0014962593516209476
Indonesia_PBMC,svd512_expression,logreg,plasmacytoid dendritic cell,"CD14-positive, CD16-positive monocyte",1,0.0004987531172069825
Indonesia_PBMC,svd512_expression,logreg,plasmacytoid dendritic cell,"CD4-positive, alpha-beta T cell",5,0.0024937655860349127
Indonesia_PBMC,svd512_expression,logreg,plasmacytoid dendritic cell,"CD8-positive, alpha-beta T cell",1,0.0004987531172069825
Indonesia_PBMC,svd512_expression,logreg,plasmacytoid dendritic cell,"dendritic cell, human",11,0.005486284289276808
Indonesia_PBMC,svd512_expression,logreg,plasmacytoid dendritic cell,lymphocyte,0,0.0
Indonesia_PBMC,svd512_expression,logreg,plasmacytoid dendritic cell,memory B cell,0,0.0
Indonesia_PBMC,svd512_expression,logreg,plasmacytoid dendritic cell,naive B cell,1,0.0004987531172069825
Indonesia_PBMC,svd512_expression,logreg,plasmacytoid dendritic cell,"naive thymus-derived CD8-positive, alpha-beta T cell",0,0.0
Indonesia_PBMC,svd512_expression,logreg,plasmacytoid dendritic cell,natural killer cell,4,0.00199501246882793
Indonesia_PBMC,svd512_expression,logreg,plasmacytoid dendritic cell,plasma cell,0,0.0
Indonesia_PBMC,svd512_expression,logreg,plasmacytoid dendritic cell,plasmacytoid dendritic cell,1977,0.9860349127182045
Indonesia_PBMC,svd512_expression,logreg,plasmacytoid dendritic cell,platelet,2,0.000997506234413965
Indonesia_PBMC,svd512_expression,logreg,platelet,CD14-positive monocyte,26,0.0086292731496847
Indonesia_PBMC,svd512_expression,logreg,platelet,"CD14-positive, CD16-positive monocyte",1,0.00033189512114171923
Indonesia_PBMC,svd512_expression,logreg,platelet,"CD4-positive, alpha-beta T cell",81,0.026883504812479257
Indonesia_PBMC,svd512_expression,logreg,platelet,"CD8-positive, alpha-beta T cell",47,0.015599070693660804
Indonesia_PBMC,svd512_expression,logreg,platelet,"dendritic cell, human",1,0.00033189512114171923
Indonesia_PBMC,svd512_expression,logreg,platelet,lymphocyte,0,0.0
Indonesia_PBMC,svd512_expression,logreg,platelet,memory B cell,10,0.003318951211417192
Indonesia_PBMC,svd512_expression,logreg,platelet,naive B cell,14,0.004646531695984069
Indonesia_PBMC,svd512_expression,logreg,platelet,"naive thymus-derived CD8-positive, alpha-beta T cell",15,0.004978426817125788
Indonesia_PBMC,svd512_expression,logreg,platelet,natural killer cell,50,0.01659475605708596
Indonesia_PBMC,svd512_expression,logreg,platelet,plasma cell,0,0.0
Indonesia_PBMC,svd512_expression,logreg,platelet,plasmacytoid dendritic cell,0,0.0
Indonesia_PBMC,svd512_expression,logreg,platelet,platelet,2768,0.9186856953202788
Brain_Atlas,scgpt_embeddings,logreg,GABAergic neuron,GABAergic neuron,8224,0.9896510228640193
Brain_Atlas,scgpt_embeddings,logreg,GABAergic neuron,astrocyte,0,0.0
Brain_Atlas,scgpt_embeddings,logreg,GABAergic neuron,central nervous system macrophage,0,0.0
Brain_Atlas,scgpt_embeddings,logreg,GABAergic neuron,endothelial cell,0,0.0
Brain_Atlas,scgpt_embeddings,logreg,GABAergic neuron,glutamatergic neuron,62,0.007460890493381468
Brain_Atlas,scgpt_embeddings,logreg,GABAergic neuron,microglial cell,0,0.0
Brain_Atlas,scgpt_embeddings,logreg,GABAergic neuron,oligodendrocyte,20,0.0024067388688327317
Brain_Atlas,scgpt_embeddings,logreg,GABAergic neuron,oligodendrocyte precursor cell,4,0.0004813477737665463
Brain_Atlas,scgpt_embeddings,logreg,GABAergic neuron,pericyte,0,0.0
Brain_Atlas,scgpt_embeddings,logreg,GABAergic neuron,perivascular cell,0,0.0
Brain_Atlas,scgpt_embeddings,logreg,astrocyte,GABAergic neuron,0,0.0
Brain_Atlas,scgpt_embeddings,logreg,astrocyte,astrocyte,4991,0.989884966283221
Brain_Atlas,scgpt_embeddings,logreg,astrocyte,central nervous system macrophage,0,0.0
Brain_Atlas,scgpt_embeddings,logreg,astrocyte,endothelial cell,0,0.0
Brain_Atlas,scgpt_embeddings,logreg,astrocyte,glutamatergic neuron,1,0.00019833399444664816
Brain_Atlas,scgpt_embeddings,logreg,astrocyte,microglial cell,2,0.0003966679888932963
Brain_Atlas,scgpt_embeddings,logreg,astrocyte,oligodendrocyte,48,0.009520031733439112
Brain_Atlas,scgpt_embeddings,logreg,astrocyte,oligodendrocyte precursor cell,0,0.0
Brain_Atlas,scgpt_embeddings,logreg,astrocyte,pericyte,0,0.0
Brain_Atlas,scgpt_embeddings,logreg,astrocyte,perivascular cell,0,0.0
Brain_Atlas,scgpt_embeddings,logreg,central nervous system macrophage,GABAergic neuron,0,0.0
Brain_Atlas,scgpt_embeddings,logreg,central nervous system macrophage,astrocyte,0,0.0
Brain_Atlas,scgpt_embeddings,logreg,central nervous system macrophage,central nervous system macrophage,78,0.6902654867256637
Brain_Atlas,scgpt_embeddings,logreg,central nervous system macrophage,endothelial cell,0,0.0
Brain_Atlas,scgpt_embeddings,logreg,central nervous system macrophage,glutamatergic neuron,0,0.0
Brain_Atlas,scgpt_embeddings,logreg,central nervous system macrophage,microglial cell,32,0.2831858407079646
Brain_Atlas,scgpt_embeddings,logreg,central nervous system macrophage,oligodendrocyte,3,0.02654867256637168
Brain_Atlas,scgpt_embeddings,logreg,central nervous system macrophage,oligodendrocyte precursor cell,0,0.0
Brain_Atlas,scgpt_embeddings,logreg,central nervous system macrophage,pericyte,0,0.0
Brain_Atlas,scgpt_embeddings,logreg,central nervous system macrophage,perivascular cell,0,0.0
Brain_Atlas,scgpt_embeddings,logreg,endothelial cell,GABAergic neuron,0,0.0
Brain_Atlas,scgpt_embeddings,logreg,endothelial cell,astrocyte,1,0.004048582995951417
Brain_Atlas,scgpt_embeddings,logreg,endothelial cell,central nervous system macrophage,0,0.0
Brain_Atlas,scgpt_embeddings,logreg,endothelial cell,endothelial cell,225,0.9109311740890689
Brain_Atlas,scgpt_embeddings,logreg,endothelial cell,glutamatergic neuron,0,0.0
Brain_Atlas,scgpt_embeddings,logreg,endothelial cell,microglial cell,1,0.004048582995951417
Brain_Atlas,scgpt_embeddings,logreg,endothelial cell,oligodendrocyte,15,0.06072874493927125
Brain_Atlas,scgpt_embeddings,logreg,endothelial cell,oligodendrocyte precursor cell,1,0.004048582995951417
Brain_Atlas,scgpt_embeddings,logreg,endothelial cell,pericyte,2,0.008097165991902834
Brain_Atlas,scgpt_embeddings,logreg,endothelial cell,perivascular cell,2,0.008097165991902834
Brain_Atlas,scgpt_embeddings,logreg,glutamatergic neuron,GABAergic neuron,69,0.0037960059415745174
Brain_Atlas,scgpt_embeddings,logreg,glutamatergic neuron,astrocyte,0,0.0
Brain_Atlas,scgpt_embeddings,logreg,glutamatergic neuron,central nervous system macrophage,2,0.0001100291577267976
Brain_Atlas,scgpt_embeddings,logreg,glutamatergic neuron,endothelial cell,0,0.0
Brain_Atlas,scgpt_embeddings,logreg,glutamatergic neuron,glutamatergic neuron,18027,0.9917478131704902
Brain_Atlas,scgpt_embeddings,logreg,glutamatergic neuron,microglial cell,5,0.000275072894316994
Brain_Atlas,scgpt_embeddings,logreg,glutamatergic neuron,oligodendrocyte,65,0.003575947626120922
Brain_Atlas,scgpt_embeddings,logreg,glutamatergic neuron,oligodendrocyte precursor cell,9,0.0004951312097705892
Brain_Atlas,scgpt_embeddings,logreg,glutamatergic neuron,pericyte,0,0.0
Brain_Atlas,scgpt_embeddings,logreg,glutamatergic neuron,perivascular cell,0,0.0
Brain_Atlas,scgpt_embeddings,logreg,microglial cell,GABAergic neuron,0,0.0
Brain_Atlas,scgpt_embeddings,logreg,microglial cell,astrocyte,0,0.0
Brain_Atlas,scgpt_embeddings,logreg,microglial cell,central nervous system macrophage,3,0.0009874917709019092
Brain_Atlas,scgpt_embeddings,logreg,microglial cell,endothelial cell,0,0.0
Brain_Atlas,scgpt_embeddings,logreg,microglial cell,glutamatergic neuron,0,0.0
Brain_Atlas,scgpt_embeddings,logreg,microglial cell,microglial cell,3015,0.9924292297564187
Brain_Atlas,scgpt_embeddings,logreg,microglial cell,oligodendrocyte,18,0.005924950625411455
Brain_Atlas,scgpt_embeddings,logreg,microglial cell,oligodendrocyte precursor cell,2,0.0006583278472679394
Brain_Atlas,scgpt_embeddings,logreg,microglial cell,pericyte,0,0.0
Brain_Atlas,scgpt_embeddings,logreg,microglial cell,perivascular cell,0,0.0
Brain_Atlas,scgpt_embeddings,logreg,oligodendrocyte,GABAergic neuron,9,0.00024044883783061715
Brain_Atlas,scgpt_embeddings,logreg,oligodendrocyte,astrocyte,22,0.0005877638258081752
Brain_Atlas,scgpt_embeddings,logreg,oligodendrocyte,central nervous system macrophage,0,0.0
Brain_Atlas,scgpt_embeddings,logreg,oligodendrocyte,endothelial cell,4,0.00010686615014694096
Brain_Atlas,scgpt_embeddings,logreg,oligodendrocyte,glutamatergic neuron,19,0.0005076142131979696
Brain_Atlas,scgpt_embeddings,logreg,oligodendrocyte,microglial cell,17,0.00045418113812449904
Brain_Atlas,scgpt_embeddings,logreg,oligodendrocyte,oligodendrocyte,37307,0.9967138658829816
Brain_Atlas,scgpt_embeddings,logreg,oligodendrocyte,oligodendrocyte precursor cell,45,0.0012022441891530857
Brain_Atlas,scgpt_embeddings,logreg,oligodendrocyte,pericyte,4,0.00010686615014694096
Brain_Atlas,scgpt_embeddings,logreg,oligodendrocyte,perivascular cell,3,8.014961261020572e-05
Brain_Atlas,scgpt_embeddings,logreg,oligodendrocyte precursor cell,GABAergic neuron,17,0.00564034505640345
Brain_Atlas,scgpt_embeddings,logreg,oligodendrocyte precursor cell,astrocyte,12,0.003981420039814201
Brain_Atlas,scgpt_embeddings,logreg,oligodendrocyte precursor cell,central nervous system macrophage,0,0.0
Brain_Atlas,scgpt_embeddings,logreg,oligodendrocyte precursor cell,endothelial cell,0,0.0
Brain_Atlas,scgpt_embeddings,logreg,oligodendrocyte precursor cell,glutamatergic neuron,22,0.0072992700729927005
Brain_Atlas,scgpt_embeddings,logreg,oligodendrocyte precursor cell,microglial cell,2,0.0006635700066357001
Brain_Atlas,scgpt_embeddings,logreg,oligodendrocyte precursor cell,oligodendrocyte,461,0.15295288652952888
Brain_Atlas,scgpt_embeddings,logreg,oligodendrocyte precursor cell,oligodendrocyte precursor cell,2500,0.8294625082946251
Brain_Atlas,scgpt_embeddings,logreg,oligodendrocyte precursor cell,pericyte,0,0.0
Brain_Atlas,scgpt_embeddings,logreg,oligodendrocyte precursor cell,perivascular cell,0,0.0
Brain_Atlas,scgpt_embeddings,logreg,pericyte,GABAergic neuron,0,0.0
Brain_Atlas,scgpt_embeddings,logreg,pericyte,astrocyte,0,0.0
Brain_Atlas,scgpt_embeddings,logreg,pericyte,central nervous system macrophage,0,0.0
Brain_Atlas,scgpt_embeddings,logreg,pericyte,endothelial cell,3,0.028846153846153848
Brain_Atlas,scgpt_embeddings,logreg,pericyte,glutamatergic neuron,0,0.0
Brain_Atlas,scgpt_embeddings,logreg,pericyte,microglial cell,0,0.0
Brain_Atlas,scgpt_embeddings,logreg,pericyte,oligodendrocyte,6,0.057692307692307696
Brain_Atlas,scgpt_embeddings,logreg,pericyte,oligodendrocyte precursor cell,0,0.0
Brain_Atlas,scgpt_embeddings,logreg,pericyte,pericyte,95,0.9134615384615384
Brain_Atlas,scgpt_embeddings,logreg,pericyte,perivascular cell,0,0.0
Brain_Atlas,scgpt_embeddings,logreg,perivascular cell,GABAergic neuron,2,0.01904761904761905
Brain_Atlas,scgpt_embeddings,logreg,perivascular cell,astrocyte,0,0.0
Brain_Atlas,scgpt_embeddings,logreg,perivascular cell,central nervous system macrophage,0,0.0
Brain_Atlas,scgpt_embeddings,logreg,perivascular cell,endothelial cell,0,0.0
Brain_Atlas,scgpt_embeddings,logreg,perivascular cell,glutamatergic neuron,0,0.0
Brain_Atlas,scgpt_embeddings,logreg,perivascular cell,microglial cell,0,0.0
Brain_Atlas,scgpt_embeddings,logreg,perivascular cell,oligodendrocyte,13,0.12380952380952381
Brain_Atlas,scgpt_embeddings,logreg,perivascular cell,oligodendrocyte precursor cell,0,0.0
Brain_Atlas,scgpt_embeddings,logreg,perivascular cell,pericyte,1,0.009523809523809525
Brain_Atlas,scgpt_embeddings,logreg,perivascular cell,perivascular cell,89,0.8476190476190476
Brain_Atlas,scgpt_embeddings,random_forest,GABAergic neuron,GABAergic neuron,8143,0.9799037304452467
Brain_Atlas,scgpt_embeddings,random_forest,GABAergic neuron,astrocyte,0,0.0
Brain_Atlas,scgpt_embeddings,random_forest,GABAergic neuron,central nervous system macrophage,0,0.0
Brain_Atlas,scgpt_embeddings,random_forest,GABAergic neuron,endothelial cell,0,0.0
Brain_Atlas,scgpt_embeddings,random_forest,GABAergic neuron,glutamatergic neuron,91,0.01095066185318893
Brain_Atlas,scgpt_embeddings,random_forest,GABAergic neuron,microglial cell,0,0.0
Brain_Atlas,scgpt_embeddings,random_forest,GABAergic neuron,oligodendrocyte,72,0.008664259927797834
Brain_Atlas,scgpt_embeddings,random_forest,GABAergic neuron,oligodendrocyte precursor cell,4,0.0004813477737665463
Brain_Atlas,scgpt_embeddings,random_forest,GABAergic neuron,pericyte,0,0.0
Brain_Atlas,scgpt_embeddings,random_forest,GABAergic neuron,perivascular cell,0,0.0
Brain_Atlas,scgpt_embeddings,random_forest,astrocyte,GABAergic neuron,0,0.0
Brain_Atlas,scgpt_embeddings,random_forest,astrocyte,astrocyte,4969,0.9855216184053947
Brain_Atlas,scgpt_embeddings,random_forest,astrocyte,central nervous system macrophage,0,0.0
Brain_Atlas,scgpt_embeddings,random_forest,astrocyte,endothelial cell,0,0.0
Brain_Atlas,scgpt_embeddings,random_forest,astrocyte,glutamatergic neuron,1,0.00019833399444664816
Brain_Atlas,scgpt_embeddings,random_forest,astrocyte,microglial cell,0,0.0
Brain_Atlas,scgpt_embeddings,random_forest,astrocyte,oligodendrocyte,72,0.014280047600158666
Brain_Atlas,scgpt_embeddings,random_forest,astrocyte,oligodendrocyte precursor cell,0,0.0
Brain_Atlas,scgpt_embeddings,random_forest,astrocyte,pericyte,0,0.0
Brain_Atlas,scgpt_embeddings,random_forest,astrocyte,perivascular cell,0,0.0
Brain_Atlas,scgpt_embeddings,random_forest,central nervous system macrophage,GABAergic neuron,0,0.0
Brain_Atlas,scgpt_embeddings,random_forest,central nervous system macrophage,astrocyte,0,0.0
Brain_Atlas,scgpt_embeddings,random_forest,central nervous system macrophage,central nervous system macrophage,74,0.6548672566371682
Brain_Atlas,scgpt_embeddings,random_forest,central nervous system macrophage,endothelial cell,0,0.0
Brain_Atlas,scgpt_embeddings,random_forest,central nervous system macrophage,glutamatergic neuron,0,0.0
Brain_Atlas,scgpt_embeddings,random_forest,central nervous system macrophage,microglial cell,31,0.2743362831858407
Brain_Atlas,scgpt_embeddings,random_forest,central nervous system macrophage,oligodendrocyte,8,0.07079646017699115
Brain_Atlas,scgpt_embeddings,random_forest,central nervous system macrophage,oligodendrocyte precursor cell,0,0.0
Brain_Atlas,scgpt_embeddings,random_forest,central nervous system macrophage,pericyte,0,0.0
Brain_Atlas,scgpt_embeddings,random_forest,central nervous system macrophage,perivascular cell,0,0.0
Brain_Atlas,scgpt_embeddings,random_forest,endothelial cell,GABAergic neuron,0,0.0
Brain_Atlas,scgpt_embeddings,random_forest,endothelial cell,astrocyte,2,0.008097165991902834
Brain_Atlas,scgpt_embeddings,random_forest,endothelial cell,central nervous system macrophage,0,0.0
Brain_Atlas,scgpt_embeddings,random_forest,endothelial cell,endothelial cell,200,0.8097165991902834
Brain_Atlas,scgpt_embeddings,random_forest,endothelial cell,glutamatergic neuron,0,0.0
Brain_Atlas,scgpt_embeddings,random_forest,endothelial cell,microglial cell,1,0.004048582995951417
Brain_Atlas,scgpt_embeddings,random_forest,endothelial cell,oligodendrocyte,41,0.1659919028340081
Brain_Atlas,scgpt_embeddings,random_forest,endothelial cell,oligodendrocyte precursor cell,0,0.0
Brain_Atlas,scgpt_embeddings,random_forest,endothelial cell,pericyte,1,0.004048582995951417
Brain_Atlas,scgpt_embeddings,random_forest,endothelial cell,perivascular cell,2,0.008097165991902834
Brain_Atlas,scgpt_embeddings,random_forest,glutamatergic neuron,GABAergic neuron,52,0.0028607581008967377
Brain_Atlas,scgpt_embeddings,random_forest,glutamatergic neuron,astrocyte,0,0.0
Brain_Atlas,scgpt_embeddings,random_forest,glutamatergic neuron,central nervous system macrophage,2,0.0001100291577267976
Brain_Atlas,scgpt_embeddings,random_forest,glutamatergic neuron,endothelial cell,0,0.0
Brain_Atlas,scgpt_embeddings,random_forest,glutamatergic neuron,glutamatergic neuron,17971,0.9886669967541398
Brain_Atlas,scgpt_embeddings,random_forest,glutamatergic neuron,microglial cell,3,0.00016504373659019642
Brain_Atlas,scgpt_embeddings,random_forest,glutamatergic neuron,oligodendrocyte,144,0.007922099356329428
Brain_Atlas,scgpt_embeddings,random_forest,glutamatergic neuron,oligodendrocyte precursor cell,5,0.000275072894316994
Brain_Atlas,scgpt_embeddings,random_forest,glutamatergic neuron,pericyte,0,0.0
Brain_Atlas,scgpt_embeddings,random_forest,glutamatergic neuron,perivascular cell,0,0.0
Brain_Atlas,scgpt_embeddings,random_forest,microglial cell,GABAergic neuron,0,0.0
Brain_Atlas,scgpt_embeddings,random_forest,microglial cell,astrocyte,0,0.0
Brain_Atlas,scgpt_embeddings,random_forest,microglial cell,central nervous system macrophage,5,0.0016458196181698486
Brain_Atlas,scgpt_embeddings,random_forest,microglial cell,endothelial cell,0,0.0
Brain_Atlas,scgpt_embeddings,random_forest,microglial cell,glutamatergic neuron,0,0.0
Brain_Atlas,scgpt_embeddings,random_forest,microglial cell,microglial cell,3004,0.9888084265964451
Brain_Atlas,scgpt_embeddings,random_forest,microglial cell,oligodendrocyte,29,0.009545753785385122
Brain_Atlas,scgpt_embeddings,random_forest,microglial cell,oligodendrocyte precursor cell,0,0.0
Brain_Atlas,scgpt_embeddings,random_forest,microglial cell,pericyte,0,0.0
Brain_Atlas,scgpt_embeddings,random_forest,microglial cell,perivascular cell,0,0.0
Brain_Atlas,scgpt_embeddings,random_forest,oligodendrocyte,GABAergic neuron,8,0.00021373230029388192
Brain_Atlas,scgpt_embeddings,random_forest,oligodendrocyte,astrocyte,19,0.0005076142131979696
Brain_Atlas,scgpt_embeddings,random_forest,oligodendrocyte,central nervous system macrophage,0,0.0
Brain_Atlas,scgpt_embeddings,random_forest,oligodendrocyte,endothelial cell,0,0.0
Brain_Atlas,scgpt_embeddings,random_forest,oligodendrocyte,glutamatergic neuron,10,0.0002671653753673524
Brain_Atlas,scgpt_embeddings,random_forest,oligodendrocyte,microglial cell,16,0.00042746460058776383
Brain_Atlas,scgpt_embeddings,random_forest,oligodendrocyte,oligodendrocyte,37366,0.998290141597649
Brain_Atlas,scgpt_embeddings,random_forest,oligodendrocyte,oligodendrocyte precursor cell,10,0.0002671653753673524
Brain_Atlas,scgpt_embeddings,random_forest,oligodendrocyte,pericyte,1,2.671653753673524e-05
Brain_Atlas,scgpt_embeddings,random_forest,oligodendrocyte,perivascular cell,0,0.0
Brain_Atlas,scgpt_embeddings,random_forest,oligodendrocyte precursor cell,GABAergic neuron,17,0.00564034505640345
Brain_Atlas,scgpt_embeddings,random_forest,oligodendrocyte precursor cell,astrocyte,11,0.0036496350364963502
Brain_Atlas,scgpt_embeddings,random_forest,oligodendrocyte precursor cell,central nervous system macrophage,0,0.0
Brain_Atlas,scgpt_embeddings,random_forest,oligodendrocyte precursor cell,endothelial cell,0,0.0
Brain_Atlas,scgpt_embeddings,random_forest,oligodendrocyte precursor cell,glutamatergic neuron,13,0.0043132050431320505
Brain_Atlas,scgpt_embeddings,random_forest,oligodendrocyte precursor cell,microglial cell,2,0.0006635700066357001
Brain_Atlas,scgpt_embeddings,random_forest,oligodendrocyte precursor cell,oligodendrocyte,468,0.1552753815527538
Brain_Atlas,scgpt_embeddings,random_forest,oligodendrocyte precursor cell,oligodendrocyte precursor cell,2503,0.8304578633045786
Brain_Atlas,scgpt_embeddings,random_forest,oligodendrocyte precursor cell,pericyte,0,0.0
Brain_Atlas,scgpt_embeddings,random_forest,oligodendrocyte precursor cell,perivascular cell,0,0.0
Brain_Atlas,scgpt_embeddings,random_forest,pericyte,GABAergic neuron,0,0.0
Brain_Atlas,scgpt_embeddings,random_forest,pericyte,astrocyte,0,0.0
Brain_Atlas,scgpt_embeddings,random_forest,pericyte,central nervous system macrophage,0,0.0
Brain_Atlas,scgpt_embeddings,random_forest,pericyte,endothelial cell,5,0.04807692307692308
Brain_Atlas,scgpt_embeddings,random_forest,pericyte,glutamatergic neuron,0,0.0
Brain_Atlas,scgpt_embeddings,random_forest,pericyte,microglial cell,1,0.009615384615384616
Brain_Atlas,scgpt_embeddings,random_forest,pericyte,oligodendrocyte,25,0.2403846153846154
Brain_Atlas,scgpt_embeddings,random_forest,pericyte,oligodendrocyte precursor cell,0,0.0
Brain_Atlas,scgpt_embeddings,random_forest,pericyte,pericyte,73,0.7019230769230769
Brain_Atlas,scgpt_embeddings,random_forest,pericyte,perivascular cell,0,0.0
Brain_Atlas,scgpt_embeddings,random_forest,perivascular cell,GABAergic neuron,0,0.0
Brain_Atlas,scgpt_embeddings,random_forest,perivascular cell,astrocyte,0,0.0
Brain_Atlas,scgpt_embeddings,random_forest,perivascular cell,central nervous system macrophage,0,0.0
Brain_Atlas,scgpt_embeddings,random_forest,perivascular cell,endothelial cell,0,0.0
Brain_Atlas,scgpt_embeddings,random_forest,perivascular cell,glutamatergic neuron,0,0.0
Brain_Atlas,scgpt_embeddings,random_forest,perivascular cell,microglial cell,0,0.0
Brain_Atlas,scgpt_embeddings,random_forest,perivascular cell,oligodendrocyte,37,0.3523809523809524
Brain_Atlas,scgpt_embeddings,random_forest,perivascular cell,oligodendrocyte precursor cell,0,0.0
Brain_Atlas,scgpt_embeddings,random_forest,perivascular cell,pericyte,0,0.0
Brain_Atlas,scgpt_embeddings,random_forest,perivascular cell,perivascular cell,68,0.6476190476190476
Brain_Atlas,scgpt_embeddings,xgboost,GABAergic neuron,GABAergic neuron,8211,0.988086642599278
Brain_Atlas,scgpt_embeddings,xgboost,GABAergic neuron,astrocyte,0,0.0
Brain_Atlas,scgpt_embeddings,xgboost,GABAergic neuron,central nervous system macrophage,0,0.0
Brain_Atlas,scgpt_embeddings,xgboost,GABAergic neuron,endothelial cell,0,0.0
Brain_Atlas,scgpt_embeddings,xgboost,GABAergic neuron,glutamatergic neuron,57,0.0068592057761732855
Brain_Atlas,scgpt_embeddings,xgboost,GABAergic neuron,microglial cell,0,0.0
Brain_Atlas,scgpt_embeddings,xgboost,GABAergic neuron,oligodendrocyte,36,0.004332129963898917
Brain_Atlas,scgpt_embeddings,xgboost,GABAergic neuron,oligodendrocyte precursor cell,6,0.0007220216606498195
Brain_Atlas,scgpt_embeddings,xgboost,GABAergic neuron,pericyte,0,0.0
Brain_Atlas,scgpt_embeddings,xgboost,GABAergic neuron,perivascular cell,0,0.0
Brain_Atlas,scgpt_embeddings,xgboost,astrocyte,GABAergic neuron,0,0.0
Brain_Atlas,scgpt_embeddings,xgboost,astrocyte,astrocyte,4981,0.9879016263387544
Brain_Atlas,scgpt_embeddings,xgboost,astrocyte,central nervous system macrophage,0,0.0
Brain_Atlas,scgpt_embeddings,xgboost,astrocyte,endothelial cell,1,0.00019833399444664816
Brain_Atlas,scgpt_embeddings,xgboost,astrocyte,glutamatergic neuron,0,0.0
Brain_Atlas,scgpt_embeddings,xgboost,astrocyte,microglial cell,0,0.0
Brain_Atlas,scgpt_embeddings,xgboost,astrocyte,oligodendrocyte,60,0.01190003966679889
Brain_Atlas,scgpt_embeddings,xgboost,astrocyte,oligodendrocyte precursor cell,0,0.0
Brain_Atlas,scgpt_embeddings,xgboost,astrocyte,pericyte,0,0.0
Brain_Atlas,scgpt_embeddings,xgboost,astrocyte,perivascular cell,0,0.0
Brain_Atlas,scgpt_embeddings,xgboost,central nervous system macrophage,GABAergic neuron,0,0.0
Brain_Atlas,scgpt_embeddings,xgboost,central nervous system macrophage,astrocyte,0,0.0
Brain_Atlas,scgpt_embeddings,xgboost,central nervous system macrophage,central nervous system macrophage,79,0.6991150442477876
Brain_Atlas,scgpt_embeddings,xgboost,central nervous system macrophage,endothelial cell,0,0.0
Brain_Atlas,scgpt_embeddings,xgboost,central nervous system macrophage,glutamatergic neuron,1,0.008849557522123894
Brain_Atlas,scgpt_embeddings,xgboost,central nervous system macrophage,microglial cell,30,0.26548672566371684
Brain_Atlas,scgpt_embeddings,xgboost,central nervous system macrophage,oligodendrocyte,3,0.02654867256637168
Brain_Atlas,scgpt_embeddings,xgboost,central nervous system macrophage,oligodendrocyte precursor cell,0,0.0
Brain_Atlas,scgpt_embeddings,xgboost,central nervous system macrophage,pericyte,0,0.0
Brain_Atlas,scgpt_embeddings,xgboost,central nervous system macrophage,perivascular cell,0,0.0
Brain_Atlas,scgpt_embeddings,xgboost,endothelial cell,GABAergic neuron,0,0.0
Brain_Atlas,scgpt_embeddings,xgboost,endothelial cell,astrocyte,1,0.004048582995951417
Brain_Atlas,scgpt_embeddings,xgboost,endothelial cell,central nervous system macrophage,0,0.0
Brain_Atlas,scgpt_embeddings,xgboost,endothelial cell,endothelial cell,215,0.8704453441295547
Brain_Atlas,scgpt_embeddings,xgboost,endothelial cell,glutamatergic neuron,0,0.0
Brain_Atlas,scgpt_embeddings,xgboost,endothelial cell,microglial cell,0,0.0
Brain_Atlas,scgpt_embeddings,xgboost,endothelial cell,oligodendrocyte,26,0.10526315789473684
Brain_Atlas,scgpt_embeddings,xgboost,endothelial cell,oligodendrocyte precursor cell,0,0.0
Brain_Atlas,scgpt_embeddings,xgboost,endothelial cell,pericyte,3,0.012145748987854251
Brain_Atlas,scgpt_embeddings,xgboost,endothelial cell,perivascular cell,2,0.008097165991902834
Brain_Atlas,scgpt_embeddings,xgboost,glutamatergic neuron,GABAergic neuron,60,0.003300874731803928
Brain_Atlas,scgpt_embeddings,xgboost,glutamatergic neuron,astrocyte,0,0.0
Brain_Atlas,scgpt_embeddings,xgboost,glutamatergic neuron,central nervous system macrophage,2,0.0001100291577267976
Brain_Atlas,scgpt_embeddings,xgboost,glutamatergic neuron,endothelial cell,1,5.50145788633988e-05
Brain_Atlas,scgpt_embeddings,xgboost,glutamatergic neuron,glutamatergic neuron,18012,0.9909225944875392
Brain_Atlas,scgpt_embeddings,xgboost,glutamatergic neuron,microglial cell,3,0.00016504373659019642
Brain_Atlas,scgpt_embeddings,xgboost,glutamatergic neuron,oligodendrocyte,93,0.005116355834296088
Brain_Atlas,scgpt_embeddings,xgboost,glutamatergic neuron,oligodendrocyte precursor cell,6,0.00033008747318039283
Brain_Atlas,scgpt_embeddings,xgboost,glutamatergic neuron,pericyte,0,0.0
Brain_Atlas,scgpt_embeddings,xgboost,glutamatergic neuron,perivascular cell,0,0.0
Brain_Atlas,scgpt_embeddings,xgboost,microglial cell,GABAergic neuron,0,0.0
Brain_Atlas,scgpt_embeddings,xgboost,microglial cell,astrocyte,0,0.0
Brain_Atlas,scgpt_embeddings,xgboost,microglial cell,central nervous system macrophage,10,0.0032916392363396972
Brain_Atlas,scgpt_embeddings,xgboost,microglial cell,endothelial cell,0,0.0
Brain_Atlas,scgpt_embeddings,xgboost,microglial cell,glutamatergic neuron,0,0.0
Brain_Atlas,scgpt_embeddings,xgboost,microglial cell,microglial cell,3001,0.9878209348255431
Brain_Atlas,scgpt_embeddings,xgboost,microglial cell,oligodendrocyte,27,0.008887425938117182
Brain_Atlas,scgpt_embeddings,xgboost,microglial cell,oligodendrocyte precursor cell,0,0.0
Brain_Atlas,scgpt_embeddings,xgboost,microglial cell,pericyte,0,0.0
Brain_Atlas,scgpt_embeddings,xgboost,microglial cell,perivascular cell,0,0.0
Brain_Atlas,scgpt_embeddings,xgboost,oligodendrocyte,GABAergic neuron,8,0.00021373230029388192
Brain_Atlas,scgpt_embeddings,xgboost,oligodendrocyte,astrocyte,23,0.0006144803633449105
Brain_Atlas,scgpt_embeddings,xgboost,oligodendrocyte,central nervous system macrophage,0,0.0
Brain_Atlas,scgpt_embeddings,xgboost,oligodendrocyte,endothelial cell,3,8.014961261020572e-05
Brain_Atlas,scgpt_embeddings,xgboost,oligodendrocyte,glutamatergic neuron,18,0.0004808976756612343
Brain_Atlas,scgpt_embeddings,xgboost,oligodendrocyte,microglial cell,19,0.0005076142131979696
Brain_Atlas,scgpt_embeddings,xgboost,oligodendrocyte,oligodendrocyte,37324,0.9971680470211061
Brain_Atlas,scgpt_embeddings,xgboost,oligodendrocyte,oligodendrocyte precursor cell,28,0.0007480630510285867
Brain_Atlas,scgpt_embeddings,xgboost,oligodendrocyte,pericyte,2,5.343307507347048e-05
Brain_Atlas,scgpt_embeddings,xgboost,oligodendrocyte,perivascular cell,5,0.0001335826876836762
Brain_Atlas,scgpt_embeddings,xgboost,oligodendrocyte precursor cell,GABAergic neuron,14,0.0046449900464499
Brain_Atlas,scgpt_embeddings,xgboost,oligodendrocyte precursor cell,astrocyte,7,0.00232249502322495
Brain_Atlas,scgpt_embeddings,xgboost,oligodendrocyte precursor cell,central nervous system macrophage,0,0.0
Brain_Atlas,scgpt_embeddings,xgboost,oligodendrocyte precursor cell,endothelial cell,0,0.0
Brain_Atlas,scgpt_embeddings,xgboost,oligodendrocyte precursor cell,glutamatergic neuron,20,0.006635700066357001
Brain_Atlas,scgpt_embeddings,xgboost,oligodendrocyte precursor cell,microglial cell,2,0.0006635700066357001
Brain_Atlas,scgpt_embeddings,xgboost,oligodendrocyte precursor cell,oligodendrocyte,461,0.15295288652952888
Brain_Atlas,scgpt_embeddings,xgboost,oligodendrocyte precursor cell,oligodendrocyte precursor cell,2510,0.8327803583278036
Brain_Atlas,scgpt_embeddings,xgboost,oligodendrocyte precursor cell,pericyte,0,0.0
Brain_Atlas,scgpt_embeddings,xgboost,oligodendrocyte precursor cell,perivascular cell,0,0.0
Brain_Atlas,scgpt_embeddings,xgboost,pericyte,GABAergic neuron,0,0.0
Brain_Atlas,scgpt_embeddings,xgboost,pericyte,astrocyte,0,0.0
Brain_Atlas,scgpt_embeddings,xgboost,pericyte,central nervous system macrophage,0,0.0
Brain_Atlas,scgpt_embeddings,xgboost,pericyte,endothelial cell,2,0.019230769230769232
Brain_Atlas,scgpt_embeddings,xgboost,pericyte,glutamatergic neuron,0,0.0
Brain_Atlas,scgpt_embeddings,xgboost,pericyte,microglial cell,1,0.009615384615384616
Brain_Atlas,scgpt_embeddings,xgboost,pericyte,oligodendrocyte,9,0.08653846153846154
Brain_Atlas,scgpt_embeddings,xgboost,pericyte,oligodendrocyte precursor cell,0,0.0
Brain_Atlas,scgpt_embeddings,xgboost,pericyte,pericyte,92,0.8846153846153846
Brain_Atlas,scgpt_embeddings,xgboost,pericyte,perivascular cell,0,0.0
Brain_Atlas,scgpt_embeddings,xgboost,perivascular cell,GABAergic neuron,1,0.009523809523809525
Brain_Atlas,scgpt_embeddings,xgboost,perivascular cell,astrocyte,0,0.0
Brain_Atlas,scgpt_embeddings,xgboost,perivascular cell,central nervous system macrophage,0,0.0
Brain_Atlas,scgpt_embeddings,xgboost,perivascular cell,endothelial cell,0,0.0
Brain_Atlas,scgpt_embeddings,xgboost,perivascular cell,glutamatergic neuron,0,0.0
Brain_Atlas,scgpt_embeddings,xgboost,perivascular cell,microglial cell,0,0.0
Brain_Atlas,scgpt_embeddings,xgboost,perivascular cell,oligodendrocyte,20,0.19047619047619047
Brain_Atlas,scgpt_embeddings,xgboost,perivascular cell,oligodendrocyte precursor cell,0,0.0
Brain_Atlas,scgpt_embeddings,xgboost,perivascular cell,pericyte,1,0.009523809523809525
Brain_Atlas,scgpt_embeddings,xgboost,perivascular cell,perivascular cell,83,0.7904761904761904
Brain_Atlas,matched_expression,logreg,GABAergic neuron,GABAergic neuron,8224,0.9896510228640193
Brain_Atlas,matched_expression,logreg,GABAergic neuron,astrocyte,1,0.00012033694344163658
Brain_Atlas,matched_expression,logreg,GABAergic neuron,central nervous system macrophage,0,0.0
Brain_Atlas,matched_expression,logreg,GABAergic neuron,endothelial cell,0,0.0
Brain_Atlas,matched_expression,logreg,GABAergic neuron,glutamatergic neuron,56,0.006738868832731649
Brain_Atlas,matched_expression,logreg,GABAergic neuron,microglial cell,0,0.0
Brain_Atlas,matched_expression,logreg,GABAergic neuron,oligodendrocyte,29,0.0034897713598074608
Brain_Atlas,matched_expression,logreg,GABAergic neuron,oligodendrocyte precursor cell,0,0.0
Brain_Atlas,matched_expression,logreg,GABAergic neuron,pericyte,0,0.0
Brain_Atlas,matched_expression,logreg,GABAergic neuron,perivascular cell,0,0.0
Brain_Atlas,matched_expression,logreg,astrocyte,GABAergic neuron,0,0.0
Brain_Atlas,matched_expression,logreg,astrocyte,astrocyte,4991,0.989884966283221
Brain_Atlas,matched_expression,logreg,astrocyte,central nervous system macrophage,0,0.0
Brain_Atlas,matched_expression,logreg,astrocyte,endothelial cell,0,0.0
Brain_Atlas,matched_expression,logreg,astrocyte,glutamatergic neuron,2,0.0003966679888932963
Brain_Atlas,matched_expression,logreg,astrocyte,microglial cell,0,0.0
Brain_Atlas,matched_expression,logreg,astrocyte,oligodendrocyte,46,0.009123363744545815
Brain_Atlas,matched_expression,logreg,astrocyte,oligodendrocyte precursor cell,3,0.0005950019833399445
Brain_Atlas,matched_expression,logreg,astrocyte,pericyte,0,0.0
Brain_Atlas,matched_expression,logreg,astrocyte,perivascular cell,0,0.0
Brain_Atlas,matched_expression,logreg,central nervous system macrophage,GABAergic neuron,0,0.0
Brain_Atlas,matched_expression,logreg,central nervous system macrophage,astrocyte,0,0.0
Brain_Atlas,matched_expression,logreg,central nervous system macrophage,central nervous system macrophage,70,0.6194690265486725
Brain_Atlas,matched_expression,logreg,central nervous system macrophage,endothelial cell,0,0.0
Brain_Atlas,matched_expression,logreg,central nervous system macrophage,glutamatergic neuron,1,0.008849557522123894
Brain_Atlas,matched_expression,logreg,central nervous system macrophage,microglial cell,36,0.3185840707964602
Brain_Atlas,matched_expression,logreg,central nervous system macrophage,oligodendrocyte,6,0.05309734513274336
Brain_Atlas,matched_expression,logreg,central nervous system macrophage,oligodendrocyte precursor cell,0,0.0
Brain_Atlas,matched_expression,logreg,central nervous system macrophage,pericyte,0,0.0
Brain_Atlas,matched_expression,logreg,central nervous system macrophage,perivascular cell,0,0.0
Brain_Atlas,matched_expression,logreg,endothelial cell,GABAergic neuron,0,0.0
Brain_Atlas,matched_expression,logreg,endothelial cell,astrocyte,0,0.0
Brain_Atlas,matched_expression,logreg,endothelial cell,central nervous system macrophage,0,0.0
Brain_Atlas,matched_expression,logreg,endothelial cell,endothelial cell,210,0.8502024291497976
Brain_Atlas,matched_expression,logreg,endothelial cell,glutamatergic neuron,1,0.004048582995951417
Brain_Atlas,matched_expression,logreg,endothelial cell,microglial cell,0,0.0
Brain_Atlas,matched_expression,logreg,endothelial cell,oligodendrocyte,33,0.13360323886639677
Brain_Atlas,matched_expression,logreg,endothelial cell,oligodendrocyte precursor cell,1,0.004048582995951417
Brain_Atlas,matched_expression,logreg,endothelial cell,pericyte,1,0.004048582995951417
Brain_Atlas,matched_expression,logreg,endothelial cell,perivascular cell,1,0.004048582995951417
Brain_Atlas,matched_expression,logreg,glutamatergic neuron,GABAergic neuron,59,0.0032458601529405293
Brain_Atlas,matched_expression,logreg,glutamatergic neuron,astrocyte,1,5.50145788633988e-05
Brain_Atlas,matched_expression,logreg,glutamatergic neuron,central nervous system macrophage,2,0.0001100291577267976
Brain_Atlas,matched_expression,logreg,glutamatergic neuron,endothelial cell,0,0.0
Brain_Atlas,matched_expression,logreg,glutamatergic neuron,glutamatergic neuron,18022,0.9914727402761732
Brain_Atlas,matched_expression,logreg,glutamatergic neuron,microglial cell,4,0.0002200583154535952
Brain_Atlas,matched_expression,logreg,glutamatergic neuron,oligodendrocyte,84,0.004621224624525499
Brain_Atlas,matched_expression,logreg,glutamatergic neuron,oligodendrocyte precursor cell,5,0.000275072894316994
Brain_Atlas,matched_expression,logreg,glutamatergic neuron,pericyte,0,0.0
Brain_Atlas,matched_expression,logreg,glutamatergic neuron,perivascular cell,0,0.0
Brain_Atlas,matched_expression,logreg,microglial cell,GABAergic neuron,0,0.0
Brain_Atlas,matched_expression,logreg,microglial cell,astrocyte,0,0.0
Brain_Atlas,matched_expression,logreg,microglial cell,central nervous system macrophage,19,0.006254114549045424
Brain_Atlas,matched_expression,logreg,microglial cell,endothelial cell,0,0.0
Brain_Atlas,matched_expression,logreg,microglial cell,glutamatergic neuron,1,0.0003291639236339697
Brain_Atlas,matched_expression,logreg,microglial cell,microglial cell,2989,0.9838709677419355
Brain_Atlas,matched_expression,logreg,microglial cell,oligodendrocyte,28,0.009216589861751152
Brain_Atlas,matched_expression,logreg,microglial cell,oligodendrocyte precursor cell,1,0.0003291639236339697
Brain_Atlas,matched_expression,logreg,microglial cell,pericyte,0,0.0
Brain_Atlas,matched_expression,logreg,microglial cell,perivascular cell,0,0.0
Brain_Atlas,matched_expression,logreg,oligodendrocyte,GABAergic neuron,11,0.0002938819129040876
Brain_Atlas,matched_expression,logreg,oligodendrocyte,astrocyte,17,0.00045418113812449904
Brain_Atlas,matched_expression,logreg,oligodendrocyte,central nervous system macrophage,0,0.0
Brain_Atlas,matched_expression,logreg,oligodendrocyte,endothelial cell,0,0.0
Brain_Atlas,matched_expression,logreg,oligodendrocyte,glutamatergic neuron,19,0.0005076142131979696
Brain_Atlas,matched_expression,logreg,oligodendrocyte,microglial cell,12,0.0003205984504408229
Brain_Atlas,matched_expression,logreg,oligodendrocyte,oligodendrocyte,37249,0.9951643067058509
Brain_Atlas,matched_expression,logreg,oligodendrocyte,oligodendrocyte precursor cell,121,0.003232701041944964
Brain_Atlas,matched_expression,logreg,oligodendrocyte,pericyte,1,2.671653753673524e-05
Brain_Atlas,matched_expression,logreg,oligodendrocyte,perivascular cell,0,0.0
Brain_Atlas,matched_expression,logreg,oligodendrocyte precursor cell,GABAergic neuron,20,0.006635700066357001
Brain_Atlas,matched_expression,logreg,oligodendrocyte precursor cell,astrocyte,5,0.0016589250165892503
Brain_Atlas,matched_expression,logreg,oligodendrocyte precursor cell,central nervous system macrophage,0,0.0
Brain_Atlas,matched_expression,logreg,oligodendrocyte precursor cell,endothelial cell,0,0.0
Brain_Atlas,matched_expression,logreg,oligodendrocyte precursor cell,glutamatergic neuron,26,0.008626410086264101
Brain_Atlas,matched_expression,logreg,oligodendrocyte precursor cell,microglial cell,2,0.0006635700066357001
Brain_Atlas,matched_expression,logreg,oligodendrocyte precursor cell,oligodendrocyte,449,0.14897146648971465
Brain_Atlas,matched_expression,logreg,oligodendrocyte precursor cell,oligodendrocyte precursor cell,2512,0.8334439283344393
Brain_Atlas,matched_expression,logreg,oligodendrocyte precursor cell,pericyte,0,0.0
Brain_Atlas,matched_expression,logreg,oligodendrocyte precursor cell,perivascular cell,0,0.0
Brain_Atlas,matched_expression,logreg,pericyte,GABAergic neuron,0,0.0
Brain_Atlas,matched_expression,logreg,pericyte,astrocyte,0,0.0
Brain_Atlas,matched_expression,logreg,pericyte,central nervous system macrophage,0,0.0
Brain_Atlas,matched_expression,logreg,pericyte,endothelial cell,7,0.0673076923076923
Brain_Atlas,matched_expression,logreg,pericyte,glutamatergic neuron,1,0.009615384615384616
Brain_Atlas,matched_expression,logreg,pericyte,microglial cell,1,0.009615384615384616
Brain_Atlas,matched_expression,logreg,pericyte,oligodendrocyte,14,0.1346153846153846
Brain_Atlas,matched_expression,logreg,pericyte,oligodendrocyte precursor cell,1,0.009615384615384616
Brain_Atlas,matched_expression,logreg,pericyte,pericyte,80,0.7692307692307693
Brain_Atlas,matched_expression,logreg,pericyte,perivascular cell,0,0.0
Brain_Atlas,matched_expression,logreg,perivascular cell,GABAergic neuron,0,0.0
Brain_Atlas,matched_expression,logreg,perivascular cell,astrocyte,0,0.0
Brain_Atlas,matched_expression,logreg,perivascular cell,central nervous system macrophage,0,0.0
Brain_Atlas,matched_expression,logreg,perivascular cell,endothelial cell,0,0.0
Brain_Atlas,matched_expression,logreg,perivascular cell,glutamatergic neuron,1,0.009523809523809525
Brain_Atlas,matched_expression,logreg,perivascular cell,microglial cell,0,0.0
Brain_Atlas,matched_expression,logreg,perivascular cell,oligodendrocyte,29,0.2761904761904762
Brain_Atlas,matched_expression,logreg,perivascular cell,oligodendrocyte precursor cell,0,0.0
Brain_Atlas,matched_expression,logreg,perivascular cell,pericyte,0,0.0
Brain_Atlas,matched_expression,logreg,perivascular cell,perivascular cell,75,0.7142857142857143
Brain_Atlas,matched_expression,random_forest,GABAergic neuron,GABAergic neuron,8229,0.9902527075812274
Brain_Atlas,matched_expression,random_forest,GABAergic neuron,astrocyte,1,0.00012033694344163658
Brain_Atlas,matched_expression,random_forest,GABAergic neuron,central nervous system macrophage,0,0.0
Brain_Atlas,matched_expression,random_forest,GABAergic neuron,endothelial cell,0,0.0
Brain_Atlas,matched_expression,random_forest,GABAergic neuron,glutamatergic neuron,24,0.002888086642599278
Brain_Atlas,matched_expression,random_forest,GABAergic neuron,microglial cell,0,0.0
Brain_Atlas,matched_expression,random_forest,GABAergic neuron,oligodendrocyte,55,0.006618531889290012
Brain_Atlas,matched_expression,random_forest,GABAergic neuron,oligodendrocyte precursor cell,1,0.00012033694344163658
Brain_Atlas,matched_expression,random_forest,GABAergic neuron,pericyte,0,0.0
Brain_Atlas,matched_expression,random_forest,GABAergic neuron,perivascular cell,0,0.0
Brain_Atlas,matched_expression,random_forest,astrocyte,GABAergic neuron,0,0.0
Brain_Atlas,matched_expression,random_forest,astrocyte,astrocyte,4973,0.9863149543831813
Brain_Atlas,matched_expression,random_forest,astrocyte,central nervous system macrophage,0,0.0
Brain_Atlas,matched_expression,random_forest,astrocyte,endothelial cell,0,0.0
Brain_Atlas,matched_expression,random_forest,astrocyte,glutamatergic neuron,1,0.00019833399444664816
Brain_Atlas,matched_expression,random_forest,astrocyte,microglial cell,0,0.0
Brain_Atlas,matched_expression,random_forest,astrocyte,oligodendrocyte,67,0.013288377627925426
Brain_Atlas,matched_expression,random_forest,astrocyte,oligodendrocyte precursor cell,1,0.00019833399444664816
Brain_Atlas,matched_expression,random_forest,astrocyte,pericyte,0,0.0
Brain_Atlas,matched_expression,random_forest,astrocyte,perivascular cell,0,0.0
Brain_Atlas,matched_expression,random_forest,central nervous system macrophage,GABAergic neuron,0,0.0
Brain_Atlas,matched_expression,random_forest,central nervous system macrophage,astrocyte,0,0.0
Brain_Atlas,matched_expression,random_forest,central nervous system macrophage,central nervous system macrophage,46,0.40707964601769914
Brain_Atlas,matched_expression,random_forest,central nervous system macrophage,endothelial cell,0,0.0
Brain_Atlas,matched_expression,random_forest,central nervous system macrophage,glutamatergic neuron,0,0.0
Brain_Atlas,matched_expression,random_forest,central nervous system macrophage,microglial cell,52,0.46017699115044247
Brain_Atlas,matched_expression,random_forest,central nervous system macrophage,oligodendrocyte,15,0.13274336283185842
Brain_Atlas,matched_expression,random_forest,central nervous system macrophage,oligodendrocyte precursor cell,0,0.0
Brain_Atlas,matched_expression,random_forest,central nervous system macrophage,pericyte,0,0.0
Brain_Atlas,matched_expression,random_forest,central nervous system macrophage,perivascular cell,0,0.0
Brain_Atlas,matched_expression,random_forest,endothelial cell,GABAergic neuron,0,0.0
Brain_Atlas,matched_expression,random_forest,endothelial cell,astrocyte,4,0.016194331983805668
Brain_Atlas,matched_expression,random_forest,endothelial cell,central nervous system macrophage,0,0.0
Brain_Atlas,matched_expression,random_forest,endothelial cell,endothelial cell,180,0.728744939271255
Brain_Atlas,matched_expression,random_forest,endothelial cell,glutamatergic neuron,1,0.004048582995951417
Brain_Atlas,matched_expression,random_forest,endothelial cell,microglial cell,4,0.016194331983805668
Brain_Atlas,matched_expression,random_forest,endothelial cell,oligodendrocyte,56,0.22672064777327935
Brain_Atlas,matched_expression,random_forest,endothelial cell,oligodendrocyte precursor cell,1,0.004048582995951417
Brain_Atlas,matched_expression,random_forest,endothelial cell,pericyte,0,0.0
Brain_Atlas,matched_expression,random_forest,endothelial cell,perivascular cell,1,0.004048582995951417
Brain_Atlas,matched_expression,random_forest,glutamatergic neuron,GABAergic neuron,92,0.005061341255432689
Brain_Atlas,matched_expression,random_forest,glutamatergic neuron,astrocyte,0,0.0
Brain_Atlas,matched_expression,random_forest,glutamatergic neuron,central nervous system macrophage,2,0.0001100291577267976
Brain_Atlas,matched_expression,random_forest,glutamatergic neuron,endothelial cell,0,0.0
Brain_Atlas,matched_expression,random_forest,glutamatergic neuron,glutamatergic neuron,17895,0.9844858887605216
Brain_Atlas,matched_expression,random_forest,glutamatergic neuron,microglial cell,4,0.0002200583154535952
Brain_Atlas,matched_expression,random_forest,glutamatergic neuron,oligodendrocyte,181,0.009957638774275183
Brain_Atlas,matched_expression,random_forest,glutamatergic neuron,oligodendrocyte precursor cell,3,0.00016504373659019642
Brain_Atlas,matched_expression,random_forest,glutamatergic neuron,pericyte,0,0.0
Brain_Atlas,matched_expression,random_forest,glutamatergic neuron,perivascular cell,0,0.0
Brain_Atlas,matched_expression,random_forest,microglial cell,GABAergic neuron,0,0.0
Brain_Atlas,matched_expression,random_forest,microglial cell,astrocyte,0,0.0
Brain_Atlas,matched_expression,random_forest,microglial cell,central nervous system macrophage,0,0.0
Brain_Atlas,matched_expression,random_forest,microglial cell,endothelial cell,0,0.0
Brain_Atlas,matched_expression,random_forest,microglial cell,glutamatergic neuron,0,0.0
Brain_Atlas,matched_expression,random_forest,microglial cell,microglial cell,3007,0.9897959183673469
Brain_Atlas,matched_expression,random_forest,microglial cell,oligodendrocyte,31,0.01020408163265306
Brain_Atlas,matched_expression,random_forest,microglial cell,oligodendrocyte precursor cell,0,0.0
Brain_Atlas,matched_expression,random_forest,microglial cell,pericyte,0,0.0
Brain_Atlas,matched_expression,random_forest,microglial cell,perivascular cell,0,0.0
Brain_Atlas,matched_expression,random_forest,oligodendrocyte,GABAergic neuron,5,0.0001335826876836762
Brain_Atlas,matched_expression,random_forest,oligodendrocyte,astrocyte,15,0.00040074806305102857
Brain_Atlas,matched_expression,random_forest,oligodendrocyte,central nervous system macrophage,0,0.0
Brain_Atlas,matched_expression,random_forest,oligodendrocyte,endothelial cell,0,0.0
Brain_Atlas,matched_expression,random_forest,oligodendrocyte,glutamatergic neuron,4,0.00010686615014694096
Brain_Atlas,matched_expression,random_forest,oligodendrocyte,microglial cell,20,0.0005343307507347048
Brain_Atlas,matched_expression,random_forest,oligodendrocyte,oligodendrocyte,37368,0.9983435746727224
Brain_Atlas,matched_expression,random_forest,oligodendrocyte,oligodendrocyte precursor cell,17,0.00045418113812449904
Brain_Atlas,matched_expression,random_forest,oligodendrocyte,pericyte,1,2.671653753673524e-05
Brain_Atlas,matched_expression,random_forest,oligodendrocyte,perivascular cell,0,0.0
Brain_Atlas,matched_expression,random_forest,oligodendrocyte precursor cell,GABAergic neuron,20,0.006635700066357001
Brain_Atlas,matched_expression,random_forest,oligodendrocyte precursor cell,astrocyte,5,0.0016589250165892503
Brain_Atlas,matched_expression,random_forest,oligodendrocyte precursor cell,central nervous system macrophage,0,0.0
Brain_Atlas,matched_expression,random_forest,oligodendrocyte precursor cell,endothelial cell,0,0.0
Brain_Atlas,matched_expression,random_forest,oligodendrocyte precursor cell,glutamatergic neuron,22,0.0072992700729927005
Brain_Atlas,matched_expression,random_forest,oligodendrocyte precursor cell,microglial cell,0,0.0
Brain_Atlas,matched_expression,random_forest,oligodendrocyte precursor cell,oligodendrocyte,470,0.15593895155938953
Brain_Atlas,matched_expression,random_forest,oligodendrocyte precursor cell,oligodendrocyte precursor cell,2497,0.8284671532846716
Brain_Atlas,matched_expression,random_forest,oligodendrocyte precursor cell,pericyte,0,0.0
Brain_Atlas,matched_expression,random_forest,oligodendrocyte precursor cell,perivascular cell,0,0.0
Brain_Atlas,matched_expression,random_forest,pericyte,GABAergic neuron,0,0.0
Brain_Atlas,matched_expression,random_forest,pericyte,astrocyte,1,0.009615384615384616
Brain_Atlas,matched_expression,random_forest,pericyte,central nervous system macrophage,0,0.0
Brain_Atlas,matched_expression,random_forest,pericyte,endothelial cell,7,0.0673076923076923
Brain_Atlas,matched_expression,random_forest,pericyte,glutamatergic neuron,0,0.0
Brain_Atlas,matched_expression,random_forest,pericyte,microglial cell,1,0.009615384615384616
Brain_Atlas,matched_expression,random_forest,pericyte,oligodendrocyte,30,0.28846153846153844
Brain_Atlas,matched_expression,random_forest,pericyte,oligodendrocyte precursor cell,0,0.0
Brain_Atlas,matched_expression,random_forest,pericyte,pericyte,65,0.625
Brain_Atlas,matched_expression,random_forest,pericyte,perivascular cell,0,0.0
Brain_Atlas,matched_expression,random_forest,perivascular cell,GABAergic neuron,0,0.0
Brain_Atlas,matched_expression,random_forest,perivascular cell,astrocyte,0,0.0
Brain_Atlas,matched_expression,random_forest,perivascular cell,central nervous system macrophage,0,0.0
Brain_Atlas,matched_expression,random_forest,perivascular cell,endothelial cell,0,0.0
Brain_Atlas,matched_expression,random_forest,perivascular cell,glutamatergic neuron,2,0.01904761904761905
Brain_Atlas,matched_expression,random_forest,perivascular cell,microglial cell,0,0.0
Brain_Atlas,matched_expression,random_forest,perivascular cell,oligodendrocyte,47,0.44761904761904764
Brain_Atlas,matched_expression,random_forest,perivascular cell,oligodendrocyte precursor cell,0,0.0
Brain_Atlas,matched_expression,random_forest,perivascular cell,pericyte,0,0.0
Brain_Atlas,matched_expression,random_forest,perivascular cell,perivascular cell,56,0.5333333333333333
Brain_Atlas,matched_expression,xgboost,GABAergic neuron,GABAergic neuron,8240,0.9915764139590855
Brain_Atlas,matched_expression,xgboost,GABAergic neuron,astrocyte,0,0.0
Brain_Atlas,matched_expression,xgboost,GABAergic neuron,central nervous system macrophage,0,0.0
Brain_Atlas,matched_expression,xgboost,GABAergic neuron,endothelial cell,0,0.0
Brain_Atlas,matched_expression,xgboost,GABAergic neuron,glutamatergic neuron,41,0.0049338146811070994
Brain_Atlas,matched_expression,xgboost,GABAergic neuron,microglial cell,0,0.0
Brain_Atlas,matched_expression,xgboost,GABAergic neuron,oligodendrocyte,27,0.003249097472924188
Brain_Atlas,matched_expression,xgboost,GABAergic neuron,oligodendrocyte precursor cell,2,0.00024067388688327315
Brain_Atlas,matched_expression,xgboost,GABAergic neuron,pericyte,0,0.0
Brain_Atlas,matched_expression,xgboost,GABAergic neuron,perivascular cell,0,0.0
Brain_Atlas,matched_expression,xgboost,astrocyte,GABAergic neuron,0,0.0
Brain_Atlas,matched_expression,xgboost,astrocyte,astrocyte,4995,0.9906783022610075
Brain_Atlas,matched_expression,xgboost,astrocyte,central nervous system macrophage,0,0.0
Brain_Atlas,matched_expression,xgboost,astrocyte,endothelial cell,0,0.0
Brain_Atlas,matched_expression,xgboost,astrocyte,glutamatergic neuron,1,0.00019833399444664816
Brain_Atlas,matched_expression,xgboost,astrocyte,microglial cell,0,0.0
Brain_Atlas,matched_expression,xgboost,astrocyte,oligodendrocyte,44,0.00872669575565252
Brain_Atlas,matched_expression,xgboost,astrocyte,oligodendrocyte precursor cell,1,0.00019833399444664816
Brain_Atlas,matched_expression,xgboost,astrocyte,pericyte,1,0.00019833399444664816
Brain_Atlas,matched_expression,xgboost,astrocyte,perivascular cell,0,0.0
Brain_Atlas,matched_expression,xgboost,central nervous system macrophage,GABAergic neuron,0,0.0
Brain_Atlas,matched_expression,xgboost,central nervous system macrophage,astrocyte,0,0.0
Brain_Atlas,matched_expression,xgboost,central nervous system macrophage,central nervous system macrophage,75,0.6637168141592921
Brain_Atlas,matched_expression,xgboost,central nervous system macrophage,endothelial cell,0,0.0
Brain_Atlas,matched_expression,xgboost,central nervous system macrophage,glutamatergic neuron,0,0.0
Brain_Atlas,matched_expression,xgboost,central nervous system macrophage,microglial cell,34,0.3008849557522124
Brain_Atlas,matched_expression,xgboost,central nervous system macrophage,oligodendrocyte,4,0.035398230088495575
Brain_Atlas,matched_expression,xgboost,central nervous system macrophage,oligodendrocyte precursor cell,0,0.0
Brain_Atlas,matched_expression,xgboost,central nervous system macrophage,pericyte,0,0.0
Brain_Atlas,matched_expression,xgboost,central nervous system macrophage,perivascular cell,0,0.0
Brain_Atlas,matched_expression,xgboost,endothelial cell,GABAergic neuron,0,0.0
Brain_Atlas,matched_expression,xgboost,endothelial cell,astrocyte,1,0.004048582995951417
Brain_Atlas,matched_expression,xgboost,endothelial cell,central nervous system macrophage,0,0.0
Brain_Atlas,matched_expression,xgboost,endothelial cell,endothelial cell,223,0.902834008097166
Brain_Atlas,matched_expression,xgboost,endothelial cell,glutamatergic neuron,0,0.0
Brain_Atlas,matched_expression,xgboost,endothelial cell,microglial cell,0,0.0
Brain_Atlas,matched_expression,xgboost,endothelial cell,oligodendrocyte,21,0.08502024291497975
Brain_Atlas,matched_expression,xgboost,endothelial cell,oligodendrocyte precursor cell,0,0.0
Brain_Atlas,matched_expression,xgboost,endothelial cell,pericyte,1,0.004048582995951417
Brain_Atlas,matched_expression,xgboost,endothelial cell,perivascular cell,1,0.004048582995951417
Brain_Atlas,matched_expression,xgboost,glutamatergic neuron,GABAergic neuron,66,0.003630962204984321
Brain_Atlas,matched_expression,xgboost,glutamatergic neuron,astrocyte,2,0.0001100291577267976
Brain_Atlas,matched_expression,xgboost,glutamatergic neuron,central nervous system macrophage,2,0.0001100291577267976
Brain_Atlas,matched_expression,xgboost,glutamatergic neuron,endothelial cell,0,0.0
Brain_Atlas,matched_expression,xgboost,glutamatergic neuron,glutamatergic neuron,18021,0.9914177256973098
Brain_Atlas,matched_expression,xgboost,glutamatergic neuron,microglial cell,5,0.000275072894316994
Brain_Atlas,matched_expression,xgboost,glutamatergic neuron,oligodendrocyte,77,0.004236122572481708
Brain_Atlas,matched_expression,xgboost,glutamatergic neuron,oligodendrocyte precursor cell,4,0.0002200583154535952
Brain_Atlas,matched_expression,xgboost,glutamatergic neuron,pericyte,0,0.0
Brain_Atlas,matched_expression,xgboost,glutamatergic neuron,perivascular cell,0,0.0
Brain_Atlas,matched_expression,xgboost,microglial cell,GABAergic neuron,1,0.0003291639236339697
Brain_Atlas,matched_expression,xgboost,microglial cell,astrocyte,0,0.0
Brain_Atlas,matched_expression,xgboost,microglial cell,central nervous system macrophage,3,0.0009874917709019092
Brain_Atlas,matched_expression,xgboost,microglial cell,endothelial cell,0,0.0
Brain_Atlas,matched_expression,xgboost,microglial cell,glutamatergic neuron,0,0.0
Brain_Atlas,matched_expression,xgboost,microglial cell,microglial cell,3003,0.988479262672811
Brain_Atlas,matched_expression,xgboost,microglial cell,oligodendrocyte,30,0.009874917709019092
Brain_Atlas,matched_expression,xgboost,microglial cell,oligodendrocyte precursor cell,0,0.0
Brain_Atlas,matched_expression,xgboost,microglial cell,pericyte,0,0.0
Brain_Atlas,matched_expression,xgboost,microglial cell,perivascular cell,1,0.0003291639236339697
Brain_Atlas,matched_expression,xgboost,oligodendrocyte,GABAergic neuron,6,0.00016029922522041144
Brain_Atlas,matched_expression,xgboost,oligodendrocyte,astrocyte,20,0.0005343307507347048
Brain_Atlas,matched_expression,xgboost,oligodendrocyte,central nervous system macrophage,0,0.0
Brain_Atlas,matched_expression,xgboost,oligodendrocyte,endothelial cell,1,2.671653753673524e-05
Brain_Atlas,matched_expression,xgboost,oligodendrocyte,glutamatergic neuron,5,0.0001335826876836762
Brain_Atlas,matched_expression,xgboost,oligodendrocyte,microglial cell,14,0.00037403152551429336
Brain_Atlas,matched_expression,xgboost,oligodendrocyte,oligodendrocyte,37348,0.9978092439219877
Brain_Atlas,matched_expression,xgboost,oligodendrocyte,oligodendrocyte precursor cell,33,0.0008816457387122629
Brain_Atlas,matched_expression,xgboost,oligodendrocyte,pericyte,3,8.014961261020572e-05
Brain_Atlas,matched_expression,xgboost,oligodendrocyte,perivascular cell,0,0.0
Brain_Atlas,matched_expression,xgboost,oligodendrocyte precursor cell,GABAergic neuron,18,0.005972130059721301
Brain_Atlas,matched_expression,xgboost,oligodendrocyte precursor cell,astrocyte,5,0.0016589250165892503
Brain_Atlas,matched_expression,xgboost,oligodendrocyte precursor cell,central nervous system macrophage,0,0.0
Brain_Atlas,matched_expression,xgboost,oligodendrocyte precursor cell,endothelial cell,0,0.0
Brain_Atlas,matched_expression,xgboost,oligodendrocyte precursor cell,glutamatergic neuron,25,0.00829462508294625
Brain_Atlas,matched_expression,xgboost,oligodendrocyte precursor cell,microglial cell,2,0.0006635700066357001
Brain_Atlas,matched_expression,xgboost,oligodendrocyte precursor cell,oligodendrocyte,459,0.15228931652289315
Brain_Atlas,matched_expression,xgboost,oligodendrocyte precursor cell,oligodendrocyte precursor cell,2505,0.8311214333112144
Brain_Atlas,matched_expression,xgboost,oligodendrocyte precursor cell,pericyte,0,0.0
Brain_Atlas,matched_expression,xgboost,oligodendrocyte precursor cell,perivascular cell,0,0.0
Brain_Atlas,matched_expression,xgboost,pericyte,GABAergic neuron,0,0.0
Brain_Atlas,matched_expression,xgboost,pericyte,astrocyte,1,0.009615384615384616
Brain_Atlas,matched_expression,xgboost,pericyte,central nervous system macrophage,0,0.0
Brain_Atlas,matched_expression,xgboost,pericyte,endothelial cell,6,0.057692307692307696
Brain_Atlas,matched_expression,xgboost,pericyte,glutamatergic neuron,1,0.009615384615384616
Brain_Atlas,matched_expression,xgboost,pericyte,microglial cell,0,0.0
Brain_Atlas,matched_expression,xgboost,pericyte,oligodendrocyte,15,0.14423076923076922
Brain_Atlas,matched_expression,xgboost,pericyte,oligodendrocyte precursor cell,0,0.0
Brain_Atlas,matched_expression,xgboost,pericyte,pericyte,81,0.7788461538461539
Brain_Atlas,matched_expression,xgboost,pericyte,perivascular cell,0,0.0
Brain_Atlas,matched_expression,xgboost,perivascular cell,GABAergic neuron,0,0.0
Brain_Atlas,matched_expression,xgboost,perivascular cell,astrocyte,0,0.0
Brain_Atlas,matched_expression,xgboost,perivascular cell,central nervous system macrophage,0,0.0
Brain_Atlas,matched_expression,xgboost,perivascular cell,endothelial cell,0,0.0
Brain_Atlas,matched_expression,xgboost,perivascular cell,glutamatergic neuron,1,0.009523809523809525
Brain_Atlas,matched_expression,xgboost,perivascular cell,microglial cell,0,0.0
Brain_Atlas,matched_expression,xgboost,perivascular cell,oligodendrocyte,27,0.2571428571428571
Brain_Atlas,matched_expression,xgboost,perivascular cell,oligodendrocyte precursor cell,0,0.0
Brain_Atlas,matched_expression,xgboost,perivascular cell,pericyte,0,0.0
Brain_Atlas,matched_expression,xgboost,perivascular cell,perivascular cell,77,0.7333333333333333
Brain_Atlas,svd512_expression,logreg,GABAergic neuron,GABAergic neuron,8219,0.9890493381468111
Brain_Atlas,svd512_expression,logreg,GABAergic neuron,astrocyte,1,0.00012033694344163658
Brain_Atlas,svd512_expression,logreg,GABAergic neuron,central nervous system macrophage,0,0.0
Brain_Atlas,svd512_expression,logreg,GABAergic neuron,endothelial cell,0,0.0
Brain_Atlas,svd512_expression,logreg,GABAergic neuron,glutamatergic neuron,58,0.0069795427196149215
Brain_Atlas,svd512_expression,logreg,GABAergic neuron,microglial cell,0,0.0
Brain_Atlas,svd512_expression,logreg,GABAergic neuron,oligodendrocyte,31,0.003730445246690734
Brain_Atlas,svd512_expression,logreg,GABAergic neuron,oligodendrocyte precursor cell,1,0.00012033694344163658
Brain_Atlas,svd512_expression,logreg,GABAergic neuron,pericyte,0,0.0
Brain_Atlas,svd512_expression,logreg,GABAergic neuron,perivascular cell,0,0.0
Brain_Atlas,svd512_expression,logreg,astrocyte,GABAergic neuron,0,0.0
Brain_Atlas,svd512_expression,logreg,astrocyte,astrocyte,4984,0.9884966283220944
Brain_Atlas,svd512_expression,logreg,astrocyte,central nervous system macrophage,0,0.0
Brain_Atlas,svd512_expression,logreg,astrocyte,endothelial cell,1,0.00019833399444664816
Brain_Atlas,svd512_expression,logreg,astrocyte,glutamatergic neuron,3,0.0005950019833399445
Brain_Atlas,svd512_expression,logreg,astrocyte,microglial cell,0,0.0
Brain_Atlas,svd512_expression,logreg,astrocyte,oligodendrocyte,50,0.009916699722332408
Brain_Atlas,svd512_expression,logreg,astrocyte,oligodendrocyte precursor cell,4,0.0007933359777865926
Brain_Atlas,svd512_expression,logreg,astrocyte,pericyte,0,0.0
Brain_Atlas,svd512_expression,logreg,astrocyte,perivascular cell,0,0.0
Brain_Atlas,svd512_expression,logreg,central nervous system macrophage,GABAergic neuron,0,0.0
Brain_Atlas,svd512_expression,logreg,central nervous system macrophage,astrocyte,0,0.0
Brain_Atlas,svd512_expression,logreg,central nervous system macrophage,central nervous system macrophage,69,0.6106194690265486
Brain_Atlas,svd512_expression,logreg,central nervous system macrophage,endothelial cell,0,0.0
Brain_Atlas,svd512_expression,logreg,central nervous system macrophage,glutamatergic neuron,2,0.017699115044247787
Brain_Atlas,svd512_expression,logreg,central nervous system macrophage,microglial cell,38,0.336283185840708
Brain_Atlas,svd512_expression,logreg,central nervous system macrophage,oligodendrocyte,4,0.035398230088495575
Brain_Atlas,svd512_expression,logreg,central nervous system macrophage,oligodendrocyte precursor cell,0,0.0
Brain_Atlas,svd512_expression,logreg,central nervous system macrophage,pericyte,0,0.0
Brain_Atlas,svd512_expression,logreg,central nervous system macrophage,perivascular cell,0,0.0
Brain_Atlas,svd512_expression,logreg,endothelial cell,GABAergic neuron,0,0.0
Brain_Atlas,svd512_expression,logreg,endothelial cell,astrocyte,1,0.004048582995951417
Brain_Atlas,svd512_expression,logreg,endothelial cell,central nervous system macrophage,0,0.0
Brain_Atlas,svd512_expression,logreg,endothelial cell,endothelial cell,206,0.8340080971659919
Brain_Atlas,svd512_expression,logreg,endothelial cell,glutamatergic neuron,1,0.004048582995951417
Brain_Atlas,svd512_expression,logreg,endothelial cell,microglial cell,0,0.0
Brain_Atlas,svd512_expression,logreg,endothelial cell,oligodendrocyte,35,0.1417004048582996
Brain_Atlas,svd512_expression,logreg,endothelial cell,oligodendrocyte precursor cell,1,0.004048582995951417
Brain_Atlas,svd512_expression,logreg,endothelial cell,pericyte,2,0.008097165991902834
Brain_Atlas,svd512_expression,logreg,endothelial cell,perivascular cell,1,0.004048582995951417
Brain_Atlas,svd512_expression,logreg,glutamatergic neuron,GABAergic neuron,61,0.003355889310667327
Brain_Atlas,svd512_expression,logreg,glutamatergic neuron,astrocyte,2,0.0001100291577267976
Brain_Atlas,svd512_expression,logreg,glutamatergic neuron,central nervous system macrophage,2,0.0001100291577267976
Brain_Atlas,svd512_expression,logreg,glutamatergic neuron,endothelial cell,0,0.0
Brain_Atlas,svd512_expression,logreg,glutamatergic neuron,glutamatergic neuron,18016,0.9911426528029927
Brain_Atlas,svd512_expression,logreg,glutamatergic neuron,microglial cell,4,0.0002200583154535952
Brain_Atlas,svd512_expression,logreg,glutamatergic neuron,oligodendrocyte,80,0.004401166309071904
Brain_Atlas,svd512_expression,logreg,glutamatergic neuron,oligodendrocyte precursor cell,12,0.0006601749463607857
Brain_Atlas,svd512_expression,logreg,glutamatergic neuron,pericyte,0,0.0
Brain_Atlas,svd512_expression,logreg,glutamatergic neuron,perivascular cell,0,0.0
Brain_Atlas,svd512_expression,logreg,microglial cell,GABAergic neuron,0,0.0
Brain_Atlas,svd512_expression,logreg,microglial cell,astrocyte,0,0.0
Brain_Atlas,svd512_expression,logreg,microglial cell,central nervous system macrophage,27,0.008887425938117182
Brain_Atlas,svd512_expression,logreg,microglial cell,endothelial cell,0,0.0
Brain_Atlas,svd512_expression,logreg,microglial cell,glutamatergic neuron,2,0.0006583278472679394
Brain_Atlas,svd512_expression,logreg,microglial cell,microglial cell,2978,0.9802501645819618
Brain_Atlas,svd512_expression,logreg,microglial cell,oligodendrocyte,30,0.009874917709019092
Brain_Atlas,svd512_expression,logreg,microglial cell,oligodendrocyte precursor cell,1,0.0003291639236339697
Brain_Atlas,svd512_expression,logreg,microglial cell,pericyte,0,0.0
Brain_Atlas,svd512_expression,logreg,microglial cell,perivascular cell,0,0.0
Brain_Atlas,svd512_expression,logreg,oligodendrocyte,GABAergic neuron,15,0.00040074806305102857
Brain_Atlas,svd512_expression,logreg,oligodendrocyte,astrocyte,15,0.00040074806305102857
Brain_Atlas,svd512_expression,logreg,oligodendrocyte,central nervous system macrophage,0,0.0
Brain_Atlas,svd512_expression,logreg,oligodendrocyte,endothelial cell,0,0.0
Brain_Atlas,svd512_expression,logreg,oligodendrocyte,glutamatergic neuron,14,0.00037403152551429336
Brain_Atlas,svd512_expression,logreg,oligodendrocyte,microglial cell,13,0.0003473149879775581
Brain_Atlas,svd512_expression,logreg,oligodendrocyte,oligodendrocyte,37271,0.9957520705316592
Brain_Atlas,svd512_expression,logreg,oligodendrocyte,oligodendrocyte precursor cell,101,0.0026983702912102593
Brain_Atlas,svd512_expression,logreg,oligodendrocyte,pericyte,1,2.671653753673524e-05
Brain_Atlas,svd512_expression,logreg,oligodendrocyte,perivascular cell,0,0.0
Brain_Atlas,svd512_expression,logreg,oligodendrocyte precursor cell,GABAergic neuron,19,0.0063039150630391505
Brain_Atlas,svd512_expression,logreg,oligodendrocyte precursor cell,astrocyte,4,0.0013271400132714001
Brain_Atlas,svd512_expression,logreg,oligodendrocyte precursor cell,central nervous system macrophage,0,0.0
Brain_Atlas,svd512_expression,logreg,oligodendrocyte precursor cell,endothelial cell,0,0.0
Brain_Atlas,svd512_expression,logreg,oligodendrocyte precursor cell,glutamatergic neuron,27,0.008958195089581952
Brain_Atlas,svd512_expression,logreg,oligodendrocyte precursor cell,microglial cell,2,0.0006635700066357001
Brain_Atlas,svd512_expression,logreg,oligodendrocyte precursor cell,oligodendrocyte,450,0.1493032514930325
Brain_Atlas,svd512_expression,logreg,oligodendrocyte precursor cell,oligodendrocyte precursor cell,2512,0.8334439283344393
Brain_Atlas,svd512_expression,logreg,oligodendrocyte precursor cell,pericyte,0,0.0
Brain_Atlas,svd512_expression,logreg,oligodendrocyte precursor cell,perivascular cell,0,0.0
Brain_Atlas,svd512_expression,logreg,pericyte,GABAergic neuron,0,0.0
Brain_Atlas,svd512_expression,logreg,pericyte,astrocyte,0,0.0
Brain_Atlas,svd512_expression,logreg,pericyte,central nervous system macrophage,0,0.0
Brain_Atlas,svd512_expression,logreg,pericyte,endothelial cell,7,0.0673076923076923
Brain_Atlas,svd512_expression,logreg,pericyte,glutamatergic neuron,1,0.009615384615384616
Brain_Atlas,svd512_expression,logreg,pericyte,microglial cell,0,0.0
Brain_Atlas,svd512_expression,logreg,pericyte,oligodendrocyte,13,0.125
Brain_Atlas,svd512_expression,logreg,pericyte,oligodendrocyte precursor cell,0,0.0
Brain_Atlas,svd512_expression,logreg,pericyte,pericyte,83,0.7980769230769231
Brain_Atlas,svd512_expression,logreg,pericyte,perivascular cell,0,0.0
Brain_Atlas,svd512_expression,logreg,perivascular cell,GABAergic neuron,0,0.0
Brain_Atlas,svd512_expression,logreg,perivascular cell,astrocyte,0,0.0
Brain_Atlas,svd512_expression,logreg,perivascular cell,central nervous system macrophage,0,0.0
Brain_Atlas,svd512_expression,logreg,perivascular cell,endothelial cell,0,0.0
Brain_Atlas,svd512_expression,logreg,perivascular cell,glutamatergic neuron,1,0.009523809523809525
Brain_Atlas,svd512_expression,logreg,perivascular cell,microglial cell,0,0.0
Brain_Atlas,svd512_expression,logreg,perivascular cell,oligodendrocyte,30,0.2857142857142857
Brain_Atlas,svd512_expression,logreg,perivascular cell,oligodendrocyte precursor cell,0,0.0
Brain_Atlas,svd512_expression,logreg,perivascular cell,pericyte,1,0.009523809523809525
Brain_Atlas,svd512_expression,logreg,perivascular cell,perivascular cell,73,0.6952380952380952
Brain_Atlas,svd512_expression,random_forest,GABAergic neuron,GABAergic neuron,8241,0.9916967509025271
Brain_Atlas,svd512_expression,random_forest,GABAergic neuron,astrocyte,0,0.0
Brain_Atlas,svd512_expression,random_forest,GABAergic neuron,central nervous system macrophage,0,0.0
Brain_Atlas,svd512_expression,random_forest,GABAergic neuron,endothelial cell,0,0.0
Brain_Atlas,svd512_expression,random_forest,GABAergic neuron,glutamatergic neuron,56,0.006738868832731649
Brain_Atlas,svd512_expression,random_forest,GABAergic neuron,microglial cell,0,0.0
Brain_Atlas,svd512_expression,random_forest,GABAergic neuron,oligodendrocyte,12,0.001444043321299639
Brain_Atlas,svd512_expression,random_forest,GABAergic neuron,oligodendrocyte precursor cell,1,0.00012033694344163658
Brain_Atlas,svd512_expression,random_forest,GABAergic neuron,pericyte,0,0.0
Brain_Atlas,svd512_expression,random_forest,GABAergic neuron,perivascular cell,0,0.0
Brain_Atlas,svd512_expression,random_forest,astrocyte,GABAergic neuron,0,0.0
Brain_Atlas,svd512_expression,random_forest,astrocyte,astrocyte,5012,0.9940499801666005
Brain_Atlas,svd512_expression,random_forest,astrocyte,central nervous system macrophage,0,0.0
Brain_Atlas,svd512_expression,random_forest,astrocyte,endothelial cell,0,0.0
Brain_Atlas,svd512_expression,random_forest,astrocyte,glutamatergic neuron,1,0.00019833399444664816
Brain_Atlas,svd512_expression,random_forest,astrocyte,microglial cell,0,0.0
Brain_Atlas,svd512_expression,random_forest,astrocyte,oligodendrocyte,28,0.005553351844506148
Brain_Atlas,svd512_expression,random_forest,astrocyte,oligodendrocyte precursor cell,1,0.00019833399444664816
Brain_Atlas,svd512_expression,random_forest,astrocyte,pericyte,0,0.0
Brain_Atlas,svd512_expression,random_forest,astrocyte,perivascular cell,0,0.0
Brain_Atlas,svd512_expression,random_forest,central nervous system macrophage,GABAergic neuron,0,0.0
Brain_Atlas,svd512_expression,random_forest,central nervous system macrophage,astrocyte,0,0.0
Brain_Atlas,svd512_expression,random_forest,central nervous system macrophage,central nervous system macrophage,23,0.20353982300884957
Brain_Atlas,svd512_expression,random_forest,central nervous system macrophage,endothelial cell,0,0.0
Brain_Atlas,svd512_expression,random_forest,central nervous system macrophage,glutamatergic neuron,0,0.0
Brain_Atlas,svd512_expression,random_forest,central nervous system macrophage,microglial cell,85,0.7522123893805309
Brain_Atlas,svd512_expression,random_forest,central nervous system macrophage,oligodendrocyte,5,0.04424778761061947
Brain_Atlas,svd512_expression,random_forest,central nervous system macrophage,oligodendrocyte precursor cell,0,0.0
Brain_Atlas,svd512_expression,random_forest,central nervous system macrophage,pericyte,0,0.0
Brain_Atlas,svd512_expression,random_forest,central nervous system macrophage,perivascular cell,0,0.0
Brain_Atlas,svd512_expression,random_forest,endothelial cell,GABAergic neuron,0,0.0
Brain_Atlas,svd512_expression,random_forest,endothelial cell,astrocyte,3,0.012145748987854251
Brain_Atlas,svd512_expression,random_forest,endothelial cell,central nervous system macrophage,0,0.0
Brain_Atlas,svd512_expression,random_forest,endothelial cell,endothelial cell,154,0.6234817813765182
Brain_Atlas,svd512_expression,random_forest,endothelial cell,glutamatergic neuron,0,0.0
Brain_Atlas,svd512_expression,random_forest,endothelial cell,microglial cell,2,0.008097165991902834
Brain_Atlas,svd512_expression,random_forest,endothelial cell,oligodendrocyte,86,0.3481781376518219
Brain_Atlas,svd512_expression,random_forest,endothelial cell,oligodendrocyte precursor cell,1,0.004048582995951417
Brain_Atlas,svd512_expression,random_forest,endothelial cell,pericyte,0,0.0
Brain_Atlas,svd512_expression,random_forest,endothelial cell,perivascular cell,1,0.004048582995951417
Brain_Atlas,svd512_expression,random_forest,glutamatergic neuron,GABAergic neuron,78,0.004291137151345106
Brain_Atlas,svd512_expression,random_forest,glutamatergic neuron,astrocyte,0,0.0
Brain_Atlas,svd512_expression,random_forest,glutamatergic neuron,central nervous system macrophage,2,0.0001100291577267976
Brain_Atlas,svd512_expression,random_forest,glutamatergic neuron,endothelial cell,0,0.0
Brain_Atlas,svd512_expression,random_forest,glutamatergic neuron,glutamatergic neuron,18020,0.9913627111184464
Brain_Atlas,svd512_expression,random_forest,glutamatergic neuron,microglial cell,4,0.0002200583154535952
Brain_Atlas,svd512_expression,random_forest,glutamatergic neuron,oligodendrocyte,71,0.003906035099301315
Brain_Atlas,svd512_expression,random_forest,glutamatergic neuron,oligodendrocyte precursor cell,2,0.0001100291577267976
Brain_Atlas,svd512_expression,random_forest,glutamatergic neuron,pericyte,0,0.0
Brain_Atlas,svd512_expression,random_forest,glutamatergic neuron,perivascular cell,0,0.0
Brain_Atlas,svd512_expression,random_forest,microglial cell,GABAergic neuron,1,0.0003291639236339697
Brain_Atlas,svd512_expression,random_forest,microglial cell,astrocyte,0,0.0
Brain_Atlas,svd512_expression,random_forest,microglial cell,central nervous system macrophage,0,0.0
Brain_Atlas,svd512_expression,random_forest,microglial cell,endothelial cell,0,0.0
Brain_Atlas,svd512_expression,random_forest,microglial cell,glutamatergic neuron,0,0.0
Brain_Atlas,svd512_expression,random_forest,microglial cell,microglial cell,3009,0.9904542462146149
Brain_Atlas,svd512_expression,random_forest,microglial cell,oligodendrocyte,28,0.009216589861751152
Brain_Atlas,svd512_expression,random_forest,microglial cell,oligodendrocyte precursor cell,0,0.0
Brain_Atlas,svd512_expression,random_forest,microglial cell,pericyte,0,0.0
Brain_Atlas,svd512_expression,random_forest,microglial cell,perivascular cell,0,0.0
Brain_Atlas,svd512_expression,random_forest,oligodendrocyte,GABAergic neuron,7,0.00018701576275714668
Brain_Atlas,svd512_expression,random_forest,oligodendrocyte,astrocyte,25,0.0006679134384183809
Brain_Atlas,svd512_expression,random_forest,oligodendrocyte,central nervous system macrophage,0,0.0
Brain_Atlas,svd512_expression,random_forest,oligodendrocyte,endothelial cell,0,0.0
Brain_Atlas,svd512_expression,random_forest,oligodendrocyte,glutamatergic neuron,14,0.00037403152551429336
Brain_Atlas,svd512_expression,random_forest,oligodendrocyte,microglial cell,18,0.0004808976756612343
Brain_Atlas,svd512_expression,random_forest,oligodendrocyte,oligodendrocyte,37363,0.9982099919850388
Brain_Atlas,svd512_expression,random_forest,oligodendrocyte,oligodendrocyte precursor cell,1,2.671653753673524e-05
Brain_Atlas,svd512_expression,random_forest,oligodendrocyte,pericyte,2,5.343307507347048e-05
Brain_Atlas,svd512_expression,random_forest,oligodendrocyte,perivascular cell,0,0.0
Brain_Atlas,svd512_expression,random_forest,oligodendrocyte precursor cell,GABAergic neuron,16,0.0053085600530856005
Brain_Atlas,svd512_expression,random_forest,oligodendrocyte precursor cell,astrocyte,7,0.00232249502322495
Brain_Atlas,svd512_expression,random_forest,oligodendrocyte precursor cell,central nervous system macrophage,0,0.0
Brain_Atlas,svd512_expression,random_forest,oligodendrocyte precursor cell,endothelial cell,0,0.0
Brain_Atlas,svd512_expression,random_forest,oligodendrocyte precursor cell,glutamatergic neuron,22,0.0072992700729927005
Brain_Atlas,svd512_expression,random_forest,oligodendrocyte precursor cell,microglial cell,1,0.00033178500331785003
Brain_Atlas,svd512_expression,random_forest,oligodendrocyte precursor cell,oligodendrocyte,452,0.14996682149966822
Brain_Atlas,svd512_expression,random_forest,oligodendrocyte precursor cell,oligodendrocyte precursor cell,2516,0.8347710683477106
Brain_Atlas,svd512_expression,random_forest,oligodendrocyte precursor cell,pericyte,0,0.0
Brain_Atlas,svd512_expression,random_forest,oligodendrocyte precursor cell,perivascular cell,0,0.0
Brain_Atlas,svd512_expression,random_forest,pericyte,GABAergic neuron,0,0.0
Brain_Atlas,svd512_expression,random_forest,pericyte,astrocyte,1,0.009615384615384616
Brain_Atlas,svd512_expression,random_forest,pericyte,central nervous system macrophage,0,0.0
Brain_Atlas,svd512_expression,random_forest,pericyte,endothelial cell,5,0.04807692307692308
Brain_Atlas,svd512_expression,random_forest,pericyte,glutamatergic neuron,0,0.0
Brain_Atlas,svd512_expression,random_forest,pericyte,microglial cell,1,0.009615384615384616
Brain_Atlas,svd512_expression,random_forest,pericyte,oligodendrocyte,29,0.27884615384615385
Brain_Atlas,svd512_expression,random_forest,pericyte,oligodendrocyte precursor cell,0,0.0
Brain_Atlas,svd512_expression,random_forest,pericyte,pericyte,67,0.6442307692307693
Brain_Atlas,svd512_expression,random_forest,pericyte,perivascular cell,1,0.009615384615384616
Brain_Atlas,svd512_expression,random_forest,perivascular cell,GABAergic neuron,0,0.0
Brain_Atlas,svd512_expression,random_forest,perivascular cell,astrocyte,0,0.0
Brain_Atlas,svd512_expression,random_forest,perivascular cell,central nervous system macrophage,0,0.0
Brain_Atlas,svd512_expression,random_forest,perivascular cell,endothelial cell,0,0.0
Brain_Atlas,svd512_expression,random_forest,perivascular cell,glutamatergic neuron,1,0.009523809523809525
Brain_Atlas,svd512_expression,random_forest,perivascular cell,microglial cell,0,0.0
Brain_Atlas,svd512_expression,random_forest,perivascular cell,oligodendrocyte,38,0.3619047619047619
Brain_Atlas,svd512_expression,random_forest,perivascular cell,oligodendrocyte precursor cell,0,0.0
Brain_Atlas,svd512_expression,random_forest,perivascular cell,pericyte,0,0.0
Brain_Atlas,svd512_expression,random_forest,perivascular cell,perivascular cell,66,0.6285714285714286
Brain_Atlas,svd512_expression,xgboost,GABAergic neuron,GABAergic neuron,8241,0.9916967509025271
Brain_Atlas,svd512_expression,xgboost,GABAergic neuron,astrocyte,0,0.0
Brain_Atlas,svd512_expression,xgboost,GABAergic neuron,central nervous system macrophage,0,0.0
Brain_Atlas,svd512_expression,xgboost,GABAergic neuron,endothelial cell,0,0.0
Brain_Atlas,svd512_expression,xgboost,GABAergic neuron,glutamatergic neuron,55,0.006618531889290012
Brain_Atlas,svd512_expression,xgboost,GABAergic neuron,microglial cell,0,0.0
Brain_Atlas,svd512_expression,xgboost,GABAergic neuron,oligodendrocyte,7,0.0008423586040914561
Brain_Atlas,svd512_expression,xgboost,GABAergic neuron,oligodendrocyte precursor cell,7,0.0008423586040914561
Brain_Atlas,svd512_expression,xgboost,GABAergic neuron,pericyte,0,0.0
Brain_Atlas,svd512_expression,xgboost,GABAergic neuron,perivascular cell,0,0.0
Brain_Atlas,svd512_expression,xgboost,astrocyte,GABAergic neuron,0,0.0
Brain_Atlas,svd512_expression,xgboost,astrocyte,astrocyte,5000,0.9916699722332408
Brain_Atlas,svd512_expression,xgboost,astrocyte,central nervous system macrophage,0,0.0
Brain_Atlas,svd512_expression,xgboost,astrocyte,endothelial cell,0,0.0
Brain_Atlas,svd512_expression,xgboost,astrocyte,glutamatergic neuron,3,0.0005950019833399445
Brain_Atlas,svd512_expression,xgboost,astrocyte,microglial cell,0,0.0
Brain_Atlas,svd512_expression,xgboost,astrocyte,oligodendrocyte,37,0.007338357794525982
Brain_Atlas,svd512_expression,xgboost,astrocyte,oligodendrocyte precursor cell,1,0.00019833399444664816
Brain_Atlas,svd512_expression,xgboost,astrocyte,pericyte,0,0.0
Brain_Atlas,svd512_expression,xgboost,astrocyte,perivascular cell,1,0.00019833399444664816
Brain_Atlas,svd512_expression,xgboost,central nervous system macrophage,GABAergic neuron,0,0.0
Brain_Atlas,svd512_expression,xgboost,central nervous system macrophage,astrocyte,0,0.0
Brain_Atlas,svd512_expression,xgboost,central nervous system macrophage,central nervous system macrophage,58,0.5132743362831859
Brain_Atlas,svd512_expression,xgboost,central nervous system macrophage,endothelial cell,0,0.0
Brain_Atlas,svd512_expression,xgboost,central nervous system macrophage,glutamatergic neuron,0,0.0
Brain_Atlas,svd512_expression,xgboost,central nervous system macrophage,microglial cell,53,0.4690265486725664
Brain_Atlas,svd512_expression,xgboost,central nervous system macrophage,oligodendrocyte,2,0.017699115044247787
Brain_Atlas,svd512_expression,xgboost,central nervous system macrophage,oligodendrocyte precursor cell,0,0.0
Brain_Atlas,svd512_expression,xgboost,central nervous system macrophage,pericyte,0,0.0
Brain_Atlas,svd512_expression,xgboost,central nervous system macrophage,perivascular cell,0,0.0
Brain_Atlas,svd512_expression,xgboost,endothelial cell,GABAergic neuron,0,0.0
Brain_Atlas,svd512_expression,xgboost,endothelial cell,astrocyte,1,0.004048582995951417
Brain_Atlas,svd512_expression,xgboost,endothelial cell,central nervous system macrophage,0,0.0
Brain_Atlas,svd512_expression,xgboost,endothelial cell,endothelial cell,195,0.7894736842105263
Brain_Atlas,svd512_expression,xgboost,endothelial cell,glutamatergic neuron,1,0.004048582995951417
Brain_Atlas,svd512_expression,xgboost,endothelial cell,microglial cell,0,0.0
Brain_Atlas,svd512_expression,xgboost,endothelial cell,oligodendrocyte,46,0.1862348178137652
Brain_Atlas,svd512_expression,xgboost,endothelial cell,oligodendrocyte precursor cell,1,0.004048582995951417
Brain_Atlas,svd512_expression,xgboost,endothelial cell,pericyte,2,0.008097165991902834
Brain_Atlas,svd512_expression,xgboost,endothelial cell,perivascular cell,1,0.004048582995951417
Brain_Atlas,svd512_expression,xgboost,glutamatergic neuron,GABAergic neuron,68,0.0037409913627111185
Brain_Atlas,svd512_expression,xgboost,glutamatergic neuron,astrocyte,1,5.50145788633988e-05
Brain_Atlas,svd512_expression,xgboost,glutamatergic neuron,central nervous system macrophage,2,0.0001100291577267976
Brain_Atlas,svd512_expression,xgboost,glutamatergic neuron,endothelial cell,0,0.0
Brain_Atlas,svd512_expression,xgboost,glutamatergic neuron,glutamatergic neuron,18042,0.9925730318534411
Brain_Atlas,svd512_expression,xgboost,glutamatergic neuron,microglial cell,4,0.0002200583154535952
Brain_Atlas,svd512_expression,xgboost,glutamatergic neuron,oligodendrocyte,54,0.0029707872586235353
Brain_Atlas,svd512_expression,xgboost,glutamatergic neuron,oligodendrocyte precursor cell,6,0.00033008747318039283
Brain_Atlas,svd512_expression,xgboost,glutamatergic neuron,pericyte,0,0.0
Brain_Atlas,svd512_expression,xgboost,glutamatergic neuron,perivascular cell,0,0.0
Brain_Atlas,svd512_expression,xgboost,microglial cell,GABAergic neuron,1,0.0003291639236339697
Brain_Atlas,svd512_expression,xgboost,microglial cell,astrocyte,0,0.0
Brain_Atlas,svd512_expression,xgboost,microglial cell,central nervous system macrophage,3,0.0009874917709019092
Brain_Atlas,svd512_expression,xgboost,microglial cell,endothelial cell,0,0.0
Brain_Atlas,svd512_expression,xgboost,microglial cell,glutamatergic neuron,0,0.0
Brain_Atlas,svd512_expression,xgboost,microglial cell,microglial cell,3019,0.9937458854509545
Brain_Atlas,svd512_expression,xgboost,microglial cell,oligodendrocyte,15,0.004937458854509546
Brain_Atlas,svd512_expression,xgboost,microglial cell,oligodendrocyte precursor cell,0,0.0
Brain_Atlas,svd512_expression,xgboost,microglial cell,pericyte,0,0.0
Brain_Atlas,svd512_expression,xgboost,microglial cell,perivascular cell,0,0.0
Brain_Atlas,svd512_expression,xgboost,oligodendrocyte,GABAergic neuron,8,0.00021373230029388192
Brain_Atlas,svd512_expression,xgboost,oligodendrocyte,astrocyte,19,0.0005076142131979696
Brain_Atlas,svd512_expression,xgboost,oligodendrocyte,central nervous system macrophage,0,0.0
Brain_Atlas,svd512_expression,xgboost,oligodendrocyte,endothelial cell,0,0.0
Brain_Atlas,svd512_expression,xgboost,oligodendrocyte,glutamatergic neuron,10,0.0002671653753673524
Brain_Atlas,svd512_expression,xgboost,oligodendrocyte,microglial cell,18,0.0004808976756612343
Brain_Atlas,svd512_expression,xgboost,oligodendrocyte,oligodendrocyte,37355,0.9979962596847448
Brain_Atlas,svd512_expression,xgboost,oligodendrocyte,oligodendrocyte precursor cell,20,0.0005343307507347048
Brain_Atlas,svd512_expression,xgboost,oligodendrocyte,pericyte,0,0.0
Brain_Atlas,svd512_expression,xgboost,oligodendrocyte,perivascular cell,0,0.0
Brain_Atlas,svd512_expression,xgboost,oligodendrocyte precursor cell,GABAergic neuron,14,0.0046449900464499
Brain_Atlas,svd512_expression,xgboost,oligodendrocyte precursor cell,astrocyte,6,0.0019907100199071004
Brain_Atlas,svd512_expression,xgboost,oligodendrocyte precursor cell,central nervous system macrophage,0,0.0
Brain_Atlas,svd512_expression,xgboost,oligodendrocyte precursor cell,endothelial cell,0,0.0
Brain_Atlas,svd512_expression,xgboost,oligodendrocyte precursor cell,glutamatergic neuron,21,0.006967485069674851
Brain_Atlas,svd512_expression,xgboost,oligodendrocyte precursor cell,microglial cell,1,0.00033178500331785003
Brain_Atlas,svd512_expression,xgboost,oligodendrocyte precursor cell,oligodendrocyte,452,0.14996682149966822
Brain_Atlas,svd512_expression,xgboost,oligodendrocyte precursor cell,oligodendrocyte precursor cell,2520,0.836098208360982
Brain_Atlas,svd512_expression,xgboost,oligodendrocyte precursor cell,pericyte,0,0.0
Brain_Atlas,svd512_expression,xgboost,oligodendrocyte precursor cell,perivascular cell,0,0.0
Brain_Atlas,svd512_expression,xgboost,pericyte,GABAergic neuron,0,0.0
Brain_Atlas,svd512_expression,xgboost,pericyte,astrocyte,0,0.0
Brain_Atlas,svd512_expression,xgboost,pericyte,central nervous system macrophage,0,0.0
Brain_Atlas,svd512_expression,xgboost,pericyte,endothelial cell,5,0.04807692307692308
Brain_Atlas,svd512_expression,xgboost,pericyte,glutamatergic neuron,1,0.009615384615384616
Brain_Atlas,svd512_expression,xgboost,pericyte,microglial cell,1,0.009615384615384616
Brain_Atlas,svd512_expression,xgboost,pericyte,oligodendrocyte,12,0.11538461538461539
Brain_Atlas,svd512_expression,xgboost,pericyte,oligodendrocyte precursor cell,0,0.0
Brain_Atlas,svd512_expression,xgboost,pericyte,pericyte,83,0.7980769230769231
Brain_Atlas,svd512_expression,xgboost,pericyte,perivascular cell,2,0.019230769230769232
Brain_Atlas,svd512_expression,xgboost,perivascular cell,GABAergic neuron,0,0.0
Brain_Atlas,svd512_expression,xgboost,perivascular cell,astrocyte,0,0.0
Brain_Atlas,svd512_expression,xgboost,perivascular cell,central nervous system macrophage,0,0.0
Brain_Atlas,svd512_expression,xgboost,perivascular cell,endothelial cell,1,0.009523809523809525
Brain_Atlas,svd512_expression,xgboost,perivascular cell,glutamatergic neuron,1,0.009523809523809525
Brain_Atlas,svd512_expression,xgboost,perivascular cell,microglial cell,0,0.0
Brain_Atlas,svd512_expression,xgboost,perivascular cell,oligodendrocyte,34,0.3238095238095238
Brain_Atlas,svd512_expression,xgboost,perivascular cell,oligodendrocyte precursor cell,0,0.0
Brain_Atlas,svd512_expression,xgboost,perivascular cell,pericyte,0,0.0
Brain_Atlas,svd512_expression,xgboost,perivascular cell,perivascular cell,69,0.6571428571428571
