fold,labels_per_class,scarcity_seed,total_training_labels,representation,classifier,model,fit_and_predict_seconds,macro_f1,accuracy,balanced_accuracy,ece_equal_width_10,ece_adaptive_10,ece_classwise_10,multiclass_brier,negative_log_likelihood
0,10,20260811,130,scGPT embeddings,logreg,scGPT embeddings plus Logistic Regression,0.41322922706604,0.6745041935947756,0.6976897689768977,0.8085360521349952,0.5669675013647937,0.5669675013647937,0.1000164622678792,0.8303345008717853,2.086633026194779
0,10,20260811,130,scGPT embeddings,xgboost,scGPT embeddings plus XGBoost,1.418454647064209,0.5845836971234497,0.617800489726392,0.7129037757725698,0.0934428132042865,0.0950642670847207,0.0433767391527115,0.5250495826176476,1.1571615757891387
0,10,20260811,130,Matched HVGs,logreg,Matched HVGs plus Logistic Regression,0.14957857131958,0.8233495442461677,0.8288193335462578,0.8703856984674074,0.0709901241991085,0.0709901241991085,0.0234289683816637,0.2575345684650837,0.5037427448539233
0,10,20260811,130,Matched HVGs,xgboost,Matched HVGs plus XGBoost,1.2838938236236572,0.6504029891817251,0.6638560630256574,0.7547817162001442,0.1004953366310138,0.1007816605080571,0.0406253972782789,0.4948523367010047,1.069088827687402
0,10,20260812,130,scGPT embeddings,logreg,scGPT embeddings plus Logistic Regression,0.0726714134216308,0.6575958580454535,0.6675609496433514,0.836825731586708,0.5388434110276198,0.5388434110276199,0.0992994827757672,0.8341538427280918,2.106375959872815
0,10,20260812,130,scGPT embeddings,xgboost,scGPT embeddings plus XGBoost,0.842658519744873,0.5352137789793047,0.6030128819333547,0.731325806084899,0.0905854826433886,0.0901093038212829,0.0416276318968744,0.557895785973169,1.3167793765152676
0,10,20260812,130,Matched HVGs,logreg,Matched HVGs plus Logistic Regression,0.1304147243499755,0.8559843887303275,0.8199616735867135,0.8894491927479251,0.0530736601775579,0.0530736601775579,0.0267408220781513,0.2627239456400426,0.5142290145773123
0,10,20260812,130,Matched HVGs,xgboost,Matched HVGs plus XGBoost,1.2860262393951416,0.6157995552608638,0.6583626104545939,0.7744593111072008,0.1295832129002518,0.129527286864002,0.0469266211787698,0.5154775152429617,1.1533118639818143
0,10,20260813,130,scGPT embeddings,logreg,scGPT embeddings plus Logistic Regression,0.0692343711853027,0.6964849490196882,0.6627488555307144,0.8290266615748857,0.5332140403839785,0.5332140403839785,0.0976916094629331,0.8342749188757265,2.103250847162304
0,10,20260813,130,scGPT embeddings,xgboost,scGPT embeddings plus XGBoost,0.8795406818389893,0.6152808177098165,0.6832641328648994,0.7625126108217519,0.0574286297505974,0.0569682897971585,0.0359613745980999,0.4539662723073103,1.0271169146881691
0,10,20260813,130,Matched HVGs,logreg,Matched HVGs plus Logistic Regression,0.1333587169647216,0.8256816840363441,0.7862450761205153,0.8795260901047981,0.0495530301718393,0.0495530301718393,0.0254120880063083,0.3041707981142477,0.5830427720247794
0,10,20260813,130,Matched HVGs,xgboost,Matched HVGs plus XGBoost,1.2938101291656494,0.6009110655369848,0.6064409666773128,0.7417118068973776,0.078647972807219,0.0799846510427332,0.046180062858362,0.546664949838952,1.1840040480068348
0,10,20260814,130,scGPT embeddings,logreg,scGPT embeddings plus Logistic Regression,0.0601677894592285,0.6607003692052983,0.6675077185137869,0.8265036039966506,0.5394783840075931,0.5394783840075932,0.0990646342512693,0.8364169087469969,2.1129733837978835
0,10,20260814,130,scGPT embeddings,xgboost,scGPT embeddings plus XGBoost,0.8213493824005127,0.6066166026241261,0.6361758756520813,0.7564806480599858,0.0691409872475411,0.0690898695703396,0.0404294050965617,0.5107311117164196,1.1729304382159484
0,10,20260814,130,Matched HVGs,logreg,Matched HVGs plus Logistic Regression,0.1481709480285644,0.8464320393220963,0.8138188012349622,0.8909895032702091,0.0592947999437279,0.0592947999437279,0.0251934800760595,0.2741884231875723,0.5299534913960404
0,10,20260814,130,Matched HVGs,xgboost,Matched HVGs plus XGBoost,1.3266971111297607,0.5674759820528356,0.616182263387629,0.7491415734653075,0.0766727280285129,0.0754049220743444,0.0411766656966375,0.5299121311122222,1.183006128866464
0,10,20260815,130,scGPT embeddings,logreg,scGPT embeddings plus Logistic Regression,0.0694062709808349,0.6925471702465533,0.6915149579474077,0.8312637264330441,0.5640479032462433,0.5640479032462435,0.1027419904501327,0.8357191472854234,2.111821651686608
0,10,20260815,130,scGPT embeddings,xgboost,scGPT embeddings plus XGBoost,0.8554651737213135,0.5490091143864743,0.6211646971148728,0.7291603460771158,0.0932877312063727,0.0961180231941293,0.0416381964602855,0.5380575713669797,1.22735162040932
0,10,20260815,130,Matched HVGs,logreg,Matched HVGs plus Logistic Regression,0.1359822750091552,0.8280889030865536,0.7954966464388374,0.8834012605400259,0.0378040383293139,0.0378040383293139,0.0245586639457688,0.2916837208760637,0.5528171311956135
0,10,20260815,130,Matched HVGs,xgboost,Matched HVGs plus XGBoost,1.3058555126190186,0.6183116564581947,0.654647077610987,0.7425732114698292,0.0936844929480208,0.094829824936635,0.0368176213189604,0.5093108379166927,1.1134442893304686
0,25,20260811,325,scGPT embeddings,logreg,scGPT embeddings plus Logistic Regression,0.0777986049652099,0.755579422403155,0.7551687426807197,0.8549604983666481,0.5556525404741299,0.55565254047413,0.0943986651454462,0.7235879440162549,1.6968096907396824
0,25,20260811,325,scGPT embeddings,xgboost,scGPT embeddings plus XGBoost,1.0443623065948486,0.7478304350595567,0.7817097838816139,0.840271279546413,0.0587246014670132,0.0583949507745713,0.022256523073602,0.3276228599782878,0.7024617476048771
0,25,20260811,325,Matched HVGs,logreg,Matched HVGs plus Logistic Regression,0.1707539558410644,0.899620924495263,0.8810816565527521,0.9173539688367636,0.0122223579572635,0.0129890222809192,0.0136043868737885,0.1754815294340728,0.3319153112984532
0,25,20260811,325,Matched HVGs,xgboost,Matched HVGs plus XGBoost,1.493396520614624,0.8172387905491706,0.8549025870328968,0.884223633771884,0.0590040553776232,0.0611026043331955,0.0190568550015183,0.234090764664892,0.5040823453241955
0,25,20260812,325,scGPT embeddings,logreg,scGPT embeddings plus Logistic Regression,0.0785567760467529,0.7368623618469515,0.7476099222825509,0.8552317678318977,0.5480769656178651,0.548076965617865,0.0928050264884637,0.7238430338309971,1.7004403393920664
0,25,20260812,325,scGPT embeddings,xgboost,scGPT embeddings plus XGBoost,1.0711190700531006,0.7197306423742347,0.7647822846800809,0.853655347139149,0.0472991146607396,0.0470281843209564,0.0250699531454054,0.3399264483184714,0.7148268134534087
0,25,20260812,325,Matched HVGs,logreg,Matched HVGs plus Logistic Regression,0.1572294235229492,0.8971860401973223,0.8829660385393377,0.9220388379561446,0.0157358669439287,0.0157182682664219,0.0131170884409535,0.1724176335353073,0.3283474762472264
0,25,20260812,325,Matched HVGs,xgboost,Matched HVGs plus XGBoost,1.487027883529663,0.8071980553089205,0.8474715213456829,0.8838983693416887,0.0476277600428567,0.0476277600428567,0.0195889921822437,0.2353104392955529,0.493565497787601
0,25,20260813,325,scGPT embeddings,logreg,scGPT embeddings plus Logistic Regression,0.0798079967498779,0.7208685837403854,0.7399659320770787,0.8522784364935869,0.5394452373383336,0.5394452373383335,0.0949637976152966,0.723544291207934,1.7038609813400574
0,25,20260813,325,scGPT embeddings,xgboost,scGPT embeddings plus XGBoost,1.04510498046875,0.6766642578933689,0.7567763227935697,0.8461882415657852,0.0428369320790121,0.0423549104507919,0.026409769020849,0.3507719500790847,0.7740685216223556
0,25,20260813,325,Matched HVGs,logreg,Matched HVGs plus Logistic Regression,0.1683161258697509,0.9070357258376512,0.8970403491962099,0.9293301494109903,0.0165309985456117,0.016782294903472,0.0103441209974867,0.1564128469608013,0.3021438470374858
0,25,20260813,325,Matched HVGs,xgboost,Matched HVGs plus XGBoost,1.4956021308898926,0.7893436298570706,0.825710635579687,0.8665501646327638,0.0384695939637328,0.0391709789466546,0.0186516774746924,0.2690475896243765,0.5661591482833496
0,25,20260814,325,scGPT embeddings,logreg,scGPT embeddings plus Logistic Regression,0.0819575786590576,0.7307996410629038,0.7444479931864154,0.8539771873246923,0.545192098845176,0.5451920988451763,0.0936364077756917,0.7254101368760713,1.710536182533849
0,25,20260814,325,scGPT embeddings,xgboost,scGPT embeddings plus XGBoost,1.097184658050537,0.7264821506360293,0.7785797934632173,0.8589327460378716,0.0391574201265272,0.0394889886507902,0.0243797197970888,0.3230094784429058,0.694555856635678
0,25,20260814,325,Matched HVGs,logreg,Matched HVGs plus Logistic Regression,0.1659400463104248,0.8806878162805064,0.8724795060151176,0.9172167222842283,0.0132858431302002,0.0132858431302003,0.0116583000756778,0.1877106394761152,0.3561180620826596
0,25,20260814,325,Matched HVGs,xgboost,Matched HVGs plus XGBoost,1.528214693069458,0.7650730576035879,0.7869583732566805,0.862261974081864,0.0331658520757614,0.0330373244201306,0.0265151135744735,0.3144225687025753,0.6674511646843776
0,25,20260815,325,scGPT embeddings,logreg,scGPT embeddings plus Logistic Regression,0.0862307548522949,0.719385561435671,0.7265623336527202,0.8545706032490814,0.5283197936675244,0.5283197936675245,0.0959252644863453,0.7288459143319155,1.719483122068162
0,25,20260815,325,scGPT embeddings,xgboost,scGPT embeddings plus XGBoost,1.048715114593506,0.7214432436562853,0.7771106142872352,0.8319442675458593,0.0516674253998774,0.0505211092613983,0.0227836713664755,0.3303752769507451,0.7288396842051704
0,25,20260815,325,Matched HVGs,logreg,Matched HVGs plus Logistic Regression,0.1697485446929931,0.8851546761161606,0.8745129351644841,0.918469240769794,0.0155551216530528,0.0155370338612268,0.014550014659532,0.1866240941632131,0.3597084533911172
0,25,20260815,325,Matched HVGs,xgboost,Matched HVGs plus XGBoost,1.5242619514465332,0.7966554993928177,0.839923347173427,0.8723240207856526,0.0362233179027929,0.0362212357470014,0.0188659490764848,0.2421768311125051,0.5090310665787651
0,50,20260811,650,scGPT embeddings,logreg,scGPT embeddings plus Logistic Regression,0.0950396060943603,0.7837290009399542,0.7837219205791547,0.8661702426733883,0.4980026357886525,0.4980026357886526,0.080665903327487,0.6080496559063394,1.3644013226061535
0,50,20260811,650,scGPT embeddings,xgboost,scGPT embeddings plus XGBoost,1.2657063007354736,0.772760783607298,0.7927179814755669,0.8713228567627529,0.0615962598091007,0.0615252974411744,0.023317258776329,0.3054142811068582,0.6264394213764929
0,50,20260811,650,Matched HVGs,logreg,Matched HVGs plus Logistic Regression,0.1797819137573242,0.909063149939431,0.8959012030235282,0.93262095547249,0.0126137966704957,0.0121499074296915,0.0091146757285116,0.1541027663803106,0.2886768894018972
0,50,20260811,650,Matched HVGs,xgboost,Matched HVGs plus XGBoost,1.8565669059753416,0.8478073486066363,0.8710954966464388,0.8998129235631454,0.0202110141188921,0.020287247068782,0.0118540606596212,0.1957307510183832,0.3907126512939815
0,50,20260812,650,scGPT embeddings,logreg,scGPT embeddings plus Logistic Regression,0.0957648754119873,0.7768006424326775,0.7862557223464282,0.8727561331261021,0.5077564310457565,0.5077522289466613,0.0833127920327741,0.6183978042200101,1.390350703353434
0,50,20260812,650,scGPT embeddings,xgboost,scGPT embeddings plus XGBoost,1.2547264099121094,0.7792188279899354,0.8230277866496327,0.8845311768590605,0.0411081821910963,0.040656185482613,0.0170759390172656,0.264596577641802,0.5663535882884833
0,50,20260812,650,Matched HVGs,logreg,Matched HVGs plus Logistic Regression,0.1754539012908935,0.9103446124832676,0.9013307782391142,0.9389054261305332,0.0123698409441259,0.0124251310175424,0.009865001123157,0.1495916402510495,0.2933504062777783
0,50,20260812,650,Matched HVGs,xgboost,Matched HVGs plus XGBoost,1.7229595184326172,0.8411907876443367,0.8776535718087938,0.9066364289145072,0.017721751580429,0.0177344113828414,0.0121253121266597,0.1867948388687891,0.3794097981139778
0,50,20260813,650,scGPT embeddings,logreg,scGPT embeddings plus Logistic Regression,0.0984253883361816,0.7813625845172213,0.7709783881613967,0.8690845943307033,0.4871588387041738,0.4871567186148445,0.0813505183384209,0.6133809959943677,1.377255170176399
0,50,20260813,650,scGPT embeddings,xgboost,scGPT embeddings plus XGBoost,1.2915608882904053,0.7938568978866029,0.807047801554349,0.8862968830515996,0.0596998634217921,0.0587311228335075,0.0209901120603962,0.2877712366535587,0.5847813763763967
0,50,20260813,650,Matched HVGs,logreg,Matched HVGs plus Logistic Regression,0.1880784034729004,0.9008743384673216,0.89196209943575,0.932396521035489,0.0203326719262113,0.0194592668307429,0.0106986283947239,0.162515743591476,0.309185867086548
0,50,20260813,650,Matched HVGs,xgboost,Matched HVGs plus XGBoost,1.724456787109375,0.8348728298090984,0.8643244969658256,0.9088923840515302,0.0136010043928779,0.0142419900971004,0.0140267992457804,0.2021309110181557,0.4067013193394035
0,50,20260814,650,scGPT embeddings,logreg,scGPT embeddings plus Logistic Regression,0.1070630550384521,0.7910222364707337,0.7864154157351219,0.8694605120036403,0.498948820608028,0.4989467329781347,0.0806575104808247,0.6064935545666488,1.358228536319385
0,50,20260814,650,scGPT embeddings,xgboost,scGPT embeddings plus XGBoost,1.283261775970459,0.7688960392857798,0.8147343766634728,0.8759479110338315,0.0584127517863281,0.0583613925483818,0.0188380440331457,0.2814948184093807,0.5863852048210422
0,50,20260814,650,Matched HVGs,logreg,Matched HVGs plus Logistic Regression,0.1838550567626953,0.9121299694110566,0.902714787607793,0.933404053995974,0.0135317283418741,0.0118538742205236,0.0074998840311239,0.1446843693000116,0.2755142305597732
0,50,20260814,650,Matched HVGs,xgboost,Matched HVGs plus XGBoost,1.688805103302002,0.8325411385438086,0.8718726711380815,0.9068363586210128,0.0221205800146449,0.0220621055998841,0.0120211882504552,0.1947066016130773,0.3998545222917961
0,50,20260815,650,scGPT embeddings,logreg,scGPT embeddings plus Logistic Regression,0.104248046875,0.7743476987875473,0.7757266049185564,0.860321676087588,0.4891648674056305,0.4891648674056304,0.0812718420709491,0.6096005746098455,1.3690711412341516
0,50,20260815,650,scGPT embeddings,xgboost,scGPT embeddings plus XGBoost,1.244507074356079,0.7567021347741453,0.803087405514745,0.8792715075196011,0.0626401730274631,0.0627779390771301,0.0207915721186559,0.2968662083595617,0.622957713795764
0,50,20260815,650,Matched HVGs,logreg,Matched HVGs plus Logistic Regression,0.1711642742156982,0.905483322003164,0.8965293303523901,0.932127258744747,0.0130459126550947,0.0119944017556561,0.0095899431063439,0.1530992212712973,0.2892856505950356
0,50,20260815,650,Matched HVGs,xgboost,Matched HVGs plus XGBoost,1.734391689300537,0.8390422467257738,0.8680932609389971,0.9015422095199846,0.0201794755096328,0.0201233414128082,0.0130585799718636,0.2012057604143699,0.4107574526702096
0,100,20260811,1300,scGPT embeddings,logreg,scGPT embeddings plus Logistic Regression,0.0995681285858154,0.8120920124803782,0.8104333013946556,0.8824397192767435,0.4271505601605453,0.4271505601605453,0.0716144016073113,0.4967389477645091,1.0839861886516249
0,100,20260811,1300,scGPT embeddings,xgboost,scGPT embeddings plus XGBoost,1.5943586826324463,0.8164160239633694,0.8298733099116363,0.9029151582186192,0.0646843583556683,0.0632748366686598,0.0173122224514843,0.2595859115967295,0.5353689173402356
0,100,20260811,1300,Matched HVGs,logreg,Matched HVGs plus Logistic Regression,0.23862886428833,0.9115647153000884,0.8995528585116577,0.9423592842034296,0.0339190492445611,0.0337819810254327,0.0096397758130419,0.1521658415906778,0.2971680417798516
0,100,20260811,1300,Matched HVGs,xgboost,Matched HVGs plus XGBoost,2.107626438140869,0.8540309167229773,0.8893218354093474,0.9277889310357031,0.0216524036127047,0.0212874820813981,0.0113639226808506,0.1695090862339153,0.334981592549655
0,100,20260812,1300,scGPT embeddings,logreg,scGPT embeddings plus Logistic Regression,0.1225655078887939,0.807487713793377,0.8070052166506974,0.8817585093196852,0.4243960557465824,0.4243960557465824,0.0718513336480008,0.4997089531453066,1.0866257203112817
0,100,20260812,1300,scGPT embeddings,xgboost,scGPT embeddings plus XGBoost,1.5215356349945068,0.8033321216562678,0.8224315979985095,0.896776533837239,0.0597234894424879,0.0594034396072228,0.0191418452100533,0.2656619050891657,0.5306317230721646
0,100,20260812,1300,Matched HVGs,logreg,Matched HVGs plus Logistic Regression,0.2229602336883545,0.9090911912361478,0.8989140849568827,0.9386260154136744,0.0320089661211737,0.0314846181123764,0.0099346104840146,0.1535869165122939,0.3010726679959984
0,100,20260812,1300,Matched HVGs,xgboost,Matched HVGs plus XGBoost,2.114156723022461,0.8723310466730237,0.891344618332801,0.9269412080210284,0.025507542147632,0.0237137122727079,0.0105553379626813,0.1658487662003819,0.3269804836133562
0,100,20260813,1300,scGPT embeddings,logreg,scGPT embeddings plus Logistic Regression,0.1238946914672851,0.8171123302365808,0.8191312679655063,0.8868880774884098,0.4381662608855293,0.4381662608855294,0.0718435279372014,0.4987770586613443,1.0852428681409758
0,100,20260813,1300,scGPT embeddings,xgboost,scGPT embeddings plus XGBoost,1.5992279052734375,0.8253555222874656,0.8436388800170339,0.9038557224882438,0.0514806843971875,0.0515607488113862,0.0161502177369608,0.2385895541410611,0.4864028004648458
0,100,20260813,1300,Matched HVGs,logreg,Matched HVGs plus Logistic Regression,0.2700080871582031,0.9108208585010296,0.905823485574364,0.942772812473155,0.0272849039587832,0.026988761718585,0.0086018080065488,0.1428477918411556,0.2787663233486109
0,100,20260813,1300,Matched HVGs,xgboost,Matched HVGs plus XGBoost,2.117130994796753,0.8720805059972245,0.9000638773554774,0.9271903466852962,0.0151697619021802,0.0150574655156044,0.0088548046510896,0.1516123050223447,0.2978343606087714
0,100,20260814,1300,scGPT embeddings,logreg,scGPT embeddings plus Logistic Regression,0.1300630569458007,0.8088362018096126,0.8160970935803258,0.8834632726379466,0.4322275020285608,0.4322275020285607,0.0711712088049497,0.4947633045026374,1.0790067832320194
0,100,20260814,1300,scGPT embeddings,xgboost,scGPT embeddings plus XGBoost,1.5777602195739746,0.8087814864690134,0.8436495262429469,0.9057289735934534,0.0508745476367019,0.049245322346766,0.0156875056747562,0.2363102943104304,0.4854252265230814
0,100,20260814,1300,Matched HVGs,logreg,Matched HVGs plus Logistic Regression,0.2371027469635009,0.9147197201917564,0.906664537421484,0.9432827543784884,0.0287876250414341,0.0279727789989289,0.0087153888748218,0.1437306329475476,0.2867616766432191
0,100,20260814,1300,Matched HVGs,xgboost,Matched HVGs plus XGBoost,2.1257174015045166,0.8696950172637157,0.8967316086447354,0.9301527227398408,0.0174439170116615,0.0166028690899904,0.0100188937178869,0.1558709440783518,0.3119123056500966
0,100,20260815,1300,scGPT embeddings,logreg,scGPT embeddings plus Logistic Regression,0.1208691596984863,0.8111027475954029,0.8117534334078569,0.881893505139214,0.428327678746618,0.4283276787466181,0.0710501133615631,0.4975596583618651,1.082263927523727
0,100,20260815,1300,scGPT embeddings,xgboost,scGPT embeddings plus XGBoost,1.6146299839019775,0.8080898631315149,0.833375918236985,0.8989854565523221,0.0628817769564526,0.0599375227945499,0.0170113666715468,0.252376799108725,0.516359221577808
0,100,20260815,1300,Matched HVGs,logreg,Matched HVGs plus Logistic Regression,0.2414102554321289,0.919252525210347,0.9111465985308208,0.9418750520258196,0.0274385858077088,0.0273764699942167,0.0073753281874574,0.1357420860269827,0.2688727662650939
0,100,20260815,1300,Matched HVGs,xgboost,Matched HVGs plus XGBoost,2.0702407360076904,0.878434428333606,0.8981688491429788,0.9279457901944486,0.0154048284475999,0.0148184987216046,0.0087790822945535,0.153944823940302,0.3028718203654528
0,250,20260811,3250,scGPT embeddings,logreg,scGPT embeddings plus Logistic Regression,0.2038121223449707,0.8432793789443677,0.8438092196316406,0.9029114249441836,0.3276803851508407,0.3276803851508407,0.0548263008784851,0.366310537344408,0.7830402639287622
0,250,20260811,3250,scGPT embeddings,xgboost,scGPT embeddings plus XGBoost,1.9722084999084477,0.8469661885469044,0.8627062706270627,0.92118762928383,0.0505140423770882,0.0491412209146791,0.0141806200357913,0.2110018785029333,0.4274736833847728
0,250,20260811,3250,Matched HVGs,logreg,Matched HVGs plus Logistic Regression,0.4233722686767578,0.91563196411626,0.910518471201959,0.9478980575249156,0.0457977645472823,0.0457977645472824,0.0093842631844847,0.1426929071585917,0.3154250346888442
0,250,20260811,3250,Matched HVGs,xgboost,Matched HVGs plus XGBoost,2.769930839538574,0.9058318605795044,0.913605876716704,0.944334272602672,0.0275901540688529,0.0260562584386132,0.0077680860038752,0.1327371456793617,0.2578748225469763
0,250,20260812,3250,scGPT embeddings,logreg,scGPT embeddings plus Logistic Regression,0.2046675682067871,0.8435412012724416,0.8402640264026403,0.9018171607715236,0.3232145132116901,0.3232145132116902,0.0547592003053005,0.366985225566974,0.7830791380746325
0,250,20260812,3250,scGPT embeddings,xgboost,scGPT embeddings plus XGBoost,2.022582769393921,0.8407537627700528,0.8596614500159694,0.9197716171823778,0.0541042075080118,0.0514394832549163,0.0144952596164174,0.2150473128973413,0.4355442668935631
0,250,20260812,3250,Matched HVGs,logreg,Matched HVGs plus Logistic Regression,0.393028974533081,0.91288151074562,0.9126477163845416,0.9479921912722976,0.0431039648832802,0.0430948328701403,0.008567505420289,0.1377547689447711,0.3040020927786551
0,250,20260812,3250,Matched HVGs,xgboost,Matched HVGs plus XGBoost,2.7091543674468994,0.8904650798197549,0.9099116363249228,0.943224513640304,0.028291029087702,0.02702637114149,0.0082187547329302,0.1376801083656955,0.2717948634488832
0,250,20260813,3250,scGPT embeddings,logreg,scGPT embeddings plus Logistic Regression,0.1874361038208007,0.8415657670003848,0.8432130309805174,0.901159822983819,0.3281904536735831,0.3281904536735832,0.0550143254045774,0.3681003451269468,0.7838090653141189
0,250,20260813,3250,scGPT embeddings,xgboost,scGPT embeddings plus XGBoost,2.0485799312591557,0.8465284124335393,0.864026402640264,0.9198002845787556,0.0517630191476445,0.0503851802702269,0.0130768140990562,0.2079026238024128,0.4162755953474414
0,250,20260813,3250,Matched HVGs,logreg,Matched HVGs plus Logistic Regression,0.4664390087127685,0.911447682400738,0.91074204194613,0.9496356285322892,0.044873480670281,0.0447541494769369,0.0092943881806753,0.1419629700183523,0.3181033401050338
0,250,20260813,3250,Matched HVGs,xgboost,Matched HVGs plus XGBoost,2.7786314487457275,0.902268689768608,0.9141914191419142,0.9458656796837844,0.0271379754034083,0.0258063011185943,0.0073068410948815,0.1320589333900289,0.2579011812558709
0,250,20260814,3250,scGPT embeddings,logreg,scGPT embeddings plus Logistic Regression,0.1893579959869384,0.8431488682605857,0.8383370595124029,0.8979239415416133,0.3133299376584633,0.3133299376584633,0.0534713949906028,0.3604801721281501,0.77243289496319
0,250,20260814,3250,scGPT embeddings,xgboost,scGPT embeddings plus XGBoost,1.990799903869629,0.8525711069924744,0.8631534121154051,0.9180725671320986,0.056241285594145,0.0537467506927722,0.0132085709236977,0.2108943666575234,0.4290954764584564
0,250,20260814,3250,Matched HVGs,logreg,Matched HVGs plus Logistic Regression,0.4089045524597168,0.9138707139866836,0.9124986692217608,0.9492121611285056,0.0441294556976394,0.0440813951510114,0.0089754208844553,0.1385357195607265,0.3078728271532959
0,250,20260814,3250,Matched HVGs,xgboost,Matched HVGs plus XGBoost,2.6467156410217285,0.8941404868872836,0.9095816033216224,0.9421939737363522,0.0294270196781104,0.0284392434989434,0.0081848128588175,0.1390030177685008,0.2730050820736183
0,250,20260815,3250,scGPT embeddings,logreg,scGPT embeddings plus Logistic Regression,0.1682467460632324,0.8420334576748428,0.838571276482487,0.8966479665571063,0.3162419359596788,0.316241935959679,0.0537009355558087,0.3638136678196087,0.7766230213256302
0,250,20260815,3250,scGPT embeddings,xgboost,scGPT embeddings plus XGBoost,1.999431848526001,0.8475474361414407,0.8603002235707442,0.9173635378655872,0.0587818962621634,0.0570467034586876,0.0137129491621883,0.215994804034071,0.4411208146054924
0,250,20260815,3250,Matched HVGs,logreg,Matched HVGs plus Logistic Regression,0.4066569805145263,0.9113159156034392,0.9104758862983072,0.948242186957705,0.0435518778231881,0.0435518778231882,0.0087789425495062,0.1402816140545859,0.3006568011212254
0,250,20260815,3250,Matched HVGs,xgboost,Matched HVGs plus XGBoost,2.719878435134888,0.8848019146669324,0.9120834664111572,0.94275032416457,0.0260472830547039,0.0253842687506997,0.0071201493719566,0.1345929728126943,0.2620859066245048
0,500,20260811,6500,scGPT embeddings,logreg,scGPT embeddings plus Logistic Regression,0.3196091651916504,0.8606156262879351,0.8611519216437773,0.9129436340757232,0.246479056511312,0.246479056511312,0.0419395838578985,0.2859172283628319,0.6096321718192512
0,500,20260811,6500,scGPT embeddings,xgboost,scGPT embeddings plus XGBoost,2.5235483646392822,0.8622755689565925,0.8774512935164485,0.9259661958512024,0.0531024718516845,0.0529383404530653,0.0115150892055295,0.1890056878401556,0.3787344502507618
0,500,20260811,6500,Matched HVGs,logreg,Matched HVGs plus Logistic Regression,1.100160837173462,0.913030558198182,0.9188118811881189,0.9512396090350518,0.0469332637296395,0.0468663860734854,0.0084831338646337,0.1310766707505966,0.3084600164647108
0,500,20260811,6500,Matched HVGs,xgboost,Matched HVGs plus XGBoost,3.4508066177368164,0.910678119159154,0.9232620036197168,0.9516776459092398,0.0294813046034946,0.028940354836166,0.0061382385675359,0.1198629554672285,0.234574289179087
0,500,20260812,6500,scGPT embeddings,logreg,scGPT embeddings plus Logistic Regression,0.3305590152740478,0.8614407819243015,0.8639731715106994,0.911983272217012,0.2509680621435255,0.2509680621435255,0.0423701238330124,0.2859485720312839,0.609943104352472
0,500,20260812,6500,scGPT embeddings,xgboost,scGPT embeddings plus XGBoost,2.5892457962036133,0.8668864970083787,0.8801447886724156,0.9273374456283788,0.052752848723725,0.0518783083190573,0.0114919437936194,0.186244164069644,0.3788422895145187
0,500,20260812,6500,Matched HVGs,logreg,Matched HVGs plus Logistic Regression,1.1495566368103027,0.912724863905832,0.9162674331949324,0.9512707203076116,0.0482580844990748,0.0482323285001415,0.0088877430563737,0.135149335027408,0.3179671723625815
0,500,20260812,6500,Matched HVGs,xgboost,Matched HVGs plus XGBoost,3.423462390899658,0.9063774062587404,0.9204833386564464,0.9497433026211488,0.0288247363924328,0.0282438527958816,0.0069047854365029,0.1230204833852776,0.2392074355941215
0,500,20260813,6500,scGPT embeddings,logreg,scGPT embeddings plus Logistic Regression,0.3212003707885742,0.858100625052152,0.8552752049398489,0.9128144657757028,0.2438074182360931,0.2438074182360931,0.042338577854079,0.292111071288346,0.6197830919863012
0,500,20260813,6500,scGPT embeddings,xgboost,scGPT embeddings plus XGBoost,2.7630984783172607,0.8644234513050362,0.8748323219418717,0.926616392909722,0.0543470175677401,0.0536624522627361,0.0121765338006884,0.1929363242720586,0.3888408881375325
0,500,20260813,6500,Matched HVGs,logreg,Matched HVGs plus Logistic Regression,1.8027362823486328,0.9113537361455892,0.9140104333013946,0.9492204840923234,0.0519499018744242,0.0519499018744243,0.0093522979392142,0.1397879487066946,0.3394936994488911
0,500,20260813,6500,Matched HVGs,xgboost,Matched HVGs plus XGBoost,3.902435302734375,0.910591250829218,0.9214734376663472,0.9514964723536526,0.0312908526628685,0.0310184799597956,0.0069135695677101,0.1232029041043504,0.2443274256035668
0,500,20260814,6500,scGPT embeddings,logreg,scGPT embeddings plus Logistic Regression,0.3327105045318603,0.8594747729216253,0.8550835728734164,0.910660120329963,0.2439286462548059,0.2439286462548059,0.0425304833027689,0.2917784938428806,0.6178965848963859
0,500,20260814,6500,scGPT embeddings,xgboost,scGPT embeddings plus XGBoost,2.920290470123291,0.8601230866712335,0.8738528691578835,0.9263494836925584,0.0527337410083756,0.0522860953218271,0.0121467671084127,0.1936879257803825,0.3844977941326538
0,500,20260814,6500,Matched HVGs,logreg,Matched HVGs plus Logistic Regression,1.4687156677246094,0.9135012340397328,0.9168316831683168,0.9506431113032264,0.0497712698941368,0.0497411546842736,0.0087687319022414,0.1352221517541504,0.3306167224815788
0,500,20260814,6500,Matched HVGs,xgboost,Matched HVGs plus XGBoost,3.941443681716919,0.9121586942782564,0.9234216970084104,0.9506689765146816,0.028979268825059,0.0287035167238025,0.0060301823028453,0.1186849343733129,0.2322308059036278
0,500,20260815,6500,scGPT embeddings,logreg,scGPT embeddings plus Logistic Regression,0.4696547985076904,0.8603382110101473,0.8562120728201853,0.9119785236911956,0.2436840406474146,0.2436840406474146,0.0424141532267635,0.2906009743712746,0.6162540640317797
0,500,20260815,6500,scGPT embeddings,xgboost,scGPT embeddings plus XGBoost,2.7739994525909424,0.8659092532799508,0.8759501756627276,0.9266839054012664,0.0547032834951905,0.0542809829967021,0.0120984334898582,0.1916358753115623,0.3921313385769374
0,500,20260815,6500,Matched HVGs,logreg,Matched HVGs plus Logistic Regression,1.1757533550262451,0.9163707075657236,0.9160970935803258,0.9521367429512976,0.0494087586258646,0.0494087708381949,0.0089887488289875,0.1359125715402554,0.3253689479589742
0,500,20260815,6500,Matched HVGs,xgboost,Matched HVGs plus XGBoost,3.4035274982452397,0.912015807217562,0.9244437346960502,0.9519873298568576,0.0253173070179318,0.0247694894770351,0.0060221479031011,0.116507280841238,0.2241719382708448
1,10,20260811,130,scGPT embeddings,logreg,scGPT embeddings plus Logistic Regression,0.4687058925628662,0.655963471364162,0.5921430506637767,0.8132169696344574,0.4620955225734338,0.4620955225734338,0.100803398369999,0.8359850554555385,2.115265953725099
1,10,20260811,130,scGPT embeddings,xgboost,scGPT embeddings plus XGBoost,1.442476749420166,0.6262442169433241,0.6589325386074235,0.7488857895145192,0.0597353995641878,0.0621797618376137,0.0343063823536226,0.4777435247028386,1.1073277208872665
1,10,20260811,130,Matched HVGs,logreg,Matched HVGs plus Logistic Regression,0.1467146873474121,0.8477984746118535,0.804215659712815,0.8921965553831526,0.0598853990885993,0.0598853990885993,0.0255693630048307,0.2834191093911337,0.5483518912917877
1,10,20260811,130,Matched HVGs,xgboost,Matched HVGs plus XGBoost,1.37762451171875,0.6234229459780892,0.6640043348685993,0.7660793347042661,0.0927506035266085,0.0923913451997189,0.0423091032352066,0.499102603104083,1.1598172178844908
1,10,20260812,130,scGPT embeddings,logreg,scGPT embeddings plus Logistic Regression,0.0731956958770752,0.6590387621066323,0.6534272554863181,0.8212067479976479,0.5254984177577363,0.5254984177577364,0.0988668758125316,0.835877741100459,2.110069742367643
1,10,20260812,130,scGPT embeddings,xgboost,scGPT embeddings plus XGBoost,0.9363954067230223,0.6682687791254719,0.6624979680303441,0.792496998774162,0.0629619242339359,0.0648338063017329,0.0415343794612414,0.4821260437163682,1.071846130718521
1,10,20260812,130,Matched HVGs,logreg,Matched HVGs plus Logistic Regression,0.1493546962738037,0.8252854649690717,0.7951991330262801,0.8848250569758717,0.0730301448475677,0.0730010448222455,0.0286427866483628,0.2962256973688149,0.5892226722555012
1,10,20260812,130,Matched HVGs,xgboost,Matched HVGs plus XGBoost,1.3421244621276855,0.5955213964918415,0.6632999187212137,0.7538098291219153,0.0665252066417265,0.0659719430086866,0.039735529117958,0.4875964191557136,1.0852864164008615
1,10,20260813,130,scGPT embeddings,logreg,scGPT embeddings plus Logistic Regression,0.0623013973236084,0.6938247341752398,0.6603522080736928,0.8260097542530793,0.530612706517137,0.530612706517137,0.1007195524586343,0.8326983721201335,2.0961623098876765
1,10,20260813,130,scGPT embeddings,xgboost,scGPT embeddings plus XGBoost,0.8794684410095215,0.6147317828676362,0.6589975616364129,0.7467079492385676,0.0698404378514692,0.069204976063007,0.0380067094641937,0.4863180076954561,1.0789997032667502
1,10,20260813,130,Matched HVGs,logreg,Matched HVGs plus Logistic Regression,0.1345834732055664,0.847906157955552,0.8180655648875643,0.8733051366458765,0.0551714030413599,0.0551714030413599,0.0229946938788873,0.2644917819752913,0.508528009813285
1,10,20260813,130,Matched HVGs,xgboost,Matched HVGs plus XGBoost,1.388843059539795,0.6216639111728809,0.6558005960444324,0.7670352920723466,0.1101575394337031,0.1095526336146051,0.0427570152089593,0.5117873079030734,1.15469370899208
1,10,20260814,130,scGPT embeddings,logreg,scGPT embeddings plus Logistic Regression,0.0643367767333984,0.6835256366704692,0.6603847195881875,0.8393230543891265,0.5319823475759499,0.5319823475759498,0.1029919119363686,0.8354046630153206,2.110444651627441
1,10,20260814,130,scGPT embeddings,xgboost,scGPT embeddings plus XGBoost,0.8930115699768066,0.641952958459897,0.7258845841235437,0.8013120619529631,0.0932984638075827,0.0929827236755892,0.0376189200629165,0.4207261247817898,0.982964638798635
1,10,20260814,130,Matched HVGs,logreg,Matched HVGs plus Logistic Regression,0.147796630859375,0.8677342426043757,0.8136439989162828,0.890585251351782,0.0593984357225481,0.0593984357225481,0.0270332104657016,0.2680782304282055,0.5180816773697522
1,10,20260814,130,Matched HVGs,xgboost,Matched HVGs plus XGBoost,1.279609441757202,0.5789885624320354,0.6645678677865077,0.7622168454774557,0.1497725145727042,0.1503764817843121,0.0445145086491432,0.5347213699464975,1.2234051617282076
1,10,20260815,130,scGPT embeddings,logreg,scGPT embeddings plus Logistic Regression,0.0618374347686767,0.6653460580312738,0.5973123814684368,0.8095789115658116,0.4650915325185389,0.4650915325185388,0.0964812387780328,0.8333802308694023,2.104602591095473
1,10,20260815,130,scGPT embeddings,xgboost,scGPT embeddings plus XGBoost,0.8729755878448486,0.5930046120937283,0.603944730425359,0.742613485318259,0.1250078549897398,0.1240742609154711,0.0457636737058372,0.5647717383963511,1.321089569974535
1,10,20260815,130,Matched HVGs,logreg,Matched HVGs plus Logistic Regression,0.1500163078308105,0.8529539767734572,0.8302248713085885,0.8855565467862909,0.071780200677837,0.0717802006778371,0.0226457371673451,0.2513959988319215,0.4986214770289954
1,10,20260815,130,Matched HVGs,xgboost,Matched HVGs plus XGBoost,1.3083407878875732,0.6514013520144553,0.7521863993497697,0.7960488886179561,0.1181124404482447,0.1186275862352242,0.0350037686391914,0.4010108280653721,0.911024267481961
1,25,20260811,325,scGPT embeddings,logreg,scGPT embeddings plus Logistic Regression,0.0876028537750244,0.7173306669723767,0.6720238417772961,0.8403612648211509,0.4722220366366745,0.4722220366366745,0.0937000487951058,0.7284750268448333,1.714808382802215
1,25,20260811,325,scGPT embeddings,xgboost,scGPT embeddings plus XGBoost,1.1074388027191162,0.7053893364437395,0.7573448929829315,0.8371138972241943,0.0513949452813957,0.0522188751473913,0.027058355014551,0.3532150114781615,0.7607956780025769
1,25,20260811,325,Matched HVGs,logreg,Matched HVGs plus Logistic Regression,0.1568109989166259,0.8894955857218233,0.8724681658087239,0.9148485365591996,0.012387283642529,0.012387283642529,0.0144396310259211,0.1879347942582989,0.3561362602133138
1,25,20260811,325,Matched HVGs,xgboost,Matched HVGs plus XGBoost,1.597665786743164,0.7634847207581219,0.8184448658900028,0.8582273566655941,0.028921055143949,0.0290426024310473,0.0206825092631251,0.2698331868185212,0.562471461971523
1,25,20260812,325,scGPT embeddings,logreg,scGPT embeddings plus Logistic Regression,0.0830445289611816,0.732637236853723,0.7091845028447575,0.8363837957621101,0.5046762793971072,0.5046762793971075,0.0900976622455784,0.7199888306334754,1.6864322097533544
1,25,20260812,325,scGPT embeddings,xgboost,scGPT embeddings plus XGBoost,1.1127691268920898,0.7194895767382897,0.7420536439989163,0.8420705124761729,0.0430083462144169,0.0424887719915948,0.0258102978643838,0.3667637783140038,0.805233908295931
1,25,20260812,325,Matched HVGs,logreg,Matched HVGs plus Logistic Regression,0.1772427558898925,0.8999585508506348,0.8865023028989434,0.9144404900333198,0.0178999096567838,0.017891597509399,0.0086693997349568,0.1674994223982549,0.3172698043706551
1,25,20260812,325,Matched HVGs,xgboost,Matched HVGs plus XGBoost,1.5951972007751465,0.8338636794620651,0.8349715524248171,0.8662148159702705,0.0233102600031194,0.023873897554193,0.0154521104427746,0.2479835479799555,0.5213896565191201
1,25,20260813,325,scGPT embeddings,logreg,scGPT embeddings plus Logistic Regression,0.0855662822723388,0.7378839814780659,0.712879978325657,0.854291620839346,0.5133892757195738,0.5133892757195739,0.093937271130854,0.7267059813177409,1.709620255439813
1,25,20260813,325,scGPT embeddings,xgboost,scGPT embeddings plus XGBoost,1.1533763408660889,0.7369702089357785,0.7498347331346519,0.8594119247966265,0.0678465866916051,0.0677373863527102,0.0301408756639671,0.3690777234882454,0.7852740998918303
1,25,20260813,325,Matched HVGs,logreg,Matched HVGs plus Logistic Regression,0.1671056747436523,0.8860666586955913,0.8740720671904633,0.9231295746712408,0.0187760887804022,0.0195468724359246,0.0146656794216678,0.1884080427554638,0.3649169266196347
1,25,20260813,325,Matched HVGs,xgboost,Matched HVGs plus XGBoost,1.6270475387573242,0.7837551991907122,0.8283608778108914,0.862188987167714,0.0371851451557553,0.0369741459627451,0.0171080905101185,0.265431863160172,0.5790711121496617
1,25,20260814,325,scGPT embeddings,logreg,scGPT embeddings plus Logistic Regression,0.0791079998016357,0.7492302051048687,0.7160986182606339,0.8544970824464866,0.5167089238431407,0.5167089238431407,0.0949849482079846,0.7278124299255,1.7126596240506224
1,25,20260814,325,scGPT embeddings,xgboost,scGPT embeddings plus XGBoost,1.1685664653778076,0.7539116129610368,0.768843131942563,0.8533646683686964,0.04592217058492,0.0458170752795508,0.0254711572849057,0.3342496555907099,0.7247070854472778
1,25,20260814,325,Matched HVGs,logreg,Matched HVGs plus Logistic Regression,0.1645455360412597,0.8866508584447187,0.8693253860742346,0.921698645981928,0.0173623027770727,0.017355098875514,0.0126480278710866,0.1919215822605041,0.3633431972633619
1,25,20260814,325,Matched HVGs,xgboost,Matched HVGs plus XGBoost,1.605354070663452,0.7675943731516066,0.8051584936331617,0.8640376259473217,0.0373472139066814,0.0378775310746321,0.0235881439196486,0.292749007332992,0.5930787971379189
1,25,20260815,325,scGPT embeddings,logreg,scGPT embeddings plus Logistic Regression,0.0889892578125,0.7443044004982985,0.755784340287185,0.8487841036642738,0.5532131463571397,0.5532131463571395,0.0918819200789019,0.7204305215270941,1.686791338289732
1,25,20260815,325,scGPT embeddings,xgboost,scGPT embeddings plus XGBoost,1.107421636581421,0.706085028635205,0.7601083717149824,0.8418830917229714,0.0587722293397421,0.0584613238672307,0.0252699658412742,0.3536390861482546,0.7579198685025298
1,25,20260815,325,Matched HVGs,logreg,Matched HVGs plus Logistic Regression,0.1599369049072265,0.8915637075124068,0.8624004334868599,0.9059587272947518,0.0068547279037366,0.0073319316174857,0.0131194879997893,0.1994259559891761,0.3693092746092968
1,25,20260815,325,Matched HVGs,xgboost,Matched HVGs plus XGBoost,1.5111091136932373,0.7364642898647792,0.7915903549173665,0.8409708052021931,0.0255666676724409,0.0266284758755612,0.021897580589573,0.302165826345701,0.5999464529223619
1,50,20260811,650,scGPT embeddings,logreg,scGPT embeddings plus Logistic Regression,0.1064560413360595,0.7971015406649985,0.7877756705499864,0.8764756473663385,0.5063121244380387,0.5063078924061508,0.0828203494044038,0.6135827974969448,1.373484180744478
1,50,20260811,650,scGPT embeddings,xgboost,scGPT embeddings plus XGBoost,1.3457648754119873,0.7740325556067895,0.7981360065023029,0.8828143921254035,0.0576890197475429,0.0578638120330518,0.0215590968105955,0.2975972091272881,0.6220903553233469
1,50,20260811,650,Matched HVGs,logreg,Matched HVGs plus Logistic Regression,0.2008068561553955,0.8938118956623529,0.8836521267949066,0.9284621868779448,0.0204888793656889,0.0184827190692903,0.0106182000163905,0.1724903290956957,0.3264064560216038
1,50,20260811,650,Matched HVGs,xgboost,Matched HVGs plus XGBoost,1.8530192375183103,0.8251377609061462,0.8522026551070171,0.8992272791916043,0.0187013666719691,0.0189080432367667,0.0149507981081489,0.2195924050138437,0.44895403688912
1,50,20260812,650,scGPT embeddings,logreg,scGPT embeddings plus Logistic Regression,0.0822303295135498,0.7867213661245637,0.7676293687347602,0.8655649703323116,0.4864291518328638,0.486429151832864,0.0837123384784362,0.6183988958696912,1.3863390993209737
1,50,20260812,650,scGPT embeddings,xgboost,scGPT embeddings plus XGBoost,1.3316845893859863,0.7764743536861254,0.8090273638580331,0.8801823601949571,0.0547233044535788,0.0551401550470556,0.0191291526660864,0.2832176021474059,0.5846973501434817
1,50,20260812,650,Matched HVGs,logreg,Matched HVGs plus Logistic Regression,0.2058019638061523,0.8880718594337585,0.8754050392847467,0.921328526976488,0.0221140292063353,0.021825549305328,0.0119707844248097,0.1853844410597049,0.3509295409769595
1,50,20260812,650,Matched HVGs,xgboost,Matched HVGs plus XGBoost,1.8827338218688965,0.817707778733522,0.8685884584123543,0.8991377291255014,0.0196297539159761,0.0192071059391309,0.0133839025080084,0.2023372993253451,0.410960497845168
1,50,20260813,650,scGPT embeddings,logreg,scGPT embeddings plus Logistic Regression,0.09615159034729,0.7747752134945068,0.7648658900027093,0.8637808328927873,0.4805621334262468,0.4805621334262469,0.0826313278041074,0.6135737281535224,1.377807076405412
1,50,20260813,650,scGPT embeddings,xgboost,scGPT embeddings plus XGBoost,1.2976956367492676,0.7685344571321733,0.8119100514765646,0.8873640066158882,0.0585372511947477,0.0567773812970276,0.020952728044342,0.2859406162850327,0.6175486420024696
1,50,20260813,650,Matched HVGs,logreg,Matched HVGs plus Logistic Regression,0.1820993423461914,0.9013682069712404,0.8946301815226226,0.9343951763137712,0.0127641008344027,0.0128748725350825,0.0105714279188727,0.1568631157687674,0.2999125682660385
1,50,20260813,650,Matched HVGs,xgboost,Matched HVGs plus XGBoost,1.876335620880127,0.8388617814156537,0.8657924681658087,0.907149662158898,0.0186633397734052,0.0186214596486744,0.0143458775512754,0.2025255371892275,0.4126508263486171
1,50,20260814,650,scGPT embeddings,logreg,scGPT embeddings plus Logistic Regression,0.0888824462890625,0.7979872893504439,0.7686805743700894,0.8700369196006309,0.4840187459316529,0.484016600605064,0.0820471827705904,0.6122217721013102,1.3701690287589374
1,50,20260814,650,scGPT embeddings,xgboost,scGPT embeddings plus XGBoost,1.3256175518035889,0.7817337317727675,0.800726090490382,0.8818606926358131,0.0607908667318054,0.0604283840417712,0.0210799857406429,0.2989736699686581,0.6295890434036271
1,50,20260814,650,Matched HVGs,logreg,Matched HVGs plus Logistic Regression,0.2056562900543213,0.901307083727612,0.8735952316445408,0.927325393558668,0.026738067350388,0.0254206413885304,0.0126633208526534,0.185742180587222,0.3476254426354911
1,50,20260814,650,Matched HVGs,xgboost,Matched HVGs plus XGBoost,1.913782358169556,0.8332542756339996,0.8414630181522622,0.8921917669688662,0.0275463879917726,0.0271151037925737,0.0165658721212606,0.2364190968096757,0.465653108951221
1,50,20260815,650,scGPT embeddings,logreg,scGPT embeddings plus Logistic Regression,0.0792417526245117,0.7833354606162111,0.767846112164725,0.8700316424368079,0.482729107353572,0.482729107353572,0.081464835983696,0.6123477617216995,1.3757380853177374
1,50,20260815,650,scGPT embeddings,xgboost,scGPT embeddings plus XGBoost,1.3696527481079102,0.7756754292675594,0.7960769439176375,0.8803399205115768,0.0673643471883546,0.0646972456196888,0.0205905673154853,0.3005601882822586,0.6288336110063784
1,50,20260815,650,Matched HVGs,logreg,Matched HVGs plus Logistic Regression,0.201556921005249,0.895384658763212,0.8733134651855866,0.9223427181110176,0.0263199054292575,0.0242866733451472,0.0119877460712405,0.1878268593855334,0.353665043725442
1,50,20260815,650,Matched HVGs,xgboost,Matched HVGs plus XGBoost,1.824831485748291,0.8211641832569911,0.8345489027363858,0.8918120844103186,0.028776614036705,0.0288975657395479,0.0163773169958136,0.2443979298580895,0.4842139200247355
1,100,20260811,1300,scGPT embeddings,logreg,scGPT embeddings plus Logistic Regression,0.121739387512207,0.8175408530509618,0.8133405581143321,0.8844164449891351,0.4304195226340549,0.4304173561084556,0.0713473321314099,0.4985651447420024,1.0819225404607324
1,100,20260811,1300,scGPT embeddings,xgboost,scGPT embeddings plus XGBoost,1.6563856601715088,0.8156599485918933,0.8465673259279328,0.9033345754720272,0.0486126536086529,0.0486548348301072,0.0145917407682972,0.2330602577777525,0.4785010310914997
1,100,20260811,1300,Matched HVGs,logreg,Matched HVGs plus Logistic Regression,0.2471981048583984,0.909155131844713,0.9014250880520184,0.940262202351962,0.03231342692345,0.0314941773843122,0.0093280874795433,0.1502628631382836,0.2965702837441334
1,100,20260811,1300,Matched HVGs,xgboost,Matched HVGs plus XGBoost,2.1701455116271973,0.868901870132532,0.8898184773774045,0.9254238810120156,0.0169249450365622,0.0169832938456856,0.0098263774719103,0.1664756332805969,0.3239634487004229
1,100,20260812,1300,scGPT embeddings,logreg,scGPT embeddings plus Logistic Regression,0.1088724136352539,0.8135565242936351,0.790972636141967,0.8829405267032917,0.4074409064720509,0.4074409064720508,0.0709299812355195,0.5020502665075331,1.088552804190756
1,100,20260812,1300,scGPT embeddings,xgboost,scGPT embeddings plus XGBoost,1.554804801940918,0.813273320785082,0.8269303711731238,0.9019937645208936,0.0594709910965795,0.0577469943587937,0.0185219343652949,0.2607558349479297,0.5351845058055373
1,100,20260812,1300,Matched HVGs,logreg,Matched HVGs plus Logistic Regression,0.2218565940856933,0.9097316680519912,0.9041777296125711,0.9407091641724976,0.0296074045680552,0.0295899837082131,0.0084771751519092,0.1448498476078545,0.2825884592697482
1,100,20260812,1300,Matched HVGs,xgboost,Matched HVGs plus XGBoost,2.0829203128814697,0.8552881827106357,0.8861663505824979,0.9202484968181892,0.0252808251259598,0.0249677956373291,0.0107785097649732,0.1733354354520644,0.3439147560015772
1,100,20260813,1300,scGPT embeddings,logreg,scGPT embeddings plus Logistic Regression,0.1050286293029785,0.8253572851150481,0.8174478461121647,0.8887299029954954,0.4331539462062738,0.4331539462062737,0.0725860894580111,0.4949506762168932,1.0788296122057288
1,100,20260813,1300,scGPT embeddings,xgboost,scGPT embeddings plus XGBoost,1.60538649559021,0.8194750620890253,0.8332917908425901,0.9000910290590246,0.0620398229442651,0.0616461988878431,0.0177390426549143,0.2559594383162362,0.5475514978005501
1,100,20260813,1300,Matched HVGs,logreg,Matched HVGs plus Logistic Regression,0.2394933700561523,0.9099003828783928,0.9028122460037932,0.9396474110600904,0.0280586306589719,0.0275575451025664,0.008814626136677,0.1465123505540468,0.285021100748092
1,100,20260813,1300,Matched HVGs,xgboost,Matched HVGs plus XGBoost,2.1233270168304443,0.8676164835686385,0.8908154971552424,0.9187515255649542,0.020915606011418,0.019811031793538,0.0093654407665086,0.1655206188964643,0.3299807250126229
1,100,20260814,1300,scGPT embeddings,logreg,scGPT embeddings plus Logistic Regression,0.1283109188079834,0.812374366118859,0.7991547006231373,0.8797749002919623,0.4135420097854243,0.4135420097854242,0.0701568388355491,0.4987016351287133,1.0830506814776326
1,100,20260814,1300,scGPT embeddings,xgboost,scGPT embeddings plus XGBoost,1.550734043121338,0.8182093595059678,0.8371173123814685,0.904307703608593,0.0524712740894933,0.0522539968312753,0.0171544458531025,0.2475066691755783,0.5138837263404686
1,100,20260814,1300,Matched HVGs,logreg,Matched HVGs plus Logistic Regression,0.2607600688934326,0.9059647089608146,0.8958547819019236,0.9354151535264884,0.032424933630407,0.0322807336061403,0.0095282403229699,0.1577769560525984,0.3089559730127873
1,100,20260814,1300,Matched HVGs,xgboost,Matched HVGs plus XGBoost,2.10842227935791,0.8610971761678434,0.8962124085613655,0.92370389472321,0.0217784121546384,0.0199162460943435,0.0085936120568232,0.1578365888727581,0.3135296905816669
1,100,20260815,1300,scGPT embeddings,logreg,scGPT embeddings plus Logistic Regression,0.1218709945678711,0.8194637607397127,0.8093308046599837,0.8799663070836232,0.4233668116180035,0.4233668116180034,0.0715403532651494,0.4963595767022248,1.0784805721778998
1,100,20260815,1300,scGPT embeddings,xgboost,scGPT embeddings plus XGBoost,1.7220942974090576,0.8157896219966106,0.836326198862097,0.9023285126947366,0.0537491459036715,0.0539772320314188,0.0173429070992747,0.2497478070585081,0.5169683862998797
1,100,20260815,1300,Matched HVGs,logreg,Matched HVGs plus Logistic Regression,0.2352848052978515,0.9137257182843784,0.9058249796803034,0.9405419114462512,0.0293998468068805,0.0291043586612568,0.0082469095385205,0.1435786401512122,0.2825334557401523
1,100,20260815,1300,Matched HVGs,xgboost,Matched HVGs plus XGBoost,2.1339688301086426,0.8735972025112393,0.8932646979138444,0.9253058725328742,0.0228836118249052,0.0214112113748442,0.0093073066438703,0.1620337017384113,0.3199196300133858
1,250,20260811,3250,scGPT embeddings,logreg,scGPT embeddings plus Logistic Regression,0.1742000579833984,0.8445673802649328,0.8310376591709564,0.8990163372456893,0.307473947705136,0.307473947705136,0.0543271373311229,0.3672956042533804,0.781676843066392
1,250,20260811,3250,scGPT embeddings,xgboost,scGPT embeddings plus XGBoost,2.012790441513061,0.8451888178819055,0.854196694662693,0.9154150610975282,0.0636577826035211,0.0620310646223816,0.0145907882187774,0.2256499542390155,0.4651036553743786
1,250,20260811,3250,Matched HVGs,logreg,Matched HVGs plus Logistic Regression,0.4439706802368164,0.9140218077237808,0.9112869141154158,0.9475124857209912,0.0430335880787979,0.043033588078798,0.0087565263833864,0.1400519293205716,0.2973149214776762
1,250,20260811,3250,Matched HVGs,xgboost,Matched HVGs plus XGBoost,2.699402332305908,0.8948868715998265,0.9075914386345164,0.937293597819968,0.0302793495307565,0.0296993072508406,0.0077852905316848,0.1421121517192258,0.2815109501779693
1,250,20260812,3250,scGPT embeddings,logreg,scGPT embeddings plus Logistic Regression,0.1766602993011474,0.8461191677400624,0.8362611758331076,0.9013206223516602,0.3185120655641327,0.3185120655641326,0.0551116130698408,0.3698702730589466,0.7869396673687078
1,250,20260812,3250,scGPT embeddings,xgboost,scGPT embeddings plus XGBoost,2.1288437843322754,0.8550686605291595,0.8600270929287456,0.919558161843211,0.0545592266776015,0.0525177518236531,0.0140942861123732,0.2154515138275385,0.4360264862440002
1,250,20260812,3250,Matched HVGs,logreg,Matched HVGs plus Logistic Regression,0.5012948513031006,0.9136934995275872,0.9086318070983472,0.9453992918040688,0.0453833440317239,0.0453833440317239,0.0093604611895004,0.1439281069281746,0.3118913719172191
1,250,20260812,3250,Matched HVGs,xgboost,Matched HVGs plus XGBoost,2.769331216812134,0.8974950762861188,0.908566784069358,0.9421065602278456,0.0289503154804176,0.0276712871191146,0.0084176212901282,0.1415984386542763,0.2789394887541974
1,250,20260813,3250,scGPT embeddings,logreg,scGPT embeddings plus Logistic Regression,0.2053041458129882,0.845841965389256,0.8368030344080195,0.8997356078282555,0.3143345825674722,0.3143345825674722,0.0541494476969779,0.3664878083767117,0.7802317774390135
1,250,20260813,3250,scGPT embeddings,xgboost,scGPT embeddings plus XGBoost,2.2247486114501958,0.8557931026107798,0.8639826605256028,0.9174356364209496,0.0543681074211616,0.052925744825391,0.0127954912316229,0.2090121115240729,0.4265651527789216
1,250,20260813,3250,Matched HVGs,logreg,Matched HVGs plus Logistic Regression,0.4756321907043457,0.9109882828579652,0.9089569222432944,0.9445092857066294,0.0450052590037526,0.0446109997930773,0.008577456342642,0.1442841548159396,0.3112247603820387
1,250,20260813,3250,Matched HVGs,xgboost,Matched HVGs plus XGBoost,2.8196301460266118,0.896933068808037,0.9082850176104036,0.9376476420027836,0.0273508027085407,0.0262034153688634,0.0072227559522199,0.1401500116694804,0.2702353090176661
1,250,20260814,3250,scGPT embeddings,logreg,scGPT embeddings plus Logistic Regression,0.1953907012939453,0.8468431334602319,0.8403034408019507,0.9007572733729576,0.322159085487862,0.322159085487862,0.0548875760284396,0.3685516171301012,0.784822989715278
1,250,20260814,3250,scGPT embeddings,xgboost,scGPT embeddings plus XGBoost,1.983160257339477,0.8467039031945626,0.8550203196965592,0.9156267823070356,0.0620642708830711,0.0605651470997271,0.0142292169746779,0.2239483758062613,0.4693767911234631
1,250,20260814,3250,Matched HVGs,logreg,Matched HVGs plus Logistic Regression,0.4075369834899902,0.9116642491157536,0.9057491194798156,0.944594548406021,0.0490687368586795,0.0488247817535979,0.0093502876094196,0.149726507307963,0.3330941299306651
1,250,20260814,3250,Matched HVGs,xgboost,Matched HVGs plus XGBoost,2.686643123626709,0.8946484460827102,0.9079924139799512,0.939851043735594,0.0298152199914789,0.0288826836850011,0.0077123128895915,0.1430613872031008,0.2821954153379558
1,250,20260815,3250,scGPT embeddings,logreg,scGPT embeddings plus Logistic Regression,0.1821122169494629,0.8498709030207681,0.8379517745868328,0.9019125176077644,0.3201839233312135,0.3201839233312134,0.0547294898866461,0.3680807106643967,0.7847558887898344
1,250,20260815,3250,scGPT embeddings,xgboost,scGPT embeddings plus XGBoost,2.038671493530273,0.8551421679110013,0.8610132755350853,0.9174088877427048,0.0558668230220692,0.053089217038573,0.0140004182336313,0.2137367088570101,0.4326365174418137
1,250,20260815,3250,Matched HVGs,logreg,Matched HVGs plus Logistic Regression,0.4708869457244873,0.916851837605072,0.9152424817122732,0.9492333640853702,0.0393559224574829,0.039355922457483,0.008104437226503,0.1329016018926585,0.2826301946062564
1,250,20260815,3250,Matched HVGs,xgboost,Matched HVGs plus XGBoost,2.760218620300293,0.8885364301608788,0.9058466540233,0.9385925596133968,0.030631565113822,0.0294570090728265,0.0080782759431521,0.1440439846688047,0.2783057341168302
1,500,20260811,6500,scGPT embeddings,logreg,scGPT embeddings plus Logistic Regression,0.2795765399932861,0.8585555088513767,0.8523001896505012,0.9112322630550852,0.2399376344973885,0.2399376344973885,0.042414721909662,0.2946757343897172,0.6233033600020493
1,500,20260811,6500,scGPT embeddings,xgboost,scGPT embeddings plus XGBoost,2.588111400604248,0.8676021176153269,0.8753400162557573,0.9251474059560542,0.0571789288120995,0.0567286148452588,0.0121380626466143,0.1946297511547106,0.4001763258336692
1,500,20260811,6500,Matched HVGs,logreg,Matched HVGs plus Logistic Regression,1.2230026721954346,0.9124718727023852,0.9119479815768085,0.948127701705312,0.0531637141291418,0.0531637141291419,0.0091081622283916,0.1427977910996819,0.3407645912450553
1,500,20260811,6500,Matched HVGs,xgboost,Matched HVGs plus XGBoost,3.39510440826416,0.9091373451782996,0.9207152533188838,0.9487732466531736,0.0281141522108176,0.0281029457387,0.0060254678259718,0.1224831509053998,0.2402745768515913
1,500,20260812,6500,scGPT embeddings,logreg,scGPT embeddings plus Logistic Regression,0.3082005977630615,0.8615075697403145,0.8522351666215118,0.9103899220794388,0.2353735053518298,0.2353735053518298,0.0421185927868634,0.292419845985016,0.6170614184136505
1,500,20260812,6500,scGPT embeddings,xgboost,scGPT embeddings plus XGBoost,2.5994765758514404,0.8682763308051695,0.8716662151178542,0.9260502664138078,0.0588887960441629,0.0581934721539074,0.012676799546788,0.2003901517103994,0.4127309641149729
1,500,20260812,6500,Matched HVGs,logreg,Matched HVGs plus Logistic Regression,1.0945062637329102,0.9158732924172196,0.9138661609319968,0.9514539949759212,0.0510733141703931,0.0510733141703932,0.0091525236979851,0.1397115934409339,0.3398608281156814
1,500,20260812,6500,Matched HVGs,xgboost,Matched HVGs plus XGBoost,3.4588184356689453,0.9071519379104996,0.916911406123002,0.9478892554166344,0.0328145238207656,0.032442101350235,0.0071407218699144,0.1289691151482089,0.2528001617581038
1,500,20260813,6500,scGPT embeddings,logreg,scGPT embeddings plus Logistic Regression,0.3429546356201172,0.8588305090155254,0.8510755892712002,0.9096773725559556,0.2372701216780167,0.2372701216780168,0.0422034897813934,0.2941337769918756,0.6209057260810754
1,500,20260813,6500,scGPT embeddings,xgboost,scGPT embeddings plus XGBoost,2.5847482681274414,0.8645050363338947,0.870929287455974,0.9226118596901224,0.0578847371973111,0.0572339628906791,0.0128186432636318,0.2001756126146174,0.4118238552215955
1,500,20260813,6500,Matched HVGs,logreg,Matched HVGs plus Logistic Regression,1.2623114585876465,0.9161682628831004,0.91310755892712,0.9495500190356032,0.0509743980117029,0.0509130892796282,0.0090589787661582,0.1413256716945337,0.3393242393257908
1,500,20260813,6500,Matched HVGs,xgboost,Matched HVGs plus XGBoost,3.377873182296753,0.9089480911694152,0.9197615822270389,0.9466873125977844,0.0290441722352005,0.0289581186390411,0.0062090674646588,0.1245247581772362,0.2435705453724208
1,500,20260814,6500,scGPT embeddings,logreg,scGPT embeddings plus Logistic Regression,0.3214409351348877,0.8574124129353986,0.8500785694933622,0.910329018537715,0.2365950070008898,0.2365950070008897,0.0426006743484243,0.2958529016257982,0.624299400747195
1,500,20260814,6500,scGPT embeddings,xgboost,scGPT embeddings plus XGBoost,2.603689432144165,0.8645797111183691,0.8689244107287998,0.9250278196614554,0.0612762909621571,0.060406138706516,0.0133303814605085,0.2042135138963886,0.4173659444365
1,500,20260814,6500,Matched HVGs,logreg,Matched HVGs plus Logistic Regression,1.1339027881622314,0.9071016168064476,0.9041994039555676,0.9466650667409636,0.0584546718276727,0.0583973150535731,0.010565446726032,0.1548817676866847,0.3805200963083232
1,500,20260814,6500,Matched HVGs,xgboost,Matched HVGs plus XGBoost,3.3607120513916016,0.8979523544473564,0.9104524519100516,0.944172956371725,0.0343462007216953,0.0342644148530811,0.0076595630272215,0.1380148861263805,0.271620155179151
1,500,20260815,6500,scGPT embeddings,logreg,scGPT embeddings plus Logistic Regression,0.344552993774414,0.8584815330676615,0.8517800054185858,0.9104635501813272,0.2424704516832224,0.2424704516832224,0.0428301776212619,0.2976668365621285,0.6295914853417393
1,500,20260815,6500,scGPT embeddings,xgboost,scGPT embeddings plus XGBoost,2.612589836120605,0.8644692525375809,0.8702790571660797,0.925135517496661,0.0567911798859629,0.0555621105825509,0.0132938266262798,0.2012738415701355,0.4126482791252864
1,500,20260815,6500,Matched HVGs,logreg,Matched HVGs plus Logistic Regression,1.1834497451782229,0.9082281619410244,0.909834733134652,0.9475600817837352,0.0543288076423114,0.0543288076423114,0.0096337893633521,0.1464314757194605,0.356913749559675
1,500,20260815,6500,Matched HVGs,xgboost,Matched HVGs plus XGBoost,3.510157346725464,0.9057889698218776,0.9162503386616092,0.9474928399741688,0.0321164608368783,0.0313582233564805,0.0068671509001108,0.1297185615235293,0.2530758293547187
2,10,20260811,130,scGPT embeddings,logreg,scGPT embeddings plus Logistic Regression,0.3559854030609131,0.6505489293639223,0.6090809721805478,0.8204446807811051,0.4824161163694352,0.4824161163694354,0.0996324169277343,0.8407444916485891,2.1315472081171944
2,10,20260811,130,scGPT embeddings,xgboost,scGPT embeddings plus XGBoost,1.2858326435089111,0.6162065748027843,0.6462450169317159,0.7570053882324781,0.041878430476556,0.0422329344713035,0.0381814628031442,0.4824134552452175,1.0801807547402098
2,10,20260811,130,Matched HVGs,logreg,Matched HVGs plus Logistic Regression,0.1293339729309082,0.8717773528354361,0.8392344292511467,0.8866333102225517,0.074530824150543,0.0745308241505429,0.0199836261811546,0.2427487285135268,0.4776808244174367
2,10,20260811,130,Matched HVGs,xgboost,Matched HVGs plus XGBoost,1.150688886642456,0.6684434197141021,0.7487461957220627,0.7337934423418451,0.087325237445593,0.0873252374455931,0.0321939871371963,0.3884163022667312,0.86295851099003
2,10,20260812,130,scGPT embeddings,logreg,scGPT embeddings plus Logistic Regression,0.0669257640838623,0.6832509826360436,0.6804513695400575,0.8302084622858756,0.5499209003613662,0.5499209003613662,0.1011692300489145,0.8318237338751399,2.0960454228562893
2,10,20260812,130,scGPT embeddings,xgboost,scGPT embeddings plus XGBoost,0.7865574359893799,0.591981709967727,0.6289918127652279,0.7426876726285788,0.0715633394789606,0.0726634178595935,0.0426246767440732,0.5239494052942616,1.2613768386674755
2,10,20260812,130,Matched HVGs,logreg,Matched HVGs plus Logistic Regression,0.1088240146636962,0.8778544261886144,0.8454820180890736,0.9019498027104512,0.0769219741228285,0.0769219741228285,0.0232001846064374,0.2325366098489129,0.4667255715943619
2,10,20260812,130,Matched HVGs,xgboost,Matched HVGs plus XGBoost,1.162785530090332,0.6402404454625393,0.6951112349436324,0.7877903248496836,0.0718916027254458,0.0723246295416468,0.0426687461629973,0.4553457988714733,1.0217103316714566
2,10,20260813,130,scGPT embeddings,logreg,scGPT embeddings plus Logistic Regression,0.0601632595062255,0.6820995242147992,0.7291675596896566,0.8411069000488205,0.6025186514403085,0.6025186514403085,0.1030722497339633,0.83680850732122,2.117354406004829
2,10,20260813,130,scGPT embeddings,xgboost,scGPT embeddings plus XGBoost,0.7864210605621338,0.5762374618980008,0.6473595096232158,0.7498643370056642,0.0580932856437454,0.058169147203672,0.040264616101168,0.4936469224655961,1.1643231731046833
2,10,20260813,130,Matched HVGs,logreg,Matched HVGs plus Logistic Regression,0.1126058101654052,0.8585153444142886,0.8301041622015517,0.8942118786251961,0.0664048651445671,0.0664048651445672,0.0218270192897076,0.2520513929386959,0.49393260303467
2,10,20260813,130,Matched HVGs,xgboost,Matched HVGs plus XGBoost,1.1971948146820068,0.63454194971497,0.6678490291054053,0.7675811571919824,0.0745404646822474,0.0756132254471887,0.0438999834206445,0.4846602582330707,1.0941338552928868
2,10,20260814,130,scGPT embeddings,logreg,scGPT embeddings plus Logistic Regression,0.0519471168518066,0.6628739860856119,0.6367932616057268,0.815892999773345,0.5069262861059555,0.5069262861059554,0.1008718777698751,0.8345770806311696,2.105581021574171
2,10,20260814,130,scGPT embeddings,xgboost,scGPT embeddings plus XGBoost,0.8006672859191895,0.5599668182641317,0.5882485318702044,0.7191667026154617,0.1013596270345116,0.1005008795785902,0.0465671756885455,0.5762798863023418,1.3481981367456983
2,10,20260814,130,Matched HVGs,logreg,Matched HVGs plus Logistic Regression,0.1148698329925537,0.8606611154753961,0.8194629002529041,0.8991803292805941,0.0651168011289916,0.0651168011289916,0.0233190398669493,0.2650669388774764,0.5247661802631379
2,10,20260814,130,Matched HVGs,xgboost,Matched HVGs plus XGBoost,1.195876121520996,0.6304712208004652,0.6895923528655322,0.7835556666407594,0.0814122472412527,0.0821362669115459,0.0440850926728126,0.4520379707356159,1.054727005791527
2,10,20260815,130,scGPT embeddings,logreg,scGPT embeddings plus Logistic Regression,0.0541920661926269,0.6612268049711544,0.6671417548973381,0.8178359034261887,0.5362694138685548,0.5362694138685548,0.0988259535051454,0.8314647194312055,2.0948441655683268
2,10,20260815,130,scGPT embeddings,xgboost,scGPT embeddings plus XGBoost,0.841315746307373,0.5979932579132088,0.6401903210596254,0.7268504656797897,0.0809083831220708,0.0808520915610395,0.0372424479130408,0.5110241234822039,1.153906531457799
2,10,20260815,130,Matched HVGs,logreg,Matched HVGs plus Logistic Regression,0.1186561584472656,0.8734284870150831,0.8333297612413734,0.8905865413417436,0.0656087675467767,0.0656087675467768,0.0218416784032978,0.2466037168068489,0.4748256148751272
2,10,20260815,130,Matched HVGs,xgboost,Matched HVGs plus XGBoost,1.1265926361083984,0.6293346777774521,0.6891422692785804,0.732023258675824,0.0769052054650397,0.0762793215841218,0.035154928525494,0.4605997222559299,1.0099291336916916
2,25,20260811,325,scGPT embeddings,logreg,scGPT embeddings plus Logistic Regression,0.0679373741149902,0.7247375112377049,0.7242166402331862,0.8580734781842624,0.5263612250215516,0.5263612250215515,0.0954621198262497,0.7288535812909488,1.7151681873895566
2,25,20260811,325,scGPT embeddings,xgboost,scGPT embeddings plus XGBoost,1.018510818481445,0.7197543287578042,0.7396480775001072,0.8311983601630794,0.0484600101117298,0.0482011226141504,0.0271576612342114,0.3702367049818922,0.7936172889524987
2,25,20260811,325,Matched HVGs,logreg,Matched HVGs plus Logistic Regression,0.1341304779052734,0.9000835519450194,0.8841677740151742,0.9180112356417408,0.0238800465060366,0.0238800465060366,0.0106602149510972,0.1730706210085247,0.3336213427893043
2,25,20260811,325,Matched HVGs,xgboost,Matched HVGs plus XGBoost,1.4588737487792969,0.8041660024307832,0.843971023190021,0.8571008569563385,0.0457181663921412,0.0457160831672439,0.0169342598201133,0.242493679618553,0.5063814566638408
2,25,20260812,325,scGPT embeddings,logreg,scGPT embeddings plus Logistic Regression,0.0673470497131347,0.7225480914877542,0.7080350636546787,0.8527801449907064,0.5095526275065875,0.5095526275065875,0.0952277011006506,0.7297369372397519,1.7175160612482618
2,25,20260812,325,scGPT embeddings,xgboost,scGPT embeddings plus XGBoost,1.033933401107788,0.7209557378143227,0.7723541514852759,0.8351340768873045,0.0482210287539669,0.0484861693014695,0.0233406780169701,0.334795431034394,0.7063833194698668
2,25,20260812,325,Matched HVGs,logreg,Matched HVGs plus Logistic Regression,0.1219944953918457,0.8961312003447994,0.8784131338677182,0.9143105043823372,0.0124861902632347,0.0132595296457791,0.0130442287593932,0.1810148168463391,0.3451670460253857
2,25,20260812,325,Matched HVGs,xgboost,Matched HVGs plus XGBoost,1.4235754013061523,0.7825577871253382,0.8100754425821939,0.8553474900252921,0.0233623558057928,0.0244389068207842,0.0212161921843007,0.2750889316499227,0.5516710855706873
2,25,20260813,325,scGPT embeddings,logreg,scGPT embeddings plus Logistic Regression,0.0732772350311279,0.7194535468192902,0.7026126280594968,0.8488452182669567,0.5062780903763643,0.5062780903763643,0.0959576777707782,0.7314740915358131,1.7215536780791054
2,25,20260813,325,scGPT embeddings,xgboost,scGPT embeddings plus XGBoost,1.0466210842132568,0.7189396627676086,0.7542436452484033,0.844449553053463,0.054506286877634,0.0547506099857045,0.0270197363549189,0.3591066993509911,0.7625519070502336
2,25,20260813,325,Matched HVGs,logreg,Matched HVGs plus Logistic Regression,0.126600980758667,0.8918966225336301,0.8699044108191522,0.9137129169138618,0.0123198426978144,0.0123410203081409,0.0134960827193783,0.1927248129047855,0.3681855693677625
2,25,20260813,325,Matched HVGs,xgboost,Matched HVGs plus XGBoost,1.327711582183838,0.7288722531551881,0.7997342363581808,0.8423472530924285,0.0231982912397883,0.0219349244324089,0.0214796437180703,0.2944589468551004,0.6649534548522825
2,25,20260814,325,scGPT embeddings,logreg,scGPT embeddings plus Logistic Regression,0.0669074058532714,0.7278934060141764,0.7468494148913369,0.8542786610340929,0.5478107223044987,0.5478107223044987,0.0934839168808188,0.7257925312211589,1.7102418583053027
2,25,20260814,325,scGPT embeddings,xgboost,scGPT embeddings plus XGBoost,1.0835633277893066,0.6820768911260947,0.7418234815037078,0.8375792930301671,0.0509287844086382,0.0527595997655131,0.0258141425051975,0.3717248015047247,0.8025929014637437
2,25,20260814,325,Matched HVGs,logreg,Matched HVGs plus Logistic Regression,0.1343090534210205,0.8876348214834734,0.8583094003172018,0.9141479659329318,0.0113130211699854,0.0110995139824762,0.0141425083337237,0.2068948616690081,0.38865559808589
2,25,20260814,325,Matched HVGs,xgboost,Matched HVGs plus XGBoost,1.3563337326049805,0.7603963400223649,0.7908290111020618,0.8604647090464391,0.0408024047766587,0.0405708013580501,0.0237730053286463,0.310478248250534,0.6391087071257925
2,25,20260815,325,scGPT embeddings,logreg,scGPT embeddings plus Logistic Regression,0.0724768638610839,0.728012629458558,0.7109606069698658,0.8505294100982117,0.5106910738217199,0.5106910738217197,0.0939316919266348,0.7253655241464592,1.70325120326611
2,25,20260815,325,scGPT embeddings,xgboost,scGPT embeddings plus XGBoost,1.0313258171081543,0.7287667006484768,0.7641240516095846,0.8396770528319727,0.0467191755286178,0.046557266174304,0.0244459009471514,0.3425983040063807,0.7203243215736037
2,25,20260815,325,Matched HVGs,logreg,Matched HVGs plus Logistic Regression,0.1349995136260986,0.8920315998138962,0.8715654335805221,0.916512774026356,0.0194207820641564,0.0196076094137344,0.0141475151709839,0.1903319800842106,0.3633694404282893
2,25,20260815,325,Matched HVGs,xgboost,Matched HVGs plus XGBoost,1.4453258514404297,0.7686483654103721,0.804974495263406,0.8546237693239185,0.0366442981006787,0.0367767186167301,0.0213250774046824,0.2926520938456486,0.6076285330779873
2,50,20260811,650,scGPT embeddings,logreg,scGPT embeddings plus Logistic Regression,0.0831928253173828,0.7651237205707363,0.7504179347593124,0.8611249136653742,0.4688078119436819,0.4688078119436819,0.0824258360941487,0.6187626435297868,1.3863191126043106
2,50,20260811,650,scGPT embeddings,xgboost,scGPT embeddings plus XGBoost,1.361220121383667,0.7662646129490713,0.7962835955248831,0.8701309939816864,0.0592297503991786,0.0588177756102164,0.0205210027841431,0.302575697410016,0.6128346314813504
2,50,20260811,650,Matched HVGs,logreg,Matched HVGs plus Logistic Regression,0.1855387687683105,0.9089135302416574,0.8906618371983368,0.9321427978026172,0.0160019863440228,0.0156197262593624,0.0096549580700975,0.1634867868687063,0.3127540627712443
2,50,20260811,650,Matched HVGs,xgboost,Matched HVGs plus XGBoost,1.7774267196655271,0.8383314790831753,0.8591881349393459,0.893055618287546,0.0224084539982546,0.0226006884009581,0.0140803347824286,0.2129379181973969,0.4434920344706177
2,50,20260812,650,scGPT embeddings,logreg,scGPT embeddings plus Logistic Regression,0.0800163745880127,0.764589825656095,0.7659243859573921,0.8712315346767935,0.4876622236918996,0.4876622236918997,0.0823069217149356,0.6223256640054292,1.3989951944335806
2,50,20260812,650,scGPT embeddings,xgboost,scGPT embeddings plus XGBoost,1.3196430206298828,0.7449647418689752,0.7904753739980283,0.8761457811718779,0.0550737651802137,0.0550614778595686,0.0203695041004389,0.3091179108796153,0.6435612487476197
2,50,20260812,650,Matched HVGs,logreg,Matched HVGs plus Logistic Regression,0.2129895687103271,0.908249489965503,0.8942946547215912,0.934730966144478,0.0137905170373543,0.0135078843843948,0.0094370330065793,0.1567943397533151,0.2970249105965977
2,50,20260812,650,Matched HVGs,xgboost,Matched HVGs plus XGBoost,1.7316126823425293,0.8430415619773173,0.8725727635132239,0.9023833327674012,0.0199595823556792,0.0193309423523465,0.0119528286099643,0.1955057192276996,0.4035881220203711
2,50,20260813,650,scGPT embeddings,logreg,scGPT embeddings plus Logistic Regression,0.0809168815612793,0.7782865478362595,0.7572549187706288,0.8696865471386425,0.4764610996074088,0.4764589737450928,0.0824507969627353,0.6195358051984962,1.387561451185379
2,50,20260813,650,scGPT embeddings,xgboost,scGPT embeddings plus XGBoost,1.188981294631958,0.7757350112237034,0.7927150756569077,0.8749937372397729,0.0578706990413916,0.0582468046217256,0.0215113965999235,0.3063417983423296,0.6393946419526763
2,50,20260813,650,Matched HVGs,logreg,Matched HVGs plus Logistic Regression,0.1832325458526611,0.9035324413299736,0.8914762741652021,0.928650306507392,0.0186547088835823,0.0164088249173675,0.0100283419454759,0.1612361837936725,0.3029261860734071
2,50,20260813,650,Matched HVGs,xgboost,Matched HVGs plus XGBoost,1.6923034191131592,0.8377378531699786,0.8611920785288697,0.8922995366892816,0.0287491421069229,0.0285339600517736,0.0126027377650103,0.2098014948329199,0.41863001741339
2,50,20260814,650,scGPT embeddings,logreg,scGPT embeddings plus Logistic Regression,0.0893588066101074,0.7722675520041682,0.787442667924043,0.8712645814284609,0.5085646282702311,0.508564628270231,0.0828438349971118,0.6188813261775632,1.387606587851837
2,50,20260814,650,scGPT embeddings,xgboost,scGPT embeddings plus XGBoost,1.2387418746948242,0.7735128364548586,0.8097432380299199,0.8805247717296981,0.0444796106910607,0.0449693497415821,0.018849363737173,0.2823764271838133,0.5856820452745202
2,50,20260814,650,Matched HVGs,logreg,Matched HVGs plus Logistic Regression,0.1511409282684326,0.9022874199986084,0.8940053152728363,0.9278136188149811,0.0151474713369154,0.0151393291320858,0.0092445784107646,0.1577025883788326,0.2987438457663863
2,50,20260814,650,Matched HVGs,xgboost,Matched HVGs plus XGBoost,1.636737823486328,0.8162702401173749,0.8645355566033692,0.8986371310446969,0.0194022197115098,0.0194515652739565,0.0137880313623535,0.204595247385268,0.4160737692406069
2,50,20260815,650,scGPT embeddings,logreg,scGPT embeddings plus Logistic Regression,0.0742545127868652,0.7751385360582976,0.7859209567491106,0.8728833580437259,0.5059453117415146,0.5059453117415146,0.0824787958840633,0.6159419210087999,1.381168979185054
2,50,20260815,650,scGPT embeddings,xgboost,scGPT embeddings plus XGBoost,1.221510648727417,0.7642847581834885,0.7969801534570706,0.8723213597958508,0.0529844451958308,0.0524641619507789,0.0200113573261028,0.3020006588305088,0.6289368555887155
2,50,20260815,650,Matched HVGs,logreg,Matched HVGs plus Logistic Regression,0.1569681167602539,0.9068102107900776,0.8925479017531828,0.93280464185757,0.0126120710586551,0.0123978732947056,0.0095079410227743,0.1600781382111487,0.3076006273683475
2,50,20260815,650,Matched HVGs,xgboost,Matched HVGs plus XGBoost,1.639491319656372,0.8356435140371331,0.8593060139740237,0.8973110457147986,0.0188230804385595,0.0190232189305723,0.013721721506304,0.2094525254140007,0.4263507163351615
2,100,20260811,1300,scGPT embeddings,logreg,scGPT embeddings plus Logistic Regression,0.1122181415557861,0.7907285919265306,0.7995520596682241,0.8808212582040156,0.421148355328847,0.4211483553288469,0.0714692821301545,0.5066178663151373,1.1048351249141002
2,100,20260811,1300,scGPT embeddings,xgboost,scGPT embeddings plus XGBoost,1.4867651462554932,0.7901989394204161,0.8241459128123795,0.8982391454636633,0.0532074363618442,0.0531819164617897,0.017782339702312,0.2627812734891641,0.5342207553203933
2,100,20260811,1300,Matched HVGs,logreg,Matched HVGs plus Logistic Regression,0.201761245727539,0.9044386466225076,0.8913048137511252,0.9399878912405883,0.0382568732991995,0.0382470123348737,0.0105598567954308,0.1660599251948292,0.3368397452481165
2,100,20260811,1300,Matched HVGs,xgboost,Matched HVGs plus XGBoost,2.058056592941284,0.8849106159695607,0.8944125337562691,0.9275290647772554,0.0202675660685026,0.0195446844815644,0.0103428239171478,0.1639722304687972,0.3280766200834568
2,100,20260812,1300,scGPT embeddings,logreg,scGPT embeddings plus Logistic Regression,0.1074531078338623,0.8037336854772877,0.8041600582965408,0.8854513799886046,0.4298169731732579,0.429816973173258,0.0720466556111197,0.5093379474309243,1.1064270407042427
2,100,20260812,1300,scGPT embeddings,xgboost,scGPT embeddings plus XGBoost,1.4963328838348389,0.7989743787198249,0.8218311972223413,0.8969850003397387,0.0527483858892965,0.0529122092832031,0.0181628641452586,0.2665358759413557,0.5373878938675086
2,100,20260812,1300,Matched HVGs,logreg,Matched HVGs plus Logistic Regression,0.1998467445373535,0.912617084334172,0.9045715632903254,0.9375497367620528,0.0280863454084955,0.0277236298086231,0.0078959904345661,0.1457433198672866,0.2885853736951246
2,100,20260812,1300,Matched HVGs,xgboost,Matched HVGs plus XGBoost,1.9786083698272705,0.8723831856439497,0.8956341892065669,0.9224582946078316,0.021179064464863,0.021645284473905,0.0084054537895743,0.1594974575066252,0.3159809198386963
2,100,20260813,1300,scGPT embeddings,logreg,scGPT embeddings plus Logistic Regression,0.0991797447204589,0.8029727754638407,0.7948476145569892,0.8799740934667449,0.4147286015250133,0.4147286015250133,0.0707328638718701,0.5055943612454246,1.0982534534893802
2,100,20260813,1300,scGPT embeddings,xgboost,scGPT embeddings plus XGBoost,1.529538631439209,0.7962143270719007,0.8212203694971923,0.8994510881541403,0.0535758025647326,0.0540944322311631,0.0182582307831146,0.2670281715981876,0.5363000277371932
2,100,20260813,1300,Matched HVGs,logreg,Matched HVGs plus Logistic Regression,0.1969525814056396,0.9102768000285948,0.902331861631446,0.9401412055981372,0.0281642719404117,0.0279132411833869,0.0085788033611694,0.1485840969945032,0.2924363635436581
2,100,20260813,1300,Matched HVGs,xgboost,Matched HVGs plus XGBoost,1.9234890937805176,0.8676697731112425,0.8804063611813623,0.9184068143220436,0.0329912194715274,0.0329457911536973,0.0117946298695231,0.183756583553675,0.3626706254954823
2,100,20260814,1300,scGPT embeddings,logreg,scGPT embeddings plus Logistic Regression,0.1035819053649902,0.8108651637540137,0.8114792747224484,0.8805072860210608,0.4300799809825658,0.4300799809825659,0.0708913458249967,0.5001269031224955,1.0881924605062745
2,100,20260814,1300,scGPT embeddings,xgboost,scGPT embeddings plus XGBoost,1.4675757884979248,0.8118611247166354,0.8301363110291912,0.8952727778284066,0.0576492829620743,0.0582444628549538,0.0150740720937584,0.2569281887062798,0.526285195392159
2,100,20260814,1300,Matched HVGs,logreg,Matched HVGs plus Logistic Regression,0.2031054496765136,0.9080108731071708,0.8989883835569463,0.9369734834655598,0.0342352974216267,0.0333659349355981,0.0088475524575414,0.1545078570930858,0.3072243380091283
2,100,20260814,1300,Matched HVGs,xgboost,Matched HVGs plus XGBoost,1.9847612380981443,0.8601674995422063,0.8862360152599769,0.9181940625497826,0.0262583948197887,0.0253218026703703,0.0102258203698056,0.1742346340216271,0.3499645835658084
2,100,20260815,1300,scGPT embeddings,logreg,scGPT embeddings plus Logistic Regression,0.0874695777893066,0.8060436217026213,0.8072892108534442,0.8846664718300821,0.4275011442511313,0.4275011442511313,0.0713545482551909,0.5025024459961664,1.0940825151995008
2,100,20260815,1300,scGPT embeddings,xgboost,scGPT embeddings plus XGBoost,1.530393123626709,0.798762322810349,0.8254854472973552,0.8962858760675473,0.0558178777155921,0.056185783849953,0.0168208005139838,0.2623484344319468,0.5343642007421732
2,100,20260815,1300,Matched HVGs,logreg,Matched HVGs plus Logistic Regression,0.2013804912567138,0.9167238280384948,0.9110227613699688,0.944833530106987,0.0229186953227112,0.0223923922087339,0.007167723199857,0.134784278096708,0.2637374056456736
2,100,20260815,1300,Matched HVGs,xgboost,Matched HVGs plus XGBoost,1.994591236114502,0.8687914444404109,0.8926014831325818,0.9240091129439268,0.0232922930002536,0.0219009251124088,0.0091985513983943,0.1637694747636503,0.3260914279303953
2,250,20260811,3250,scGPT embeddings,logreg,scGPT embeddings plus Logistic Regression,0.1413698196411132,0.838562701345563,0.832354580136311,0.900633089934005,0.3167110155047533,0.3167110155047533,0.0543811787867814,0.3724094063046135,0.7935946629807317
2,250,20260811,3250,scGPT embeddings,xgboost,scGPT embeddings plus XGBoost,1.9730682373046875,0.8422266947820402,0.8460606969865833,0.9115727524670564,0.062703657732009,0.0617869448089087,0.0152993696553251,0.2348445300869292,0.474474236327884
2,250,20260811,3250,Matched HVGs,logreg,Matched HVGs plus Logistic Regression,0.3276872634887695,0.9110594664475686,0.9078078786060269,0.9473170966852802,0.0434498796672386,0.0434079531469168,0.0090019467757632,0.1453904147990709,0.314787859912684
2,250,20260811,3250,Matched HVGs,xgboost,Matched HVGs plus XGBoost,2.554628610610962,0.897160334235517,0.9103369197136612,0.9406576210390478,0.0264120029898509,0.023656733304643,0.0076691921695184,0.1384696476487962,0.2684284301165492
2,250,20260812,3250,scGPT embeddings,logreg,scGPT embeddings plus Logistic Regression,0.1508669853210449,0.8335950059368018,0.835065797933902,0.8983193191793675,0.3224403777000243,0.3224403777000243,0.0541124465868887,0.3743118841300847,0.7987183094504663
2,250,20260812,3250,scGPT embeddings,xgboost,scGPT embeddings plus XGBoost,2.0318140983581543,0.8379059810920528,0.8594667581122208,0.913879965674628,0.0524811438082617,0.048737757348113,0.0131449732689145,0.214039719055591,0.4287120677330421
2,250,20260812,3250,Matched HVGs,logreg,Matched HVGs plus Logistic Regression,0.3901979923248291,0.9134055913025316,0.9088259248146084,0.9473549940594096,0.0454866905141626,0.0454687800483543,0.0092224098515254,0.1447794395427105,0.3215208754158685
2,250,20260812,3250,Matched HVGs,xgboost,Matched HVGs plus XGBoost,2.508368492126465,0.89346877266886,0.9124694586137424,0.9418097134540896,0.0267605680739355,0.0263782726772509,0.0067245683430198,0.1351343082720254,0.2654024056492061
2,250,20260813,3250,scGPT embeddings,logreg,scGPT embeddings plus Logistic Regression,0.1418852806091308,0.8400084948294302,0.8403596382185263,0.9016961290595586,0.3282935560052942,0.3282935560052941,0.0545195851682083,0.3717877404244348,0.7969838292628653
2,250,20260813,3250,scGPT embeddings,xgboost,scGPT embeddings plus XGBoost,1.940007209777832,0.8393279482746819,0.8574413819709374,0.9139990430217464,0.0541264189798888,0.0525955247214047,0.0130194671298059,0.2200933733252437,0.4473692649001907
2,250,20260813,3250,Matched HVGs,logreg,Matched HVGs plus Logistic Regression,0.3507933616638183,0.912279053983771,0.9077114321231086,0.9472996122173688,0.044174866643969,0.0441172129533472,0.0090556522300079,0.1462107284887278,0.3172628364907808
2,250,20260813,3250,Matched HVGs,xgboost,Matched HVGs plus XGBoost,2.4927549362182617,0.8989359382085591,0.9109691799905696,0.9410667863458452,0.0237623691767281,0.023095119303491,0.007304914567849,0.136104558908783,0.2646340493184645
2,250,20260814,3250,scGPT embeddings,logreg,scGPT embeddings plus Logistic Regression,0.1563489437103271,0.8295718801824273,0.8372090531098633,0.9010858189005198,0.3268468172576994,0.3268468172576994,0.0543221244575686,0.3735875110345522,0.8006169649193151
2,250,20260814,3250,scGPT embeddings,xgboost,scGPT embeddings plus XGBoost,2.00670862197876,0.8293318134992886,0.8585344421106776,0.9184256535275488,0.0500835071723134,0.0477230089600106,0.013802113487047,0.2167278332469941,0.441206412451224
2,250,20260814,3250,Matched HVGs,logreg,Matched HVGs plus Logistic Regression,0.3389813899993896,0.9180220032435016,0.9178597453812852,0.9488712978779772,0.0388697377336063,0.038670438607784,0.0078573186044757,0.1303832836895679,0.28812846112146
2,250,20260814,3250,Matched HVGs,xgboost,Matched HVGs plus XGBoost,2.478062391281128,0.8867029716306821,0.9069612928115222,0.9389154439939776,0.0304332001356691,0.0297114832939997,0.0078549694297188,0.1428775438814652,0.2834297511476296
2,250,20260815,3250,scGPT embeddings,logreg,scGPT embeddings plus Logistic Regression,0.1438751220703125,0.835649719544919,0.8345621329675511,0.8985102632367359,0.318413964321837,0.318413964321837,0.0537619416784973,0.3718703699292391,0.7918629156471683
2,250,20260815,3250,scGPT embeddings,xgboost,scGPT embeddings plus XGBoost,2.1372382640838623,0.8348996084478923,0.8528976809978996,0.9128075828787487,0.0578662818311827,0.0554277678313384,0.0140234085064649,0.2264299688248321,0.4578723967128432
2,250,20260815,3250,Matched HVGs,logreg,Matched HVGs plus Logistic Regression,0.3313243389129638,0.9076159293851987,0.9038535728063783,0.944601510862528,0.0485982180940819,0.048520294982766,0.0094369936330515,0.1519913259277056,0.3303596094244668
2,250,20260815,3250,Matched HVGs,xgboost,Matched HVGs plus XGBoost,2.526467084884644,0.8937014776973071,0.9082579621929788,0.9370227275010063,0.0268072721897829,0.0261412618926582,0.007179250684864,0.1390376743975345,0.2683582983667331
2,500,20260811,6500,scGPT embeddings,logreg,scGPT embeddings plus Logistic Regression,0.2917163372039795,0.8549633400638237,0.8551695314844185,0.9130656747028556,0.2505477428754595,0.2505477428754594,0.0425129494745245,0.2977712330840935,0.6313845787026416
2,500,20260811,6500,scGPT embeddings,xgboost,scGPT embeddings plus XGBoost,2.5135340690612797,0.8640968160209171,0.8725834797891037,0.9230438950810752,0.0526343941591327,0.0523202444623997,0.0113989916396076,0.1953632267173253,0.3894812037468785
2,500,20260811,6500,Matched HVGs,logreg,Matched HVGs plus Logistic Regression,0.9845688343048096,0.916206374243396,0.9170667409661796,0.950351035176456,0.047862121046791,0.0478206439813498,0.0086934147516348,0.1350767176525187,0.3237035239991941
2,500,20260811,6500,Matched HVGs,xgboost,Matched HVGs plus XGBoost,3.253587484359741,0.915512460558916,0.9246967293926016,0.9513582661137934,0.02492724220497,0.0244941520247391,0.0055456677181412,0.1166051698467485,0.2288001928863173
2,500,20260812,6500,scGPT embeddings,logreg,scGPT embeddings plus Logistic Regression,0.2164487838745117,0.8535810569749162,0.8497042307857173,0.9119401401728966,0.2449211304373056,0.2449211304373056,0.0426833570745927,0.300759507919154,0.6331712964123829
2,500,20260812,6500,scGPT embeddings,xgboost,scGPT embeddings plus XGBoost,2.513734579086304,0.8660116495960625,0.8701616014402674,0.9249095442426876,0.0525575791336793,0.0506329919422411,0.0122092103605757,0.2007198519278696,0.3963438824742866
2,500,20260812,6500,Matched HVGs,logreg,Matched HVGs plus Logistic Regression,0.9902641773223876,0.912659504024498,0.9108191521282524,0.9504984930314362,0.0526720831346814,0.0526488748510333,0.0095264479070027,0.1455635725087406,0.3514774600905383
2,500,20260812,6500,Matched HVGs,xgboost,Matched HVGs plus XGBoost,3.207869529724121,0.911928697983272,0.9227785160101162,0.948797037022268,0.0255851212229015,0.0249545925047804,0.0060548415200581,0.119261712004005,0.2309186645841576
2,500,20260813,6500,scGPT embeddings,logreg,scGPT embeddings plus Logistic Regression,0.2498457431793213,0.8513038531015833,0.8498542586480347,0.9114462796662236,0.2458994694338946,0.2458994694338946,0.0429058106691124,0.3010543557173984,0.6368546205313114
2,500,20260813,6500,scGPT embeddings,xgboost,scGPT embeddings plus XGBoost,2.6040024757385254,0.8579613825754234,0.8711474988212097,0.925153252588567,0.052026779336769,0.0503159952239368,0.0118567453264513,0.1994055583235278,0.4001186479343571
2,500,20260813,6500,Matched HVGs,logreg,Matched HVGs plus Logistic Regression,1.0782458782196045,0.9126529173319272,0.913498221098204,0.9495656440898318,0.0515101428228148,0.0515101428228147,0.0093287835509597,0.1415734903007791,0.3555673539977525
2,500,20260813,6500,Matched HVGs,xgboost,Matched HVGs plus XGBoost,3.3669233322143555,0.9132117213168292,0.923507222769943,0.9514758685823912,0.0283172131425064,0.0276971220299655,0.0059835149365747,0.1199082996609043,0.2392275422340859
2,500,20260814,6500,scGPT embeddings,logreg,scGPT embeddings plus Logistic Regression,0.2468848228454589,0.8527602517100465,0.8511830768571306,0.9111107576881832,0.2451184337617151,0.2451184337617151,0.0423306357694828,0.2991991675018189,0.6323581927647859
2,500,20260814,6500,scGPT embeddings,xgboost,scGPT embeddings plus XGBoost,2.483973741531372,0.8580802998078576,0.8701508851643877,0.9245354506100384,0.0538927108351742,0.0526113138178409,0.0121329272164219,0.2009245516091107,0.4040148387455654
2,500,20260814,6500,Matched HVGs,logreg,Matched HVGs plus Logistic Regression,0.9816172122955322,0.9121339030158948,0.9154592995842084,0.9519954036424776,0.0487885096979462,0.0487538046525351,0.0090751607090317,0.1376070520600559,0.3290227221078282
2,500,20260814,6500,Matched HVGs,xgboost,Matched HVGs plus XGBoost,3.2212932109832764,0.90574228027926,0.9208603026276307,0.9492913174078657,0.0271259377231276,0.0268097401006531,0.0062801350464926,0.1223977834494481,0.2385478131461325
2,500,20260815,6500,scGPT embeddings,logreg,scGPT embeddings plus Logistic Regression,0.2523934841156006,0.8538844556860663,0.8538621458270822,0.9102560343333598,0.2464669374260869,0.246466937426087,0.0424512668766093,0.2975551018343941,0.6280409988962496
2,500,20260815,6500,scGPT embeddings,xgboost,scGPT embeddings plus XGBoost,2.5650084018707275,0.8577256020174244,0.8728406704102191,0.9236137866468984,0.0518027737101671,0.051299411620796,0.011932422331845,0.196432419650261,0.3981476915008523
2,500,20260815,6500,Matched HVGs,logreg,Matched HVGs plus Logistic Regression,0.9812355041503906,0.91019774816738,0.9127587980624972,0.949963577193135,0.0503887002019599,0.0503318096522568,0.0092739849594577,0.1415926807949774,0.3356934040768299
2,500,20260815,6500,Matched HVGs,xgboost,Matched HVGs plus XGBoost,3.2427423000335693,0.9079941368382338,0.9197350936602512,0.9496406120068412,0.0306759582174063,0.0298311864053991,0.006584525507617,0.1257338766733867,0.2507112416962103
3,10,20260811,130,scGPT embeddings,logreg,scGPT embeddings plus Logistic Regression,0.3358383178710937,0.6788487581282345,0.6663778259179026,0.829507447250968,0.5367122352678384,0.5367122352678384,0.098703734546755,0.8339341791384655,2.104961801500305
3,10,20260811,130,scGPT embeddings,xgboost,scGPT embeddings plus XGBoost,1.1990129947662354,0.6794477339616999,0.7077375992890074,0.7970686498414985,0.0524698533412266,0.052580550636123,0.0377000913422291,0.4225545099243449,0.9909288461102916
3,10,20260811,130,Matched HVGs,logreg,Matched HVGs plus Logistic Regression,0.1774427890777588,0.8430462102997512,0.7967338776870522,0.8767372394138935,0.0444761856746714,0.0444643111604943,0.024676853455124,0.288948926606541,0.5482319820807766
3,10,20260811,130,Matched HVGs,xgboost,Matched HVGs plus XGBoost,1.1152262687683103,0.6120279026704906,0.6185524634783092,0.763806004979049,0.0322992173834958,0.0338820077491448,0.0430557696888032,0.5077863297080587,1.1879904357336937
3,10,20260812,130,scGPT embeddings,logreg,scGPT embeddings plus Logistic Regression,0.0577576160430908,0.6997617810338531,0.6798422485141365,0.8207521202403972,0.5491181063582979,0.5491181063582979,0.100953053845884,0.8300932079988872,2.0855448997105257
3,10,20260812,130,scGPT embeddings,xgboost,scGPT embeddings plus XGBoost,0.7117218971252441,0.6657326364656077,0.6834638671332556,0.7574416236834397,0.0723488153401683,0.073166266148002,0.0349067158218916,0.460224780254286,1.0239619101167212
3,10,20260812,130,Matched HVGs,logreg,Matched HVGs plus Logistic Regression,0.1127612590789794,0.8740114488081001,0.853035605176915,0.8851660968127557,0.0855667053376373,0.0855667053376374,0.0221572290185945,0.2266642645507011,0.4443400548039313
3,10,20260812,130,Matched HVGs,xgboost,Matched HVGs plus XGBoost,1.1093382835388184,0.7100233445471307,0.7811142587346553,0.7834497807139471,0.0816172000960622,0.0816172000960621,0.0285259093018123,0.3438375820447306,0.7961341325727199
3,10,20260813,130,scGPT embeddings,logreg,scGPT embeddings plus Logistic Regression,0.0598371028900146,0.7157542351723996,0.747186580014442,0.8262152535477706,0.6176594296349314,0.6176594296349314,0.1022323855855738,0.830981941693436,2.090214655707959
3,10,20260813,130,scGPT embeddings,xgboost,scGPT embeddings plus XGBoost,0.7757823467254639,0.629236748680335,0.7088596345053603,0.769951772697741,0.0297539176591779,0.029679433337348,0.0274599385507902,0.4137995390174138,0.9455187206480308
3,10,20260813,130,Matched HVGs,logreg,Matched HVGs plus Logistic Regression,0.125523567199707,0.8836019556506347,0.8616452813419986,0.9038410054037188,0.0851457485168397,0.0851457485168397,0.0194305235558471,0.2133760242150028,0.4249329362929321
3,10,20260813,130,Matched HVGs,xgboost,Matched HVGs plus XGBoost,1.1340603828430176,0.7216686515493934,0.7619618952396823,0.7900625804884924,0.1012806543783774,0.1039273576563904,0.0280548307814971,0.3741387770080356,0.8111119431723537
3,10,20260814,130,scGPT embeddings,logreg,scGPT embeddings plus Logistic Regression,0.055159568786621,0.7005685642232339,0.7092706771093706,0.8342793249921403,0.5787873440283541,0.5787873440283542,0.0996299351140632,0.8306030528416686,2.088165359329306
3,10,20260814,130,scGPT embeddings,xgboost,scGPT embeddings plus XGBoost,0.7461814880371094,0.6142190477771357,0.6668333055601844,0.7436777237203962,0.0507983974477044,0.0501832090354365,0.0388953445296148,0.4667937869909031,1.1011721714811946
3,10,20260814,130,Matched HVGs,logreg,Matched HVGs plus Logistic Regression,0.124680757522583,0.8365393966833085,0.8069988335277454,0.8828260940148367,0.0515904769635996,0.0515542099288178,0.0246009897197816,0.2782486642357292,0.5332719711461185
3,10,20260814,130,Matched HVGs,xgboost,Matched HVGs plus XGBoost,1.1108512878417969,0.6340391964250263,0.6085763483863801,0.7549856783231639,0.0646425336564357,0.0655664936998473,0.0457462460703668,0.5336126777282137,1.1850926954192618
3,10,20260815,130,scGPT embeddings,logreg,scGPT embeddings plus Logistic Regression,0.0512566566467285,0.7127234975190813,0.7143364994723101,0.8400346841025872,0.5845303029320076,0.5845303029320075,0.1000517868010696,0.8316814242688813,2.0919771517740244
3,10,20260815,130,scGPT embeddings,xgboost,scGPT embeddings plus XGBoost,0.7741637229919434,0.680172617602474,0.7301449758373605,0.7572233587223466,0.0690137752665628,0.0688609462263547,0.0343288206966054,0.4052001197375403,0.9083544471251692
3,10,20260815,130,Matched HVGs,logreg,Matched HVGs plus Logistic Regression,0.1237072944641113,0.8705916326706252,0.828184191523635,0.8892553285216006,0.0701069898141219,0.0701069898141219,0.022478096546136,0.2520566817681227,0.4879142064991363
3,10,20260815,130,Matched HVGs,xgboost,Matched HVGs plus XGBoost,1.1363403797149658,0.690374017780472,0.7146364494806421,0.7868566896228817,0.0790408391810888,0.0792517847778396,0.0335167935993718,0.4217776831125035,0.9259274006254916
3,25,20260811,325,scGPT embeddings,logreg,scGPT embeddings plus Logistic Regression,0.0710434913635253,0.7701347077591264,0.756729433983225,0.8622490379373399,0.5568676597592499,0.55686765975925,0.0946851635560765,0.7229971245148198,1.6936253057041033
3,25,20260811,325,scGPT embeddings,xgboost,scGPT embeddings plus XGBoost,0.9676780700683594,0.7629566358910602,0.7771260345497972,0.857064604943559,0.0363902685139129,0.0362746106614105,0.0230329827769223,0.3199481105935371,0.6791307928973254
3,25,20260811,325,Matched HVGs,logreg,Matched HVGs plus Logistic Regression,0.1592912673950195,0.896143351080841,0.8825529078486919,0.9229369046984808,0.0193219287325897,0.019320791278596,0.0135205749523879,0.1746475597159124,0.3329588299406721
3,25,20260811,325,Matched HVGs,xgboost,Matched HVGs plus XGBoost,1.3813374042510986,0.7948096102182168,0.8408265289118481,0.8741505968209107,0.0334659637943298,0.0344253792366967,0.0185262481795739,0.2450094819817645,0.5087165695441912
3,25,20260812,325,scGPT embeddings,logreg,scGPT embeddings plus Logistic Regression,0.068986177444458,0.7554052745372475,0.7358551352552353,0.8495823098001161,0.5359909554832378,0.535990955483238,0.094822240800787,0.72532848319664,1.7018075764245588
3,25,20260812,325,scGPT embeddings,xgboost,scGPT embeddings plus XGBoost,0.944922924041748,0.76682547696619,0.7959117924790313,0.861164247499587,0.0414675036865814,0.0414459072327157,0.0203293945144502,0.3032319334269922,0.6503776892916978
3,25,20260812,325,Matched HVGs,logreg,Matched HVGs plus Logistic Regression,0.1628170013427734,0.8929610724659705,0.8589235127478754,0.9138805159020748,0.0071291479407991,0.0072531576419655,0.0141537107850953,0.2043955292783522,0.3808314217793884
3,25,20260812,325,Matched HVGs,xgboost,Matched HVGs plus XGBoost,1.330235719680786,0.7939625224711118,0.8145864578125868,0.8575441346616933,0.0290536117746357,0.0287073733062781,0.0207854117429937,0.2787002247077644,0.5749670609817276
3,25,20260813,325,scGPT embeddings,logreg,scGPT embeddings plus Logistic Regression,0.0712382793426513,0.7634173168206334,0.7335333000055546,0.8603831668366089,0.5374150933240651,0.5374150933240651,0.096836807419267,0.7323200619104101,1.7234598794133982
3,25,20260813,325,scGPT embeddings,xgboost,scGPT embeddings plus XGBoost,0.9570446014404296,0.743317911629376,0.7726823307226574,0.8579553005200745,0.0524333430019346,0.0527707900006467,0.0242805376570632,0.3332662139284861,0.7127403321972158
3,25,20260813,325,Matched HVGs,logreg,Matched HVGs plus Logistic Regression,0.1413302421569824,0.8917430769306934,0.8673665500194412,0.9189762375598504,0.0104632280132802,0.0106144326698828,0.0140744778248879,0.1941242541346871,0.3679730011265792
3,25,20260813,325,Matched HVGs,xgboost,Matched HVGs plus XGBoost,1.360469102859497,0.7477290781498984,0.803921568627451,0.8618403078848593,0.0136521656744778,0.0137649417206682,0.0236466702544102,0.2837917384962575,0.6206520506500385
3,25,20260814,325,scGPT embeddings,logreg,scGPT embeddings plus Logistic Regression,0.072608470916748,0.7284637799840356,0.7080819863356107,0.8388473880851339,0.5089424719669269,0.5089424719669269,0.0947674823230783,0.7280104571818728,1.7156815962103469
3,25,20260814,325,scGPT embeddings,xgboost,scGPT embeddings plus XGBoost,1.000852346420288,0.7603192661410116,0.7881464200411042,0.8543018633664062,0.0415399843278645,0.0411580845680868,0.021502714824172,0.313176446020622,0.6535035575531247
3,25,20260814,325,Matched HVGs,logreg,Matched HVGs plus Logistic Regression,0.1447737216949463,0.8965043441067277,0.8771204799200133,0.9224726672489264,0.0145186950128989,0.0148713898155408,0.0111000215511173,0.1844032645196641,0.3514433639098197
3,25,20260814,325,Matched HVGs,xgboost,Matched HVGs plus XGBoost,1.3757061958312988,0.7864343042256843,0.8180192190190524,0.8693831638010617,0.0288608564855594,0.0292647249413971,0.0197031639415526,0.2740495471021965,0.5569013968746508
3,25,20260815,325,scGPT embeddings,logreg,scGPT embeddings plus Logistic Regression,0.0771887302398681,0.7235476369666376,0.6799644503693829,0.8449494858021771,0.4803015651521487,0.4803015651521487,0.0928957910308052,0.7282388630549145,1.7182345303094135
3,25,20260815,325,scGPT embeddings,xgboost,scGPT embeddings plus XGBoost,0.9652040004730223,0.7247001411675857,0.7161917458201411,0.8429590954780737,0.0634883047074946,0.0634760569964089,0.0312523682577586,0.4031783996337735,0.8844479953550697
3,25,20260815,325,Matched HVGs,logreg,Matched HVGs plus Logistic Regression,0.1548590660095214,0.8842558494286398,0.8634227628728546,0.9156984191572088,0.0093971538877851,0.0092525061460488,0.0154567880909278,0.2001340743168812,0.3805783395046344
3,25,20260815,325,Matched HVGs,xgboost,Matched HVGs plus XGBoost,1.3401389122009275,0.7673785011634984,0.8054990834860857,0.8601008545311664,0.0139706661894239,0.0142404812365564,0.0226820753162687,0.2809102371445539,0.5718068460757781
3,50,20260811,650,scGPT embeddings,logreg,scGPT embeddings plus Logistic Regression,0.0873422622680664,0.7935649047636149,0.7488862967283231,0.8642035074636348,0.4661275507324854,0.4661275507324855,0.0824524824367956,0.617295996177061,1.386987575652734
3,50,20260811,650,scGPT embeddings,xgboost,scGPT embeddings plus XGBoost,1.2037148475646973,0.7947508448960338,0.8073654390934845,0.8897281645146127,0.0548323377615696,0.0549652890051418,0.020424968619533,0.2886656754761708,0.5997620895009952
3,50,20260811,650,Matched HVGs,logreg,Matched HVGs plus Logistic Regression,0.189634084701538,0.9118328025280782,0.899783369438427,0.935492760766498,0.0123959137234746,0.0117940886015752,0.0091559700158492,0.1497989948917824,0.286613535563016
3,50,20260811,650,Matched HVGs,xgboost,Matched HVGs plus XGBoost,1.5695500373840332,0.8481540808120914,0.8780425484641449,0.9055703958517282,0.0148332114044257,0.0146691367316935,0.0112995094068496,0.1854036498699115,0.3755259075088953
3,50,20260812,650,scGPT embeddings,logreg,scGPT embeddings plus Logistic Regression,0.0813436508178711,0.7850850174480635,0.7794923068377493,0.866710049276083,0.4966870233666517,0.4966870233666517,0.0829733178316489,0.6131034008753594,1.373573858843063
3,50,20260812,650,scGPT embeddings,xgboost,scGPT embeddings plus XGBoost,1.1744399070739746,0.7922382729213457,0.808065322446259,0.8851118492951238,0.0540814220622335,0.0542547206642176,0.0193154450716754,0.2868986707863681,0.5746134091918261
3,50,20260812,650,Matched HVGs,logreg,Matched HVGs plus Logistic Regression,0.1878919601440429,0.9068294003064538,0.8934399822251847,0.9331832695805778,0.0141638811612326,0.0136539502757698,0.0102681622865936,0.1569849358884943,0.2941577912894721
3,50,20260812,650,Matched HVGs,xgboost,Matched HVGs plus XGBoost,1.6224524974822998,0.8269704031835741,0.8631450313836583,0.9071945116354014,0.0148054685993524,0.0145220250211891,0.0144089527961268,0.2041450723910953,0.4016393198674768
3,50,20260813,650,scGPT embeddings,logreg,scGPT embeddings plus Logistic Regression,0.0819237232208252,0.7910374027907002,0.7643614953063378,0.8654153666369171,0.4818033395111483,0.4818033395111483,0.0813931595267286,0.6168107164088004,1.3836141171253653
3,50,20260813,650,scGPT embeddings,xgboost,scGPT embeddings plus XGBoost,1.201205492019653,0.8192324186368753,0.8234849747264344,0.8813713762240523,0.052810498318718,0.0519625953868982,0.0163466494568683,0.2666899330637635,0.5376625557470901
3,50,20260813,650,Matched HVGs,logreg,Matched HVGs plus Logistic Regression,0.1881170272827148,0.910557540308191,0.8927178803532745,0.9322039712416929,0.0148446408492138,0.0154949977679692,0.0084304034534343,0.1603386333994877,0.3028240559156992
3,50,20260813,650,Matched HVGs,xgboost,Matched HVGs plus XGBoost,1.6049323081970217,0.8498407098664865,0.8797422651780259,0.9083595868264346,0.0138901676818049,0.0139297851813411,0.0098460855708718,0.1827748571332523,0.3685884599913377
3,50,20260814,650,scGPT embeddings,logreg,scGPT embeddings plus Logistic Regression,0.0808565616607666,0.8077137934606474,0.7989224018219185,0.8742966953824968,0.5132179162076664,0.5132157531436109,0.0819641247719823,0.6060496096377124,1.356933842841861
3,50,20260814,650,scGPT embeddings,xgboost,scGPT embeddings plus XGBoost,1.1205894947052002,0.7874771471144464,0.809620618785758,0.8924968930862082,0.055060064080198,0.0550110629174878,0.0208611168002277,0.2831951813138696,0.585882470155509
3,50,20260814,650,Matched HVGs,logreg,Matched HVGs plus Logistic Regression,0.1767187118530273,0.9134274873555914,0.900816530578237,0.9315566910938196,0.0150199924931725,0.0147012818954003,0.0085284294593969,0.1493595725540743,0.2852272559183035
3,50,20260814,650,Matched HVGs,xgboost,Matched HVGs plus XGBoost,1.592371940612793,0.8501378078288666,0.8675442981725268,0.9065904611445862,0.025883401680163,0.0258630705460447,0.0140456586465716,0.2049794959298481,0.4244122864031446
3,50,20260815,650,scGPT embeddings,logreg,scGPT embeddings plus Logistic Regression,0.0704302787780761,0.7743358689430621,0.7891684719213464,0.8741690903492282,0.5080303199951658,0.5080303199951659,0.0822660972845901,0.6140204410876337,1.3818027643567448
3,50,20260815,650,scGPT embeddings,xgboost,scGPT embeddings plus XGBoost,1.1611385345458984,0.779298157661748,0.8148419707826473,0.8832403397687406,0.0448987768295933,0.0451912279515846,0.0183377617807337,0.2760327277716093,0.5656241493553416
3,50,20260815,650,Matched HVGs,logreg,Matched HVGs plus Logistic Regression,0.1830589771270752,0.9165727686569256,0.9024940287729822,0.9337601382127592,0.01057400877177,0.0104873468163383,0.0081031271861589,0.1463112970830028,0.2791155787835351
3,50,20260815,650,Matched HVGs,xgboost,Matched HVGs plus XGBoost,1.5927348136901855,0.85572306001279,0.880842081875243,0.9090793194040953,0.0221063260881986,0.0222986814820004,0.0121757277808994,0.1844719430725507,0.3764517744135489
3,100,20260811,1300,scGPT embeddings,logreg,scGPT embeddings plus Logistic Regression,0.1056520938873291,0.8323769318797379,0.8275287452091318,0.8885664981618129,0.4451227447338917,0.4451227447338917,0.0712467345682733,0.4941840589498406,1.073525728323952
3,100,20260811,1300,scGPT embeddings,xgboost,scGPT embeddings plus XGBoost,1.391871452331543,0.8368419205081381,0.8463033938787979,0.9089696466766226,0.0485420295142024,0.0483185102404105,0.0145524708714854,0.2319007716900446,0.4622145125495304
3,100,20260811,1300,Matched HVGs,logreg,Matched HVGs plus Logistic Regression,0.2289347648620605,0.915836607915302,0.9069044048214188,0.9393974690779676,0.030721772644977,0.0302877227769892,0.0082683536483518,0.142704709030823,0.2817812005135002
3,100,20260811,1300,Matched HVGs,xgboost,Matched HVGs plus XGBoost,1.875338315963745,0.8643743787007997,0.8964394823085041,0.9274045813422804,0.0192951640457242,0.0191016778585881,0.0088717495932288,0.1579889440839811,0.3122542810877902
3,100,20260812,1300,scGPT embeddings,logreg,scGPT embeddings plus Logistic Regression,0.1017887592315673,0.8308894513904138,0.8192634560906515,0.8809871992996742,0.4300339373451846,0.4300339373451846,0.0710855673365758,0.4894054695392824,1.0645169225471371
3,100,20260812,1300,scGPT embeddings,xgboost,scGPT embeddings plus XGBoost,1.371666669845581,0.8305128861945511,0.8466477809254013,0.9062256486495316,0.0539563177419721,0.0516549240752412,0.0153440716190436,0.2337741437533687,0.4786520138054685
3,100,20260812,1300,Matched HVGs,logreg,Matched HVGs plus Logistic Regression,0.227501630783081,0.9169823091285104,0.9109370660445482,0.9410436665385964,0.0286949264875029,0.0283315048809095,0.0080149025949147,0.1365723918893606,0.2731578643602543
3,100,20260812,1300,Matched HVGs,xgboost,Matched HVGs plus XGBoost,1.929645299911499,0.8832601277395611,0.9032272399044604,0.9275028841046338,0.0231022658085128,0.0218902945662243,0.0088322488812861,0.1490276535464637,0.2996053595606053
3,100,20260813,1300,scGPT embeddings,logreg,scGPT embeddings plus Logistic Regression,0.1190640926361084,0.8201710618214904,0.8149197355996223,0.8763056065799012,0.4280368336678746,0.4280368336678747,0.0709737253348129,0.4939951547890709,1.072590557648481
3,100,20260813,1300,scGPT embeddings,xgboost,scGPT embeddings plus XGBoost,1.4020771980285645,0.8301238728811124,0.8507248791868022,0.9079588558457926,0.0465472442700752,0.0464037999876221,0.0142731122906582,0.2276006653194713,0.4612895003479516
3,100,20260813,1300,Matched HVGs,logreg,Matched HVGs plus Logistic Regression,0.2274794578552246,0.9174321236669692,0.9054379825584624,0.9369072624431116,0.0288796827838743,0.0287677171218578,0.0078128026421764,0.1434399349729956,0.2793318525286709
3,100,20260813,1300,Matched HVGs,xgboost,Matched HVGs plus XGBoost,1.9870996475219729,0.8760363147219287,0.8958284730322724,0.9280807982096456,0.0171349415880878,0.0163353724219963,0.0087902315808492,0.1566967591007743,0.3038476478470498
3,100,20260814,1300,scGPT embeddings,logreg,scGPT embeddings plus Logistic Regression,0.1010479927062988,0.8342070089820199,0.8119313447758707,0.8789699873585672,0.4199409980672322,0.4199409980672322,0.0702290400716171,0.4891032122653205,1.0622699212029811
3,100,20260814,1300,scGPT embeddings,xgboost,scGPT embeddings plus XGBoost,1.4046361446380615,0.8384249526318642,0.8513581069821696,0.905699516602696,0.0566651361413083,0.0548501995036467,0.0144441437325125,0.2294778121756365,0.4733807874911768
3,100,20260814,1300,Matched HVGs,logreg,Matched HVGs plus Logistic Regression,0.2299473285675048,0.9245730609003922,0.9190579347886464,0.9406934234251698,0.0238709895035264,0.0236167939188875,0.0060715056617738,0.1242968046439241,0.2427784364575018
3,100,20260814,1300,Matched HVGs,xgboost,Matched HVGs plus XGBoost,1.9048538208007808,0.8989382802228978,0.9090040548797422,0.9288262314776212,0.0146816860424325,0.0143967894191638,0.0068602665122529,0.1397287246140954,0.2797468876135168
3,100,20260815,1300,scGPT embeddings,logreg,scGPT embeddings plus Logistic Regression,0.1056399345397949,0.8232314059026364,0.8167638726878853,0.8829008424962365,0.4294155144748398,0.4294133003661786,0.0701542044302912,0.4911969160778773,1.0694884457786205
3,100,20260815,1300,scGPT embeddings,xgboost,scGPT embeddings plus XGBoost,1.3966639041900637,0.8311142196961488,0.8441037604843638,0.9035516039701412,0.0548779058846817,0.0537127984543612,0.0158863015606903,0.2375766305937679,0.4875757592278319
3,100,20260815,1300,Matched HVGs,logreg,Matched HVGs plus Logistic Regression,0.2294964790344238,0.9065810960536844,0.9013942120757652,0.9399555237860624,0.0318602376490548,0.0316141892022422,0.0097856770270972,0.150868866588534,0.2973061303177965
3,100,20260815,1300,Matched HVGs,xgboost,Matched HVGs plus XGBoost,1.8951263427734373,0.875837797482627,0.8928067544298173,0.9263560610918692,0.0218820993540307,0.0199666098438837,0.0097826578686581,0.1625802781629322,0.321921129997986
3,250,20260811,3250,scGPT embeddings,logreg,scGPT embeddings plus Logistic Regression,0.1614902019500732,0.8567574096513193,0.8440482141865244,0.89980943818224,0.3203317283132571,0.320331728313257,0.0545149300506797,0.3612659077677683,0.7691774844359742
3,250,20260811,3250,scGPT embeddings,xgboost,scGPT embeddings plus XGBoost,1.8711097240448,0.8607681960683597,0.8641115369660612,0.920031931028906,0.0557364510886296,0.0554809120257469,0.0134158773006285,0.208268133809259,0.4162407894283432
3,250,20260811,3250,Matched HVGs,logreg,Matched HVGs plus Logistic Regression,0.4078078269958496,0.9155125126540662,0.9143698272510136,0.948336909269374,0.0421634108002009,0.0420556844962207,0.0086849514338983,0.1365297925561492,0.305861716327824
3,250,20260811,3250,Matched HVGs,xgboost,Matched HVGs plus XGBoost,2.463132381439209,0.8995920869675929,0.9160806532244626,0.9457930393571888,0.0260182446414943,0.0250402194112766,0.0073863666830707,0.1296679078465934,0.2562780164679706
3,250,20260812,3250,scGPT embeddings,logreg,scGPT embeddings plus Logistic Regression,0.1606726646423339,0.8585862620368165,0.8497472643448314,0.9011562426094968,0.3241535010640815,0.3241535010640814,0.0537141520835905,0.356764494307851,0.7636176433828058
3,250,20260812,3250,scGPT embeddings,xgboost,scGPT embeddings plus XGBoost,1.828150749206543,0.867144179032893,0.8669110703771593,0.9221579885800344,0.0573583612362524,0.0558418775969972,0.0127541390510408,0.2067656543126662,0.4206707530371857
3,250,20260812,3250,Matched HVGs,logreg,Matched HVGs plus Logistic Regression,0.3574287891387939,0.9134031743746202,0.9096483919346776,0.9470250000907088,0.0448530443933418,0.0448247381705565,0.0093626018473101,0.142410611108067,0.3116194494454278
3,250,20260812,3250,Matched HVGs,xgboost,Matched HVGs plus XGBoost,2.5752110481262207,0.8938858603724877,0.9118591345886796,0.9424287302253572,0.0253641904785784,0.0242338377305474,0.0078059733853731,0.135507544663459,0.2657180539343388
3,250,20260813,3250,scGPT embeddings,logreg,scGPT embeddings plus Logistic Regression,0.1704254150390625,0.8588247130671497,0.8485030272732322,0.9052289962976184,0.3304946560124418,0.3304946560124419,0.0549266639819237,0.3637455574291269,0.7749569136685831
3,250,20260813,3250,scGPT embeddings,xgboost,scGPT embeddings plus XGBoost,1.9206690788269043,0.8657001253639751,0.8652224629228462,0.9234661882991488,0.0521243232623817,0.0507862387582481,0.0136030413589973,0.204947752535362,0.4037486955395445
3,250,20260813,3250,Matched HVGs,logreg,Matched HVGs plus Logistic Regression,0.4302544593811035,0.9123056720838252,0.9042270732655668,0.9439292545137162,0.0485882733520618,0.0485239574090838,0.0097217636764001,0.1510804824995635,0.3318788643451738
3,250,20260813,3250,Matched HVGs,xgboost,Matched HVGs plus XGBoost,2.507822275161743,0.9042560119746652,0.9136921624173748,0.9454174436850746,0.0240285074683035,0.0229822807128025,0.0074288572637441,0.1328197156978435,0.2596061981329814
3,250,20260814,3250,scGPT embeddings,logreg,scGPT embeddings plus Logistic Regression,0.1607081890106201,0.8578984710044218,0.8455146364494807,0.9025336355622874,0.325966708105942,0.325966708105942,0.0548762188917408,0.3625528357838952,0.7730580530193727
3,250,20260814,3250,scGPT embeddings,xgboost,scGPT embeddings plus XGBoost,1.941255569458008,0.8610888709764204,0.8642337388213076,0.9223331776720994,0.0547478034802562,0.0526159312502457,0.0140648400679952,0.2088092685663901,0.4169489664138161
3,250,20260814,3250,Matched HVGs,logreg,Matched HVGs plus Logistic Regression,0.3978772163391113,0.9197499273345368,0.9155807365439094,0.949327905307492,0.0418347469622253,0.0417432682366287,0.0085339173937761,0.1350357348821256,0.3003324059563524
3,250,20260814,3250,Matched HVGs,xgboost,Matched HVGs plus XGBoost,2.509982824325561,0.9014972580105274,0.9166583347219908,0.9435792022236223,0.0270499353465882,0.0264185765290467,0.0068517670847625,0.1291560250340638,0.2550869888042263
3,250,20260815,3250,scGPT embeddings,logreg,scGPT embeddings plus Logistic Regression,0.1827914714813232,0.8575378192420468,0.8430817086041216,0.8990481905718368,0.316518531938982,0.316518531938982,0.0539182816931635,0.3584706838938418,0.765387067535478
3,250,20260815,3250,scGPT embeddings,xgboost,scGPT embeddings plus XGBoost,1.843489646911621,0.8616202465859943,0.8640782091873577,0.922529276499888,0.0570313003841232,0.0558640925085779,0.0135466595760842,0.2086517940435099,0.4166210562784528
3,250,20260815,3250,Matched HVGs,logreg,Matched HVGs plus Logistic Regression,0.398545503616333,0.918580824381087,0.916413931011498,0.9479435007150094,0.0407446046893701,0.0405663002171212,0.0082413343955509,0.1322941847452093,0.2893098314112649
3,250,20260815,3250,Matched HVGs,xgboost,Matched HVGs plus XGBoost,2.4812259674072266,0.9010055314375202,0.9155696272843415,0.94432969940519,0.0270824724141712,0.0262146252109033,0.007141716909747,0.1301353286417552,0.255833601595489
3,500,20260811,6500,scGPT embeddings,logreg,scGPT embeddings plus Logistic Regression,0.2644469738006592,0.8714492298613495,0.8670666000111092,0.9138129625196126,0.2528820921924611,0.2528820921924611,0.0429208469380512,0.2834327961266532,0.6039505907223256
3,500,20260811,6500,scGPT embeddings,xgboost,scGPT embeddings plus XGBoost,2.4060723781585693,0.8781988168408823,0.8852524579236793,0.9334682039634608,0.0466793822390358,0.0463194563338156,0.0110696062598653,0.1771038609946386,0.3530065270423333
3,500,20260811,6500,Matched HVGs,logreg,Matched HVGs plus Logistic Regression,1.1750156879425049,0.917541784366603,0.9155585180247736,0.9525251770810924,0.0495417092615213,0.0495233114881105,0.0093230723252391,0.1373965135191898,0.3324351377256669
3,500,20260811,6500,Matched HVGs,xgboost,Matched HVGs plus XGBoost,3.146754264831543,0.9133684184447164,0.9243237238238072,0.9520873722975528,0.0274683382991467,0.0271338936197539,0.0062960385731388,0.1172979132907142,0.2294389723314088
3,500,20260812,6500,scGPT embeddings,logreg,scGPT embeddings plus Logistic Regression,0.2477514743804931,0.8755373150431057,0.8666666666666667,0.9141049492541218,0.2526102048075369,0.2526102048075369,0.042933182433852,0.2840407981507551,0.6046375198771117
3,500,20260812,6500,scGPT embeddings,xgboost,scGPT embeddings plus XGBoost,2.4239706993103027,0.8863239564807391,0.883652724545909,0.9308208973801608,0.0516680562172996,0.0509235314374755,0.0114515241299372,0.1808966496301231,0.3664380150112242
3,500,20260812,6500,Matched HVGs,logreg,Matched HVGs plus Logistic Regression,1.0076894760131836,0.9175187861301084,0.9173359995556296,0.9516598246460876,0.0501713987249804,0.050156505711982,0.0089571672565682,0.1351292683381509,0.3318963423500934
3,500,20260812,6500,Matched HVGs,xgboost,Matched HVGs plus XGBoost,3.171055316925049,0.9132813123639252,0.924545909015164,0.9526784318462964,0.0297064966822709,0.0295680944548706,0.0064790279984838,0.1170472532945894,0.2311644338036636
3,500,20260813,6500,scGPT embeddings,logreg,scGPT embeddings plus Logistic Regression,0.2437937259674072,0.8721231344721739,0.8609898350274954,0.9125857647793926,0.2420919473640772,0.2420919473640772,0.0418522165527131,0.2842237767786509,0.6023707266287416
3,500,20260813,6500,scGPT embeddings,xgboost,scGPT embeddings plus XGBoost,2.448577404022217,0.8777213576253866,0.8801533077820364,0.9301877284882129,0.0521627542819943,0.051621130394299,0.0116134900449587,0.1842834463941039,0.3704541628682924
3,500,20260813,6500,Matched HVGs,logreg,Matched HVGs plus Logistic Regression,1.1317293643951416,0.9228643544561752,0.9206909959451204,0.9535917475343552,0.0462349881661167,0.0461772827919341,0.0083518607255088,0.1285984437669954,0.3097280331280255
3,500,20260813,6500,Matched HVGs,xgboost,Matched HVGs plus XGBoost,3.1360726356506348,0.9184939710880792,0.9267233238904627,0.9531015526167428,0.0266306068254998,0.0263921904753887,0.0057209616531063,0.1139507346740052,0.2240665041799935
3,500,20260814,6500,scGPT embeddings,logreg,scGPT embeddings plus Logistic Regression,0.2712435722351074,0.8712821343110436,0.8645781258679109,0.9145623834138186,0.2428547011483013,0.2428547011483013,0.0419221508466179,0.2795722350178122,0.5964344914327944
3,500,20260814,6500,scGPT embeddings,xgboost,scGPT embeddings plus XGBoost,2.3929548263549805,0.8761262925141197,0.8811531411431428,0.9305039617180356,0.0532572001310124,0.0530280799656722,0.0115992343089982,0.1849241785319541,0.3770398146313017
3,500,20260814,6500,Matched HVGs,logreg,Matched HVGs plus Logistic Regression,1.2557649612426758,0.916235179107708,0.9169805032494583,0.9519067801142148,0.0481123251453478,0.0481123251453479,0.0088767989040425,0.1347295831658594,0.331352894570121
3,500,20260814,6500,Matched HVGs,xgboost,Matched HVGs plus XGBoost,3.0817995071411133,0.9152082543794804,0.924701438649114,0.9540185211849134,0.0272671022345599,0.0269752947114231,0.0063241200811636,0.1178468398384228,0.2335266729269239
3,500,20260815,6500,scGPT embeddings,logreg,scGPT embeddings plus Logistic Regression,0.3025000095367431,0.8747365867321159,0.8665111370327168,0.9163342575926656,0.2496366728003749,0.2496366728003749,0.0425536351605095,0.2819063223803969,0.6013613452385688
3,500,20260815,6500,scGPT embeddings,xgboost,scGPT embeddings plus XGBoost,2.419075965881348,0.8740270035116808,0.8802755096372826,0.9307469844737593,0.051300263917463,0.0507243626538815,0.0117158087725826,0.185141103637877,0.3732294870944252
3,500,20260815,6500,Matched HVGs,logreg,Matched HVGs plus Logistic Regression,1.0633301734924316,0.921613637676572,0.9206798866855525,0.955293008908724,0.0459768031654683,0.0459768031654682,0.0083834330862693,0.1278490109580858,0.3013527544090427
3,500,20260815,6500,Matched HVGs,xgboost,Matched HVGs plus XGBoost,3.0611371994018555,0.9144125462881056,0.9250124979170138,0.9537905833697736,0.0271206863171726,0.0266092678800332,0.0064317109290595,0.1161730920753188,0.226879263173113
4,10,20260811,130,scGPT embeddings,logreg,scGPT embeddings plus Logistic Regression,0.4516181945800781,0.6987548043800795,0.6845661527816818,0.8463442627998773,0.5562030955659989,0.556203095565999,0.1017850970680887,0.8341920502721186,2.10470385085922
4,10,20260811,130,scGPT embeddings,xgboost,scGPT embeddings plus XGBoost,1.4420902729034424,0.6300271045824761,0.6473329153062769,0.7391527326425451,0.0637146264400791,0.0628673003626374,0.0395615413849198,0.4943676432133184,1.1001571624793849
4,10,20260811,130,Matched HVGs,logreg,Matched HVGs plus Logistic Regression,0.1686279773712158,0.8630604189686224,0.8083526130294709,0.8884421736990736,0.0446593025703596,0.0446593025703596,0.0254935904764657,0.2759660230094963,0.5247088594992214
4,10,20260811,130,Matched HVGs,xgboost,Matched HVGs plus XGBoost,1.365977764129639,0.6786208975634496,0.698436722956172,0.7825388489779159,0.1033260469293712,0.1038216914594789,0.0385133271103023,0.4594145987730603,0.9816190743040736
4,10,20260812,130,scGPT embeddings,logreg,scGPT embeddings plus Logistic Regression,0.063974380493164,0.6618603053159559,0.6295055028216826,0.8173422495809504,0.4987679112917506,0.4987679112917504,0.0988926528437052,0.8324606284416127,2.097978839315215
4,10,20260812,130,scGPT embeddings,xgboost,scGPT embeddings plus XGBoost,0.8669552803039551,0.5941899546449821,0.6633656943933923,0.7429490523933648,0.0552395222628228,0.0561452428531956,0.0372670243433038,0.4700982979908156,1.0392289691427148
4,10,20260812,130,Matched HVGs,logreg,Matched HVGs plus Logistic Regression,0.1534562110900879,0.8686272894830643,0.8322450215139787,0.8943356945014208,0.0780438830468889,0.078043883046889,0.0235258600572997,0.251173807395235,0.4851744412251562
4,10,20260812,130,Matched HVGs,xgboost,Matched HVGs plus XGBoost,1.3565852642059326,0.6455608621973012,0.6932474215658717,0.7759055805184359,0.0531785087924822,0.0531785087924822,0.0342948327206487,0.4262763439096108,0.9446461907637598
4,10,20260813,130,scGPT embeddings,logreg,scGPT embeddings plus Logistic Regression,0.0628468990325927,0.6203380344289783,0.5671041536033211,0.8024006762798381,0.4369095106563675,0.4369095106563674,0.1008248313006123,0.8347866940555794,2.108771793800931
4,10,20260813,130,scGPT embeddings,xgboost,scGPT embeddings plus XGBoost,0.8867943286895752,0.6228223085313528,0.63675971372354,0.7438874594957914,0.0952296466475085,0.095833962326336,0.0425393289914338,0.509978220309231,1.096391258018081
4,10,20260813,130,Matched HVGs,logreg,Matched HVGs plus Logistic Regression,0.1477651596069336,0.8644717921160996,0.832266643603105,0.893327705171875,0.0643081866808295,0.0643081866808296,0.0230911100288959,0.2478888079107867,0.4910979359209335
4,10,20260813,130,Matched HVGs,xgboost,Matched HVGs plus XGBoost,1.3888139724731443,0.6701368410268199,0.7394322039395447,0.7967752169341205,0.0970571054502706,0.096290839110262,0.0366322918466243,0.3950645409228771,0.8880782145130482
4,10,20260814,130,scGPT embeddings,logreg,scGPT embeddings plus Logistic Regression,0.0661501884460449,0.7177505382624727,0.6868580942290644,0.8444441749637982,0.5555985809133468,0.5555985809133467,0.0987358828078522,0.8316982329678401,2.094361228539353
4,10,20260814,130,scGPT embeddings,xgboost,scGPT embeddings plus XGBoost,0.8980236053466797,0.6672551187122,0.7091504681182296,0.8149022722358343,0.0522392510104128,0.0532990886709572,0.036112072485571,0.4214384113838952,0.9568477731881492
4,10,20260814,130,Matched HVGs,logreg,Matched HVGs plus Logistic Regression,0.1429047584533691,0.8718043613178531,0.8365153841164134,0.8955332681290795,0.0641002779435377,0.0641002779435378,0.0221412698517064,0.2393735270786679,0.4684937738988077
4,10,20260814,130,Matched HVGs,xgboost,Matched HVGs plus XGBoost,1.3084397315979004,0.7227471967652825,0.754513611105105,0.8033491174513117,0.1123870324362843,0.1123870324362843,0.0383408414053761,0.3833902733762455,0.8792321996462851
4,10,20260815,130,scGPT embeddings,logreg,scGPT embeddings plus Logistic Regression,0.0685005187988281,0.6970370897486929,0.7053017362537568,0.8554004487875407,0.577808652648451,0.577808652648451,0.1015699013121496,0.8347169751152953,2.10539676351208
4,10,20260815,130,scGPT embeddings,xgboost,scGPT embeddings plus XGBoost,0.8668429851531982,0.66754817606663,0.7270211247810764,0.7894597071240532,0.051829273061535,0.051829273061535,0.0335330522045104,0.3974085628569959,0.9053065873040156
4,10,20260815,130,Matched HVGs,logreg,Matched HVGs plus Logistic Regression,0.1546881198883056,0.8703956840451775,0.8621051265973319,0.9054266794557264,0.0863039639201014,0.0863014100416793,0.0188622914923996,0.2139806850265767,0.4259467409430603
4,10,20260815,130,Matched HVGs,xgboost,Matched HVGs plus XGBoost,1.3376169204711914,0.6684115922394551,0.7470215572228589,0.7672845006996134,0.0822868380995023,0.083683894214207,0.0327874044796041,0.4004183417845738,0.90508081037861
4,25,20260811,325,scGPT embeddings,logreg,scGPT embeddings plus Logistic Regression,0.0863194465637207,0.7419650292765424,0.7347402105991481,0.8634067844048938,0.536513846077978,0.536513846077978,0.0961901272278168,0.728532111077242,1.716187644540913
4,25,20260811,325,scGPT embeddings,xgboost,scGPT embeddings plus XGBoost,1.1562821865081787,0.7257002115602206,0.782125018919328,0.8542283333267146,0.0448766651528065,0.0448373873397229,0.0222684759794626,0.3217646521511121,0.693457386222699
4,25,20260811,325,Matched HVGs,logreg,Matched HVGs plus Logistic Regression,0.1835668087005615,0.9010714130018334,0.885348872408052,0.9165781341697734,0.0145670196669968,0.0145670196669967,0.0094899688034681,0.1701551723261836,0.3173476212147569
4,25,20260811,325,Matched HVGs,xgboost,Matched HVGs plus XGBoost,1.5921835899353027,0.8186675141173705,0.8585158598023741,0.8815630901270324,0.0374441336199345,0.0374421162644154,0.0153749325525718,0.2147095459858466,0.4489684772339433
4,25,20260812,325,scGPT embeddings,logreg,scGPT embeddings plus Logistic Regression,0.0751576423645019,0.7476323822449424,0.7569893403100607,0.8644577595749976,0.5553601982412443,0.5553601982412443,0.0937950818383515,0.720063511581074,1.6873319027484237
4,25,20260812,325,scGPT embeddings,xgboost,scGPT embeddings plus XGBoost,1.2241604328155518,0.742837845036934,0.7934549936214838,0.8626735530313205,0.0403544685510861,0.0403840567984093,0.0212451416969135,0.3043601781042773,0.6439301547764593
4,25,20260812,325,Matched HVGs,logreg,Matched HVGs plus Logistic Regression,0.1887416839599609,0.8873198144731345,0.8810568877164912,0.9178286702341408,0.0146267491252526,0.0148796479454745,0.0142744212315202,0.1775049515219468,0.3370783271733488
4,25,20260812,325,Matched HVGs,xgboost,Matched HVGs plus XGBoost,1.5681509971618652,0.7907518073926849,0.8475102164371121,0.8780416181300732,0.0580144202948288,0.0589251080084407,0.0212858951197065,0.2433095854928135,0.533295358470665
4,25,20260813,325,scGPT embeddings,logreg,scGPT embeddings plus Logistic Regression,0.0893781185150146,0.7561615945194983,0.769659884538044,0.8624491798445624,0.56744438109634,0.56744438109634,0.0922764609739452,0.718379154787909,1.6833291912138924
4,25,20260813,325,scGPT embeddings,xgboost,scGPT embeddings plus XGBoost,1.1501579284667969,0.7493234597079215,0.759497502648706,0.8570843421917623,0.0466568071549296,0.0454876172631611,0.0260281619292452,0.3425327308050033,0.7605871580938082
4,25,20260813,325,Matched HVGs,logreg,Matched HVGs plus Logistic Regression,0.190718412399292,0.8947069654350356,0.8756513654349283,0.9149961344849272,0.0118225443961956,0.0115625744656512,0.0157596676173409,0.1840295561015753,0.3459241220498475
4,25,20260813,325,Matched HVGs,xgboost,Matched HVGs plus XGBoost,1.56549334526062,0.7698419784017727,0.8008173149689723,0.8575306424272369,0.0453248692187448,0.045785479178217,0.0263799117071241,0.2996748241631791,0.6087913938147317
4,25,20260814,325,scGPT embeddings,logreg,scGPT embeddings plus Logistic Regression,0.0860781669616699,0.7609879162301504,0.7737248372937793,0.8701922790014714,0.5731687684928052,0.5731687684928052,0.0933893394170286,0.7205274610902352,1.690931539741921
4,25,20260814,325,scGPT embeddings,xgboost,scGPT embeddings plus XGBoost,1.1198034286499023,0.7362871236727232,0.7661787281887176,0.8578152833960152,0.0452901711817747,0.0468648304869198,0.0263081713477273,0.3386485583355581,0.718266179771728
4,25,20260814,325,Matched HVGs,logreg,Matched HVGs plus Logistic Regression,0.1827809810638427,0.900982881985668,0.8808298557806655,0.9237406087102492,0.0158729160234664,0.0158685965215396,0.0120868931190182,0.1762625492012074,0.3300353829495024
4,25,20260814,325,Matched HVGs,xgboost,Matched HVGs plus XGBoost,1.5247111320495603,0.7891425633553635,0.8236178079526044,0.8586645498438131,0.0447738909847264,0.0447717422792481,0.0197702106924582,0.2629576118481719,0.5479958735050099
4,25,20260815,325,scGPT embeddings,logreg,scGPT embeddings plus Logistic Regression,0.0781121253967285,0.7427688720686706,0.7813466237107829,0.8644278061329727,0.5822663892040526,0.5822663892040526,0.0927267957214674,0.7236166525730222,1.7032671258305556
4,25,20260815,325,scGPT embeddings,xgboost,scGPT embeddings plus XGBoost,1.1471238136291504,0.7212190369997532,0.7623840515470605,0.8567368401652309,0.0429705610737745,0.0433957517320166,0.024829160256091,0.3446606001520694,0.7359450763735373
4,25,20260815,325,Matched HVGs,logreg,Matched HVGs plus Logistic Regression,0.1825213432312011,0.8972941072145205,0.8904084412635949,0.9260173768100696,0.0149419286503938,0.0149296880938457,0.0094925644601179,0.1636323646652104,0.3104219004106251
4,25,20260815,325,Matched HVGs,xgboost,Matched HVGs plus XGBoost,1.7237772941589355,0.765446102423001,0.8127202750329737,0.868900684735518,0.0244580291900273,0.0245839179267377,0.0204773042400031,0.2768677432755336,0.5756748762835174
4,50,20260811,650,scGPT embeddings,logreg,scGPT embeddings plus Logistic Regression,0.094428539276123,0.7901456394930466,0.7914333282881792,0.8803193282273966,0.5063963822124368,0.5063942388134722,0.0833888408690491,0.6086248321014252,1.3672099573381482
4,50,20260811,650,scGPT embeddings,xgboost,scGPT embeddings plus XGBoost,1.36680269241333,0.792856807475258,0.8174122683733702,0.8893637937276299,0.056306936173274,0.0549301068443617,0.0200876841923652,0.2768908933696011,0.5846501058599631
4,50,20260811,650,Matched HVGs,logreg,Matched HVGs plus Logistic Regression,0.2130517959594726,0.910601896846306,0.9014465177625464,0.9326262011473112,0.0125481551235791,0.0125534633775579,0.0089662715756551,0.1487540201760427,0.2832088121837119
4,50,20260811,650,Matched HVGs,xgboost,Matched HVGs plus XGBoost,1.910874843597412,0.8664062097382584,0.8885273195096111,0.909456014745056,0.0203246399955551,0.0211641903466423,0.0102836246929042,0.1724672316444171,0.3571292150068236
4,50,20260812,650,scGPT embeddings,logreg,scGPT embeddings plus Logistic Regression,0.0791916847229003,0.7824697132117008,0.8051092996605332,0.8849020360483302,0.5230873340637292,0.5230873340637294,0.0832639233472424,0.611371953265067,1.374271875665637
4,50,20260812,650,scGPT embeddings,xgboost,scGPT embeddings plus XGBoost,1.3475980758666992,0.7655197920337709,0.8101364353823867,0.889536962341626,0.0472062955851512,0.0465773568819675,0.0204332132283885,0.2818219476028697,0.5950861442943358
4,50,20260812,650,Matched HVGs,logreg,Matched HVGs plus Logistic Regression,0.1931269168853759,0.9023670642036448,0.8886462409998054,0.9334385140255608,0.0176643870855683,0.0172683310404213,0.0110202966953658,0.1661685372007656,0.3122713313802193
4,50,20260812,650,Matched HVGs,xgboost,Matched HVGs plus XGBoost,1.722647190093994,0.8305429294116127,0.8699647559947242,0.9004247429110535,0.0198964188317078,0.0204228835788728,0.0123402670369901,0.1969562364317931,0.3914542522460728
4,50,20260813,650,scGPT embeddings,logreg,scGPT embeddings plus Logistic Regression,0.0807297229766845,0.7869960786142567,0.7839088412722437,0.873986024031249,0.5003368035818675,0.5003368035818676,0.0821836392550767,0.6104845037405563,1.3706643439533457
4,50,20260813,650,scGPT embeddings,xgboost,scGPT embeddings plus XGBoost,1.3623712062835691,0.7649154716565602,0.8026335704555774,0.8874147084131881,0.0524678218294136,0.0521408049502043,0.0206363607511465,0.2940126508513916,0.6027204468208559
4,50,20260813,650,Matched HVGs,logreg,Matched HVGs plus Logistic Regression,0.2112250328063964,0.9024982686095592,0.8954788211637008,0.9376098743866752,0.0137947183254752,0.0132975813234748,0.0099759461921598,0.1561868107562506,0.297893072638471
4,50,20260813,650,Matched HVGs,xgboost,Matched HVGs plus XGBoost,1.863422155380249,0.8055889838602617,0.8559752643300396,0.8923913216366917,0.0248261483072161,0.0249895009650175,0.0142257419412259,0.2163186834787288,0.4204847282775304
4,50,20260814,650,scGPT embeddings,logreg,scGPT embeddings plus Logistic Regression,0.0952463150024414,0.7853053600596825,0.768276070833964,0.8749851698092477,0.4872375613789919,0.4872375613789919,0.0826875304149729,0.615194794353849,1.382142618016618
4,50,20260814,650,scGPT embeddings,xgboost,scGPT embeddings plus XGBoost,1.3591103553771973,0.8009724732523971,0.8216826309758049,0.8904584533697153,0.0451348020117698,0.0451583965826732,0.0187415438039709,0.2663002020500781,0.5517150594722916
4,50,20260814,650,Matched HVGs,logreg,Matched HVGs plus Logistic Regression,0.2185292243957519,0.903908769909916,0.888181366083591,0.9287251801129704,0.0185907048231184,0.0182587461588309,0.0103111908827094,0.1675077060978623,0.3151571747571581
4,50,20260814,650,Matched HVGs,xgboost,Matched HVGs plus XGBoost,1.930694341659546,0.8176478685328108,0.853261692144695,0.8936067235971683,0.0271117901713653,0.027115949473595,0.0144131546413271,0.2220970601934514,0.4328446114223228
4,50,20260815,650,scGPT embeddings,logreg,scGPT embeddings plus Logistic Regression,0.0944721698760986,0.7883622151571467,0.7796168565806828,0.8748972767935507,0.4962095113647998,0.4962095113647999,0.0828351689093259,0.611510680705003,1.369825163956876
4,50,20260815,650,scGPT embeddings,xgboost,scGPT embeddings plus XGBoost,1.33497953414917,0.8020088162754894,0.8130229842807412,0.8843822915016718,0.0530912130833496,0.0539647350642809,0.0179277508030663,0.2795406749648518,0.567544422442842
4,50,20260815,650,Matched HVGs,logreg,Matched HVGs plus Logistic Regression,0.2025065422058105,0.90254060994634,0.8992626867607948,0.9297225744718484,0.0137271676364108,0.0142664510249274,0.0099439995955098,0.1513511594990566,0.2886481961029843
4,50,20260815,650,Matched HVGs,xgboost,Matched HVGs plus XGBoost,1.875652551651001,0.8342788678658888,0.8763000281087159,0.9032295900863646,0.0179499585459006,0.0175864416301433,0.0123123686458921,0.1889103288081153,0.3860663824974729
4,100,20260811,1300,scGPT embeddings,logreg,scGPT embeddings plus Logistic Regression,0.132298469543457,0.8246791105011886,0.8265584120737746,0.8976517207191915,0.4435871051637773,0.4435871051637773,0.0714910136183899,0.4927544630737976,1.0748942189253623
4,100,20260811,1300,scGPT embeddings,xgboost,scGPT embeddings plus XGBoost,1.6133310794830322,0.8103961305449825,0.8394019330147678,0.909050224593124,0.0542503429163122,0.0536232738115367,0.0153229882660125,0.2427343528404801,0.4945198333464349
4,100,20260811,1300,Matched HVGs,logreg,Matched HVGs plus Logistic Regression,0.2555289268493652,0.9129770210924716,0.9087223507535298,0.9446600280654172,0.0258178153802925,0.0257860733168735,0.0083563656877257,0.1387999131523789,0.2708641028687226
4,100,20260811,1300,Matched HVGs,xgboost,Matched HVGs plus XGBoost,2.1291146278381348,0.8746409788170855,0.896959934268849,0.9290055350864288,0.0137937147029421,0.0128032066707649,0.0092061434752682,0.1551047063117352,0.302084150696925
4,100,20260812,1300,scGPT embeddings,logreg,scGPT embeddings plus Logistic Regression,0.1313343048095703,0.83359300235445,0.8349585936993232,0.8968073139059922,0.4495578917161327,0.4495578917161326,0.0724592759726174,0.4893275012919074,1.0679633213488884
4,100,20260812,1300,scGPT embeddings,xgboost,scGPT embeddings plus XGBoost,1.6846580505371094,0.8228709341594237,0.8533265584120737,0.9099029691640912,0.0454610221057878,0.0452926913413622,0.0138443321693017,0.2236531453114438,0.4596042135046955
4,100,20260812,1300,Matched HVGs,logreg,Matched HVGs plus Logistic Regression,0.2383279800415039,0.9156159454555184,0.9136089428960626,0.9461933439553026,0.0246359917772775,0.0242249693255707,0.0074846370112506,0.1318454447573097,0.258291669831912
4,100,20260812,1300,Matched HVGs,xgboost,Matched HVGs plus XGBoost,2.138372898101806,0.8679862807184217,0.899024843780406,0.9269401380586688,0.0168586898939374,0.0169514838849211,0.0089224841497373,0.154666858248805,0.3101445008033786
4,100,20260813,1300,scGPT embeddings,logreg,scGPT embeddings plus Logistic Regression,0.1304500102996826,0.8325223711321166,0.8330017946333975,0.8983577066518793,0.4477420228543364,0.4477420228543365,0.0719267222387003,0.4896675916169879,1.0688889846491942
4,100,20260813,1300,scGPT embeddings,xgboost,scGPT embeddings plus XGBoost,1.547072172164917,0.8293252314357964,0.850504875781098,0.9129752897904932,0.0470827226986981,0.0470570268804052,0.0149065180845787,0.2284813023183172,0.4689071453176135
4,100,20260813,1300,Matched HVGs,logreg,Matched HVGs plus Logistic Regression,0.2638933658599853,0.9109067393990372,0.9064844645289628,0.9444698765675904,0.0276321351074117,0.027549981503977,0.0092533369100135,0.1424450359464676,0.278541602259121
4,100,20260813,1300,Matched HVGs,xgboost,Matched HVGs plus XGBoost,2.141884088516236,0.874602751082137,0.897814006789336,0.9318625284571233,0.0209620157877389,0.0201272608983773,0.010202972968171,0.1562872430994184,0.3068954136486564
4,100,20260814,1300,scGPT embeddings,logreg,scGPT embeddings plus Logistic Regression,0.1269209384918213,0.8212466081539146,0.8239853834677506,0.8920282769651494,0.436226273628088,0.4362262736280881,0.0708477452895692,0.4893927834425448,1.0679556817662468
4,100,20260814,1300,scGPT embeddings,xgboost,scGPT embeddings plus XGBoost,1.5964925289154053,0.8277289471740181,0.850764340850613,0.9085174598979584,0.0425921684748053,0.0428464310823231,0.014096226181551,0.2245825676310094,0.4539923683189123
4,100,20260814,1300,Matched HVGs,logreg,Matched HVGs plus Logistic Regression,0.2638511657714844,0.919309358796286,0.9089277606002292,0.9447544663268684,0.0259970142046795,0.0254358620546602,0.0083629337301127,0.1390299262969752,0.2761866242541672
4,100,20260814,1300,Matched HVGs,xgboost,Matched HVGs plus XGBoost,2.185691595077514,0.883536767613463,0.9007870440441956,0.9288781293014962,0.0183817020295251,0.0181255513919085,0.0095535261005668,0.1520963849724795,0.3059165855041008
4,100,20260815,1300,scGPT embeddings,logreg,scGPT embeddings plus Logistic Regression,0.1210637092590332,0.8177385613748844,0.8141148997816169,0.8881037509369902,0.4267996447352659,0.4267996447352658,0.0712995111944141,0.4914502926431286,1.0722565664709738
4,100,20260815,1300,scGPT embeddings,xgboost,scGPT embeddings plus XGBoost,1.6119918823242188,0.8053067402227332,0.8442560920236113,0.908632613734009,0.0527923635853753,0.0521518569432777,0.0154408335901221,0.2373009804559735,0.4892103756390292
4,100,20260815,1300,Matched HVGs,logreg,Matched HVGs plus Logistic Regression,0.2627468109130859,0.911550196940521,0.9049384851564358,0.941006000222014,0.0311839706155692,0.0305404368779244,0.0088915213968239,0.144790023804442,0.2796501824112238
4,100,20260815,1300,Matched HVGs,xgboost,Matched HVGs plus XGBoost,2.236128330230713,0.8619687572455347,0.9018032822331292,0.9274754628399106,0.0178047357310871,0.0176942290053263,0.0087650801670209,0.1509127713910726,0.2987858906558803
4,250,20260811,3250,scGPT embeddings,logreg,scGPT embeddings plus Logistic Regression,0.2149827480316162,0.8540568981724612,0.8486778092499297,0.9090237863335722,0.3244198636953725,0.3244198636953725,0.05447806144834,0.3570159634296102,0.7660384019003106
4,250,20260811,3250,scGPT embeddings,xgboost,scGPT embeddings plus XGBoost,2.048783540725708,0.8555209116765768,0.869683668836083,0.9232775842521966,0.0511554113127519,0.0493946472181428,0.0128329516060866,0.2010688505644542,0.4069734934809568
4,250,20260811,3250,Matched HVGs,logreg,Matched HVGs plus Logistic Regression,0.4727559089660644,0.9149121691380028,0.9192955523362668,0.9523029353694654,0.0373292154298168,0.0371194220429013,0.0079195059186957,0.1269612014190086,0.2704348696285049
4,250,20260811,3250,Matched HVGs,xgboost,Matched HVGs plus XGBoost,2.758720874786377,0.8977867407604848,0.9167549568639322,0.945522922838652,0.0283446589480921,0.0257577078046043,0.0073882891047671,0.1303478827235326,0.2591806863283281
4,250,20260812,3250,scGPT embeddings,logreg,scGPT embeddings plus Logistic Regression,0.179060697555542,0.858544802469764,0.8567969037168371,0.9108392367627188,0.3356881132881735,0.3356881132881735,0.054873693536764,0.3561809987428389,0.7668732582954684
4,250,20260812,3250,scGPT embeddings,xgboost,scGPT embeddings plus XGBoost,2.0605101585388184,0.8516708715734098,0.8731107699625937,0.924984640684748,0.0477984340483641,0.0452738642417795,0.0120974740956722,0.1940716350513252,0.3923263048228849
4,250,20260812,3250,Matched HVGs,logreg,Matched HVGs plus Logistic Regression,0.5035486221313477,0.9149360525928388,0.9163441371705334,0.9509847034052652,0.0398747311630468,0.0398747311630469,0.0083152116855188,0.1323411773566384,0.2874396167716291
4,250,20260812,3250,Matched HVGs,xgboost,Matched HVGs plus XGBoost,2.703843355178833,0.9020334267518538,0.9167657679084952,0.9458593524065292,0.0231991754006494,0.0206552271401499,0.0072743791232258,0.1287494519715207,0.2498737848430992
4,250,20260813,3250,scGPT embeddings,logreg,scGPT embeddings plus Logistic Regression,0.188096284866333,0.8575450921599214,0.8589158684512097,0.910183398381754,0.3375145847266976,0.3375145847266976,0.0547695581646448,0.354752679101961,0.7656025502537793
4,250,20260813,3250,scGPT embeddings,xgboost,scGPT embeddings plus XGBoost,2.098438501358032,0.8563150199290057,0.8752946009643452,0.92541540342546,0.046072324744387,0.0431205544058069,0.0113379404163702,0.1913138398188569,0.3857660850271202
4,250,20260813,3250,Matched HVGs,logreg,Matched HVGs plus Logistic Regression,0.4723477363586426,0.9158682441684276,0.9176522735626716,0.9530190187964268,0.0385460304838346,0.0384951637575532,0.008316785400633,0.1305730058028522,0.2830845906144515
4,250,20260813,3250,Matched HVGs,xgboost,Matched HVGs plus XGBoost,2.763254165649414,0.8968719482250495,0.9132738005146056,0.944893709613172,0.0286264734338688,0.0273518613242664,0.0076234996937515,0.1352881942591547,0.2698145226373996
4,250,20260814,3250,scGPT embeddings,logreg,scGPT embeddings plus Logistic Regression,0.162184476852417,0.8540565819440313,0.8487859196955609,0.9072418343259252,0.3248422078421336,0.3248422078421337,0.0542404066194478,0.3574213019358764,0.7660271525412512
4,250,20260814,3250,scGPT embeddings,xgboost,scGPT embeddings plus XGBoost,2.1387412548065186,0.8506964049550128,0.864526800579472,0.9208571458123926,0.0561437069452272,0.0543913369003205,0.013491502462649,0.2086980378856847,0.418591671517795
4,250,20260814,3250,Matched HVGs,logreg,Matched HVGs plus Logistic Regression,0.5047092437744141,0.9161479206310076,0.9146251810849964,0.9483173573207708,0.0430576652475571,0.042918413094097,0.0086616115132789,0.1359632033631422,0.2991377359610314
4,250,20260814,3250,Matched HVGs,xgboost,Matched HVGs plus XGBoost,2.7316701412200928,0.9007097648343012,0.9156630413630564,0.9438970149213556,0.02586180738236,0.0245905204544145,0.0075245578921422,0.1310615789513509,0.2583285113676276
4,250,20260815,3250,scGPT embeddings,logreg,scGPT embeddings plus Logistic Regression,0.212869644165039,0.8572012420609769,0.8507859629397393,0.90817757531137,0.3284862043592014,0.3284862043592014,0.0542040611303414,0.357072008715403,0.7673433500113812
4,250,20260815,3250,scGPT embeddings,xgboost,scGPT embeddings plus XGBoost,1.9743499755859373,0.8589335944777591,0.8721161538627862,0.9228914448467856,0.0473143206216968,0.0450049514249968,0.0118918209007432,0.1955446912212889,0.3914394975619455
4,250,20260815,3250,Matched HVGs,logreg,Matched HVGs plus Logistic Regression,0.4647419452667236,0.9154568083245416,0.913468399316742,0.9484456487388504,0.0427050470286151,0.0426714427190746,0.008481080172839,0.1365614581304579,0.2965765234525875
4,250,20260815,3250,Matched HVGs,xgboost,Matched HVGs plus XGBoost,2.7201478481292725,0.9058130668592452,0.9181495816125754,0.9425815443423922,0.0233907888442815,0.0229062228241845,0.0063022995723324,0.1265028290639919,0.248515192050394
4,500,20260811,6500,scGPT embeddings,logreg,scGPT embeddings plus Logistic Regression,0.2584118843078613,0.8707698724706763,0.8680403900624878,0.9206030421219672,0.2555128715382132,0.2555128715382131,0.043059473730317,0.2841743413131299,0.6067885386033185
4,500,20260811,6500,scGPT embeddings,xgboost,scGPT embeddings plus XGBoost,2.598753929138184,0.8775594222232613,0.8823974572423188,0.9321633549055393,0.0492789129469334,0.04854311349733,0.0109725722086568,0.1813449545959314,0.3608600360932801
4,500,20260811,6500,Matched HVGs,logreg,Matched HVGs plus Logistic Regression,1.2653071880340576,0.9135534337306622,0.9192414971134512,0.9522535181713728,0.0470042171414918,0.0470042171414918,0.0086763751015849,0.1315107965053602,0.3146412049168656
4,500,20260811,6500,Matched HVGs,xgboost,Matched HVGs plus XGBoost,3.4109394550323486,0.9131326852093736,0.922744275551904,0.9517291724892952,0.0301888999842789,0.0300155153749832,0.0064412323132319,0.119561383631419,0.2328267436107806
4,500,20260812,6500,scGPT embeddings,logreg,scGPT embeddings plus Logistic Regression,0.3510630130767822,0.8712420094680451,0.8661808903976302,0.9192280601830178,0.2467393052391376,0.2467393052391376,0.0421268494290632,0.2795410866453057,0.5969097249360847
4,500,20260812,6500,scGPT embeddings,xgboost,scGPT embeddings plus XGBoost,2.612175464630127,0.8774990119845463,0.8840083028822244,0.9326871089728076,0.0496340222897866,0.049039350962272,0.0111890307192732,0.1801816182626723,0.3614772705281835
4,500,20260812,6500,Matched HVGs,logreg,Matched HVGs plus Logistic Regression,1.1202690601348877,0.9220194849093104,0.91982529351986,0.9544160763222288,0.0474893806996839,0.0474893806996837,0.0086095982346375,0.1302492877433129,0.3064349909108877
4,500,20260812,6500,Matched HVGs,xgboost,Matched HVGs plus XGBoost,3.341571569442749,0.9125725275804324,0.9212307293130664,0.9499503311125188,0.0332939615059337,0.03322524071093,0.0069140686906093,0.1224726637043875,0.2411274633530165
4,500,20260813,6500,scGPT embeddings,logreg,scGPT embeddings plus Logistic Regression,0.3414161205291748,0.8722622865621961,0.8719107440160868,0.9192343316369714,0.25750135974194,0.2575013597419399,0.042917227835622,0.2804109321713481,0.6006897230401594
4,500,20260813,6500,scGPT embeddings,xgboost,scGPT embeddings plus XGBoost,2.533390045166016,0.8794170067942765,0.8891003048714566,0.9326735818106098,0.0438350909424422,0.0434375358953424,0.0099792976748725,0.17225884464123,0.3459972157991428
4,500,20260813,6500,Matched HVGs,logreg,Matched HVGs plus Logistic Regression,1.163184404373169,0.9149437771366956,0.9182360699690804,0.9536080285581444,0.0485730726683335,0.0485223991242209,0.0088938082537714,0.1326840324224617,0.31795311065425
4,500,20260813,6500,Matched HVGs,xgboost,Matched HVGs plus XGBoost,3.3991012573242188,0.91110871455218,0.9230902289779238,0.9525375119683528,0.0292316239574534,0.0290562136985893,0.0064233077461353,0.1193753095332232,0.2316936160473898
4,500,20260814,6500,scGPT embeddings,logreg,scGPT embeddings plus Logistic Regression,0.3267757892608642,0.8677294716985546,0.8618456615278168,0.9168374017523532,0.2461021413822238,0.2461021413822239,0.0425239129710458,0.2855569115522932,0.6063345662851464
4,500,20260814,6500,scGPT embeddings,xgboost,scGPT embeddings plus XGBoost,2.681117296218872,0.8749148097214688,0.8852083288287315,0.9339161576221524,0.0466860923787993,0.0459315172477002,0.0107461133939506,0.1775955471625752,0.3539803769835218
4,500,20260814,6500,Matched HVGs,logreg,Matched HVGs plus Logistic Regression,1.0343480110168457,0.917301390035986,0.9200847585893748,0.954557802572562,0.0476308196366264,0.0476308196366265,0.0086657147825253,0.1308017875945229,0.3158967330976894
4,500,20260814,6500,Matched HVGs,xgboost,Matched HVGs plus XGBoost,3.5073556900024414,0.9072714117499004,0.9230686068887975,0.9513713175171582,0.0306335077272862,0.0304959573148507,0.0064905519099261,0.1201495653726468,0.2378641898854984
4,500,20260815,6500,scGPT embeddings,logreg,scGPT embeddings plus Logistic Regression,0.3081216812133789,0.8709977154795433,0.868483642889576,0.9195137560968673,0.2525461454457525,0.2525461454457526,0.0427268769527089,0.2812259471476718,0.601061629450443
4,500,20260815,6500,scGPT embeddings,xgboost,scGPT embeddings plus XGBoost,2.626995086669922,0.8728853205588791,0.8854677938982465,0.9321184708731668,0.0488359706506215,0.0481054877351899,0.0106788855392867,0.177497896933366,0.3566178070935293
4,500,20260815,6500,Matched HVGs,logreg,Matched HVGs plus Logistic Regression,1.0639302730560305,0.9204546396908816,0.9215226275162708,0.9547126972836188,0.0470518123651457,0.0470518123651458,0.0084214920455926,0.1284262163299745,0.3116104950089216
4,500,20260815,6500,Matched HVGs,xgboost,Matched HVGs plus XGBoost,3.3997960090637207,0.9116723584718572,0.9268092283076392,0.95426977969779,0.026366923446656,0.0262379417495333,0.0057033699887011,0.1134356731182215,0.2206312006810759
